Country,Continent,ISO_Code,Level,GDLCODE,Region,"1990","1991","1992","1993","1994","1995","1996","1997","1998","1999","2000","2001","2002","2003","2004","2005","2006","2007","2008","2009","2010","2011","2012","2013","2014","2015","2016","2017","2018","2019","2020","2021","2022"
"Afghanistan","Asia/Pacific","AFG","National","AFGt","Total",0.016,0.021,0.019,0.014,0.017,0.016,0.015,0.017,0.017,0.014,0.009,0.010,0.013,0.015,0.013,0.015,0.015,0.014,0.012,0.017,0.015,0.015,0.016,0.015,0.015,0.017,0.014,0.014,0.013,0.018,0.017,0.010,0.014
"Afghanistan","Asia/Pacific","AFG","Subnat","AFGr101","Central (Kabul, Wardak, Kapisa, Logar, Parwan, Panjsher)",0.014,0.020,0.018,0.012,0.016,0.015,0.014,0.018,0.016,0.013,0.008,0.009,0.013,0.014,0.012,0.015,0.015,0.014,0.012,0.018,0.015,0.014,0.017,0.016,0.015,0.017,0.014,0.013,0.013,0.019,0.017,0.011,0.014
"Afghanistan","Asia/Pacific","AFG","Subnat","AFGr102","Central Highlands (Bamyan, Daikundi)",0.014,0.019,0.016,0.011,0.014,0.012,0.012,0.015,0.014,0.011,0.007,0.006,0.011,0.012,0.011,0.012,0.014,0.012,0.010,0.016,0.012,0.013,0.015,0.011,0.013,0.015,0.012,0.013,0.011,0.016,0.015,0.008,0.010
"Afghanistan","Asia/Pacific","AFG","Subnat","AFGr103","East (Nangarhar, Kunar, Laghman, Nooristan)",0.030,0.036,0.037,0.027,0.035,0.034,0.030,0.034,0.031,0.029,0.020,0.024,0.026,0.031,0.025,0.030,0.033,0.028,0.027,0.030,0.033,0.029,0.031,0.032,0.030,0.035,0.026,0.027,0.026,0.032,0.033,0.023,0.029
"Afghanistan","Asia/Pacific","AFG","Subnat","AFGr104","North (Samangan, Sar-e-Pul, Balkh, Jawzjan, Faryab)",0.013,0.018,0.015,0.015,0.013,0.012,0.012,0.013,0.015,0.013,0.008,0.007,0.013,0.016,0.013,0.012,0.012,0.011,0.008,0.016,0.012,0.012,0.014,0.012,0.013,0.015,0.011,0.011,0.011,0.014,0.014,0.008,0.011
"Afghanistan","Asia/Pacific","AFG","Subnat","AFGr105","North East (Baghlan, Takhar, Badakhshan, Kunduz)",0.019,0.026,0.023,0.023,0.022,0.019,0.021,0.018,0.024,0.023,0.016,0.015,0.021,0.023,0.022,0.019,0.018,0.018,0.016,0.024,0.023,0.018,0.020,0.017,0.019,0.023,0.019,0.018,0.019,0.019,0.019,0.016,0.019
"Afghanistan","Asia/Pacific","AFG","Subnat","AFGr106","South (Uruzgan, Helmand, Zabul, Nimroz, Kandahar)",0.008,0.011,0.010,0.004,0.006,0.006,0.006,0.008,0.007,0.005,0.002,0.002,0.003,0.004,0.004,0.008,0.005,0.007,0.005,0.007,0.004,0.007,0.006,0.005,0.005,0.005,0.004,0.005,0.003,0.009,0.008,0.001,0.005
"Afghanistan","Asia/Pacific","AFG","Subnat","AFGr107","South East (Ghazni, Paktya, Paktika, Khost)",0.015,0.020,0.018,0.011,0.017,0.016,0.012,0.018,0.015,0.011,0.009,0.009,0.010,0.013,0.011,0.017,0.015,0.016,0.013,0.016,0.015,0.014,0.017,0.017,0.015,0.016,0.014,0.013,0.011,0.020,0.018,0.009,0.015
"Afghanistan","Asia/Pacific","AFG","Subnat","AFGr108","West (Ghor, Herat, Badghis, Farah)",0.011,0.016,0.015,0.011,0.009,0.010,0.011,0.012,0.011,0.010,0.006,0.004,0.009,0.009,0.007,0.010,0.010,0.009,0.007,0.012,0.008,0.010,0.011,0.008,0.009,0.011,0.008,0.009,0.007,0.013,0.011,0.004,0.007
"Albania","Europe","ALB","National","ALBt","Total",0.032,0.038,0.032,0.036,0.030,0.046,0.050,0.032,0.042,0.043,0.032,0.039,0.041,0.038,0.050,0.049,0.036,0.036,0.037,0.050,0.063,0.028,0.046,0.046,0.046,0.038,0.051,0.038,0.051,0.042,0.038,0.051,0.041
"Albania","Europe","ALB","Subnat","ALBr201"," Berat",0.024,0.032,0.027,0.031,0.025,0.035,0.041,0.024,0.033,0.033,0.025,0.030,0.037,0.030,0.037,0.041,0.030,0.029,0.028,0.042,0.052,0.026,0.039,0.036,0.039,0.036,0.040,0.031,0.048,0.034,0.030,0.043,0.030
"Albania","Europe","ALB","Subnat","ALBr202"," Diber",0.035,0.040,0.035,0.036,0.032,0.052,0.050,0.034,0.046,0.048,0.034,0.042,0.043,0.042,0.055,0.052,0.040,0.037,0.039,0.054,0.064,0.030,0.045,0.047,0.047,0.039,0.053,0.042,0.053,0.041,0.040,0.055,0.044
"Albania","Europe","ALB","Subnat","ALBr203"," Durres",0.035,0.041,0.032,0.039,0.030,0.047,0.051,0.032,0.045,0.043,0.034,0.041,0.042,0.038,0.053,0.053,0.037,0.037,0.040,0.053,0.067,0.029,0.052,0.052,0.051,0.035,0.056,0.041,0.050,0.045,0.041,0.051,0.044
"Albania","Europe","ALB","Subnat","ALBr204"," Elbasan",0.026,0.033,0.028,0.031,0.025,0.039,0.042,0.028,0.037,0.036,0.027,0.034,0.036,0.033,0.042,0.044,0.032,0.030,0.030,0.042,0.056,0.026,0.038,0.037,0.040,0.034,0.043,0.032,0.048,0.035,0.032,0.046,0.033
"Albania","Europe","ALB","Subnat","ALBr205"," Fier",0.023,0.031,0.025,0.031,0.023,0.034,0.038,0.024,0.031,0.032,0.024,0.028,0.037,0.028,0.036,0.041,0.029,0.028,0.030,0.042,0.049,0.024,0.040,0.037,0.039,0.032,0.041,0.029,0.041,0.036,0.030,0.038,0.029
"Albania","Europe","ALB","Subnat","ALBr206"," Gjirokaster",0.030,0.041,0.033,0.037,0.033,0.042,0.054,0.031,0.040,0.044,0.032,0.036,0.045,0.041,0.048,0.052,0.036,0.036,0.036,0.052,0.069,0.030,0.050,0.050,0.048,0.047,0.052,0.041,0.056,0.043,0.037,0.056,0.040
"Albania","Europe","ALB","Subnat","ALBr207"," Korce",0.022,0.028,0.025,0.025,0.023,0.032,0.036,0.023,0.030,0.029,0.021,0.026,0.030,0.030,0.033,0.036,0.027,0.026,0.024,0.037,0.046,0.022,0.032,0.031,0.033,0.031,0.036,0.027,0.041,0.029,0.026,0.040,0.029
"Albania","Europe","ALB","Subnat","ALBr208"," Kukes",0.037,0.040,0.037,0.039,0.036,0.055,0.055,0.041,0.048,0.053,0.038,0.048,0.043,0.046,0.060,0.054,0.042,0.043,0.041,0.054,0.064,0.032,0.045,0.047,0.049,0.040,0.057,0.045,0.054,0.045,0.045,0.057,0.048
"Albania","Europe","ALB","Subnat","ALBr209"," Lezhe",0.038,0.043,0.037,0.039,0.034,0.055,0.055,0.035,0.050,0.050,0.037,0.045,0.043,0.043,0.060,0.053,0.041,0.039,0.042,0.054,0.071,0.028,0.050,0.053,0.051,0.037,0.060,0.043,0.051,0.045,0.044,0.054,0.049
"Albania","Europe","ALB","Subnat","ALBr210"," Shkoder",0.049,0.053,0.048,0.049,0.044,0.070,0.073,0.046,0.060,0.063,0.051,0.061,0.053,0.054,0.075,0.065,0.050,0.051,0.052,0.065,0.090,0.035,0.059,0.067,0.062,0.044,0.074,0.053,0.064,0.059,0.056,0.068,0.063
"Albania","Europe","ALB","Subnat","ALBr211"," Tirana",0.031,0.038,0.031,0.037,0.027,0.043,0.046,0.030,0.041,0.041,0.031,0.038,0.039,0.036,0.047,0.049,0.035,0.033,0.036,0.047,0.062,0.028,0.046,0.045,0.044,0.034,0.050,0.037,0.049,0.039,0.037,0.048,0.039
"Albania","Europe","ALB","Subnat","ALBr212"," Vlore",0.031,0.041,0.032,0.039,0.032,0.044,0.053,0.031,0.040,0.044,0.034,0.036,0.050,0.041,0.048,0.053,0.037,0.038,0.040,0.057,0.068,0.030,0.052,0.055,0.052,0.048,0.051,0.041,0.054,0.049,0.038,0.056,0.041
"Algeria","Africa","DZA","National","DZAt","Total",0.012,0.012,0.012,0.009,0.009,0.010,0.014,0.011,0.010,0.011,0.007,0.009,0.010,0.015,0.013,0.010,0.011,0.012,0.012,0.013,0.012,0.014,0.012,0.013,0.012,0.010,0.010,0.009,0.015,0.012,0.009,0.008,0.008
"Algeria","Africa","DZA","Subnat","DZAr104","Hauts Plateaux Centre (Djelfa, Laghouat, MSila)",0.009,0.009,0.007,0.005,0.007,0.006,0.009,0.009,0.005,0.009,0.003,0.005,0.005,0.009,0.008,0.006,0.009,0.008,0.008,0.008,0.006,0.010,0.006,0.007,0.007,0.007,0.006,0.005,0.009,0.007,0.005,0.005,0.005
"Algeria","Africa","DZA","Subnat","DZAr105","Hauts Plateaux Est (Setif, Batna, Khenchela, Bordj Bou Arreridj, Oum El Bouaghi, Tebessa)",0.016,0.013,0.015,0.009,0.009,0.012,0.015,0.012,0.012,0.012,0.008,0.009,0.012,0.018,0.017,0.012,0.013,0.013,0.012,0.015,0.012,0.015,0.011,0.013,0.012,0.011,0.011,0.010,0.016,0.015,0.011,0.009,0.008
"Algeria","Africa","DZA","Subnat","DZAr106","Hauts Plateaux Ouest (Tiaret, Saida, Tissemsilt, Naama, El Bayadh)",0.007,0.010,0.005,0.005,0.007,0.005,0.008,0.007,0.004,0.007,0.003,0.004,0.004,0.007,0.006,0.005,0.007,0.006,0.009,0.008,0.006,0.009,0.009,0.006,0.008,0.006,0.006,0.004,0.008,0.005,0.005,0.004,0.005
"Algeria","Africa","DZA","Subnat","DZAr101","Nord Centre (Alger, Blida, Boumerdes, Tipaza, Bouira, Medea, Tizi-Ouzou, Bejaia, Chlef, Ain Defla)",0.017,0.017,0.020,0.014,0.015,0.015,0.021,0.016,0.017,0.018,0.010,0.015,0.015,0.024,0.019,0.015,0.016,0.022,0.018,0.019,0.021,0.021,0.019,0.025,0.020,0.016,0.018,0.015,0.026,0.017,0.014,0.015,0.015
"Algeria","Africa","DZA","Subnat","DZAr102","Nord Est (Annaba, Constantine, Skikda, Jijel, Mila, Souk Ahras, El Tarf, Guelma)",0.022,0.022,0.024,0.015,0.015,0.020,0.025,0.020,0.022,0.019,0.015,0.016,0.020,0.030,0.029,0.023,0.019,0.024,0.018,0.026,0.022,0.026,0.019,0.025,0.022,0.020,0.018,0.018,0.025,0.026,0.019,0.016,0.014
"Algeria","Africa","DZA","Subnat","DZAr103","Nord Ouest (Oran, Tlemcen, Mostaganem, Ain Temouchent, Relizane, Sidi Bel Abbes, Mascara)",0.013,0.014,0.013,0.012,0.011,0.011,0.016,0.013,0.008,0.013,0.008,0.013,0.010,0.016,0.013,0.008,0.013,0.014,0.016,0.015,0.017,0.015,0.017,0.017,0.016,0.013,0.013,0.011,0.018,0.012,0.010,0.010,0.010
"Algeria","Africa","DZA","Subnat","DZAr107","Sud (Bechar, Tindouf, Adrar, Ghardaia, Biskra, El Oued, Ouargla, Tamanrasset,Illizi)",0.001,0.001,0.001,0.001,0.001,0.001,0.001,0.001,0.001,0.001,0.001,0.000,0.001,0.001,0.001,0.001,0.001,0.001,0.001,0.001,0.001,0.001,0.001,0.001,0.001,0.001,0.001,0.001,0.001,0.001,0.001,0.001,0.000
"Andorra","Europe","AND","National","ANDt","Total",0.030,0.029,0.037,0.029,0.028,0.032,0.041,0.030,0.030,0.031,0.028,0.027,0.037,0.037,0.029,0.032,0.026,0.027,0.038,0.033,0.033,0.030,0.029,0.041,0.037,0.030,0.030,0.032,0.043,0.032,0.037,0.031,0.029
"Angola","Africa","AGO","National","AGOt","Total",0.037,0.035,0.035,0.037,0.036,0.038,0.032,0.035,0.038,0.041,0.034,0.036,0.041,0.038,0.037,0.038,0.039,0.038,0.035,0.037,0.037,0.039,0.032,0.034,0.035,0.038,0.040,0.033,0.038,0.037,0.037,0.032,0.032
"Angola","Africa","AGO","Subnat","AGOr218"," Bengo",0.017,0.021,0.020,0.017,0.030,0.026,0.023,0.019,0.024,0.032,0.022,0.021,0.028,0.027,0.024,0.031,0.023,0.034,0.024,0.026,0.024,0.025,0.020,0.022,0.025,0.034,0.036,0.024,0.031,0.029,0.026,0.026,0.019
"Angola","Africa","AGO","Subnat","AGOr209"," Benguela",0.031,0.026,0.029,0.033,0.033,0.031,0.023,0.028,0.028,0.036,0.027,0.033,0.037,0.039,0.034,0.035,0.036,0.035,0.029,0.023,0.031,0.032,0.024,0.030,0.033,0.036,0.044,0.024,0.037,0.040,0.034,0.022,0.025
"Angola","Africa","AGO","Subnat","AGOr211"," Bie",0.053,0.042,0.046,0.051,0.038,0.045,0.044,0.042,0.050,0.048,0.041,0.050,0.048,0.049,0.048,0.045,0.045,0.043,0.041,0.046,0.048,0.046,0.043,0.042,0.046,0.046,0.045,0.040,0.045,0.043,0.046,0.033,0.043
"Angola","Africa","AGO","Subnat","AGOr201"," Cabinda",0.042,0.044,0.044,0.044,0.049,0.054,0.040,0.041,0.054,0.059,0.051,0.040,0.051,0.055,0.046,0.045,0.052,0.060,0.043,0.053,0.047,0.052,0.044,0.048,0.049,0.051,0.051,0.045,0.055,0.059,0.056,0.051,0.046
"Angola","Africa","AGO","Subnat","AGOr216"," Cunene",0.027,0.026,0.016,0.022,0.018,0.021,0.016,0.025,0.020,0.025,0.016,0.026,0.025,0.025,0.022,0.023,0.028,0.016,0.035,0.027,0.032,0.037,0.027,0.018,0.023,0.018,0.023,0.024,0.024,0.019,0.025,0.015,0.019
"Angola","Africa","AGO","Subnat","AGOr210"," Huambo",0.056,0.041,0.050,0.052,0.041,0.046,0.045,0.043,0.051,0.048,0.040,0.051,0.050,0.054,0.053,0.049,0.049,0.047,0.041,0.045,0.047,0.045,0.044,0.044,0.048,0.050,0.051,0.037,0.046,0.052,0.043,0.034,0.042
"Angola","Africa","AGO","Subnat","AGOr215"," Huila",0.038,0.031,0.029,0.034,0.028,0.034,0.026,0.033,0.033,0.038,0.027,0.035,0.041,0.040,0.035,0.034,0.039,0.029,0.038,0.031,0.038,0.042,0.031,0.030,0.033,0.029,0.039,0.030,0.035,0.033,0.035,0.020,0.026
"Angola","Africa","AGO","Subnat","AGOr213"," Kuando Kubango",0.032,0.030,0.022,0.033,0.023,0.024,0.023,0.029,0.028,0.030,0.027,0.032,0.027,0.028,0.031,0.028,0.035,0.025,0.040,0.031,0.039,0.039,0.033,0.031,0.030,0.020,0.030,0.032,0.031,0.021,0.039,0.028,0.030
"Angola","Africa","AGO","Subnat","AGOr205"," Kuanza Norte",0.040,0.039,0.041,0.035,0.049,0.045,0.035,0.038,0.041,0.049,0.036,0.034,0.048,0.040,0.043,0.053,0.041,0.047,0.037,0.043,0.037,0.039,0.033,0.040,0.041,0.048,0.051,0.039,0.047,0.045,0.039,0.045,0.037
"Angola","Africa","AGO","Subnat","AGOr206"," Kuanza Sul",0.041,0.038,0.041,0.040,0.044,0.042,0.034,0.039,0.040,0.041,0.033,0.037,0.045,0.040,0.042,0.043,0.042,0.041,0.034,0.035,0.038,0.036,0.035,0.035,0.038,0.048,0.045,0.032,0.041,0.041,0.035,0.034,0.034
"Angola","Africa","AGO","Subnat","AGOr204"," Luanda",0.008,0.012,0.013,0.010,0.019,0.018,0.018,0.012,0.015,0.025,0.016,0.015,0.018,0.018,0.014,0.021,0.014,0.025,0.016,0.017,0.016,0.018,0.014,0.014,0.015,0.025,0.024,0.015,0.021,0.019,0.018,0.014,0.011
"Angola","Africa","AGO","Subnat","AGOr208"," Lunda Norte",0.057,0.056,0.061,0.057,0.056,0.056,0.051,0.058,0.057,0.054,0.049,0.052,0.059,0.046,0.049,0.048,0.054,0.046,0.042,0.051,0.046,0.046,0.043,0.044,0.043,0.048,0.045,0.044,0.045,0.046,0.047,0.043,0.046
"Angola","Africa","AGO","Subnat","AGOr217"," Lunda Sul",0.051,0.047,0.050,0.054,0.047,0.049,0.048,0.049,0.053,0.049,0.047,0.054,0.053,0.046,0.047,0.045,0.048,0.045,0.040,0.049,0.046,0.045,0.042,0.045,0.044,0.048,0.045,0.043,0.043,0.044,0.049,0.042,0.048
"Angola","Africa","AGO","Subnat","AGOr207"," Malange",0.046,0.044,0.046,0.043,0.043,0.046,0.038,0.043,0.045,0.045,0.037,0.037,0.048,0.036,0.042,0.040,0.042,0.039,0.035,0.041,0.039,0.039,0.033,0.036,0.037,0.043,0.039,0.036,0.040,0.039,0.038,0.035,0.036
"Angola","Africa","AGO","Subnat","AGOr212"," Moxico",0.044,0.040,0.036,0.048,0.037,0.036,0.038,0.041,0.044,0.043,0.042,0.047,0.041,0.043,0.041,0.038,0.044,0.042,0.041,0.042,0.048,0.046,0.041,0.044,0.043,0.039,0.041,0.042,0.039,0.037,0.052,0.037,0.046
"Angola","Africa","AGO","Subnat","AGOr214"," Namibe",0.012,0.012,0.011,0.013,0.011,0.015,0.007,0.011,0.009,0.016,0.010,0.016,0.018,0.012,0.009,0.014,0.017,0.012,0.021,0.010,0.011,0.020,0.010,0.010,0.011,0.010,0.015,0.011,0.014,0.010,0.011,0.007,0.007
"Angola","Africa","AGO","Subnat","AGOr203"," Uige",0.049,0.049,0.050,0.045,0.049,0.050,0.045,0.047,0.050,0.053,0.045,0.036,0.056,0.042,0.046,0.050,0.049,0.047,0.042,0.050,0.041,0.047,0.038,0.044,0.042,0.047,0.047,0.042,0.047,0.050,0.043,0.045,0.038
"Angola","Africa","AGO","Subnat","AGOr202"," Zaire",0.030,0.033,0.031,0.034,0.040,0.042,0.031,0.031,0.041,0.046,0.038,0.029,0.041,0.041,0.038,0.039,0.036,0.045,0.034,0.043,0.033,0.039,0.028,0.035,0.035,0.042,0.044,0.033,0.042,0.046,0.039,0.038,0.030
"Antigua and Barbuda","America","ATG","National","ATGt","Total",0.031,0.022,0.026,0.026,0.020,0.036,0.033,0.024,0.038,0.040,0.024,0.022,0.024,0.029,0.044,0.041,0.033,0.031,0.031,0.029,0.042,0.043,0.034,0.032,0.030,0.022,0.034,0.034,0.024,0.024,0.029,0.021,0.028
"Argentina","America","ARG","National","ARGt","Total",0.032,0.034,0.034,0.030,0.030,0.024,0.030,0.032,0.031,0.030,0.034,0.033,0.034,0.027,0.026,0.026,0.026,0.028,0.024,0.024,0.025,0.024,0.027,0.022,0.031,0.030,0.029,0.029,0.026,0.024,0.020,0.021,0.019
"Argentina","America","ARG","Subnat","ARGr104","Cuyo",0.021,0.027,0.027,0.020,0.022,0.019,0.020,0.029,0.023,0.027,0.026,0.025,0.024,0.013,0.022,0.020,0.017,0.021,0.021,0.015,0.015,0.016,0.018,0.015,0.020,0.024,0.025,0.020,0.016,0.013,0.012,0.017,0.013
"Argentina","America","ARG","Subnat","ARGr101","Gran Buenos Aires",0.033,0.032,0.032,0.035,0.027,0.022,0.032,0.032,0.027,0.027,0.031,0.039,0.037,0.029,0.028,0.024,0.027,0.030,0.022,0.022,0.026,0.023,0.036,0.021,0.034,0.025,0.027,0.032,0.028,0.022,0.024,0.024,0.021
"Argentina","America","ARG","Subnat","ARGr103","NEA",0.055,0.052,0.052,0.048,0.052,0.042,0.056,0.050,0.063,0.043,0.055,0.049,0.056,0.048,0.036,0.041,0.041,0.046,0.036,0.040,0.044,0.041,0.037,0.039,0.051,0.055,0.047,0.048,0.042,0.044,0.028,0.031,0.028
"Argentina","America","ARG","Subnat","ARGr102","NOA",0.035,0.040,0.038,0.029,0.031,0.026,0.031,0.031,0.030,0.033,0.035,0.033,0.030,0.027,0.027,0.028,0.029,0.029,0.030,0.025,0.025,0.028,0.024,0.020,0.029,0.029,0.029,0.028,0.029,0.025,0.022,0.023,0.018
"Argentina","America","ARG","Subnat","ARGr105","Pampeana",0.037,0.038,0.037,0.034,0.030,0.024,0.031,0.034,0.034,0.034,0.039,0.039,0.039,0.029,0.027,0.027,0.027,0.031,0.020,0.025,0.027,0.023,0.033,0.023,0.034,0.031,0.033,0.031,0.026,0.029,0.020,0.022,0.017
"Argentina","America","ARG","Subnat","ARGr106","Patagonia",0.014,0.015,0.017,0.015,0.015,0.014,0.012,0.019,0.012,0.015,0.017,0.017,0.017,0.014,0.015,0.015,0.017,0.012,0.014,0.014,0.014,0.013,0.015,0.014,0.017,0.014,0.013,0.017,0.015,0.013,0.014,0.012,0.015
"Armenia","Europe","ARM","National","ARMt","Total",0.025,0.025,0.026,0.026,0.028,0.023,0.023,0.025,0.023,0.026,0.020,0.024,0.030,0.028,0.025,0.028,0.025,0.029,0.023,0.030,0.028,0.028,0.026,0.025,0.025,0.028,0.030,0.021,0.028,0.022,0.025,0.023,0.021
"Armenia","Europe","ARM","Subnat","ARMr101","Aragatsotn",0.027,0.026,0.026,0.026,0.027,0.025,0.024,0.024,0.025,0.028,0.020,0.025,0.031,0.029,0.026,0.031,0.026,0.031,0.024,0.032,0.029,0.029,0.027,0.025,0.026,0.029,0.031,0.022,0.031,0.023,0.026,0.024,0.022
"Armenia","Europe","ARM","Subnat","ARMr102","Ararat",0.021,0.023,0.023,0.024,0.025,0.020,0.022,0.022,0.020,0.023,0.017,0.021,0.027,0.026,0.022,0.025,0.025,0.027,0.018,0.030,0.026,0.025,0.025,0.022,0.022,0.026,0.026,0.019,0.025,0.021,0.023,0.020,0.016
"Armenia","Europe","ARM","Subnat","ARMr103","Armavir",0.015,0.016,0.016,0.017,0.017,0.014,0.014,0.014,0.013,0.014,0.010,0.014,0.018,0.018,0.016,0.018,0.015,0.018,0.012,0.019,0.019,0.017,0.013,0.015,0.013,0.018,0.017,0.012,0.016,0.014,0.015,0.012,0.013
"Armenia","Europe","ARM","Subnat","ARMr104","Gegharkunik",0.032,0.033,0.032,0.032,0.036,0.029,0.029,0.032,0.028,0.034,0.027,0.031,0.037,0.037,0.033,0.035,0.032,0.037,0.032,0.039,0.034,0.036,0.033,0.034,0.031,0.033,0.039,0.027,0.035,0.028,0.032,0.029,0.026
"Armenia","Europe","ARM","Subnat","ARMr106","Kotayk",0.031,0.030,0.030,0.030,0.031,0.029,0.028,0.029,0.027,0.033,0.024,0.029,0.035,0.034,0.030,0.035,0.031,0.035,0.029,0.038,0.032,0.034,0.032,0.030,0.029,0.033,0.036,0.025,0.035,0.027,0.031,0.029,0.025
"Armenia","Europe","ARM","Subnat","ARMr105","Lori",0.034,0.030,0.032,0.034,0.034,0.031,0.031,0.033,0.030,0.035,0.026,0.029,0.039,0.033,0.032,0.038,0.030,0.037,0.032,0.035,0.034,0.036,0.034,0.032,0.035,0.036,0.040,0.030,0.036,0.028,0.031,0.031,0.028
"Armenia","Europe","ARM","Subnat","ARMr107","Shirak",0.028,0.026,0.026,0.027,0.027,0.025,0.025,0.025,0.026,0.029,0.021,0.025,0.031,0.030,0.027,0.032,0.027,0.032,0.024,0.032,0.030,0.030,0.026,0.025,0.028,0.031,0.032,0.023,0.032,0.023,0.026,0.026,0.023
"Armenia","Europe","ARM","Subnat","ARMr108","Syunik",0.027,0.028,0.030,0.032,0.032,0.026,0.026,0.029,0.026,0.028,0.026,0.026,0.032,0.034,0.030,0.027,0.025,0.030,0.028,0.033,0.032,0.033,0.029,0.031,0.028,0.031,0.036,0.026,0.028,0.026,0.027,0.022,0.024
"Armenia","Europe","ARM","Subnat","ARMr110","Tavush",0.027,0.024,0.026,0.028,0.030,0.024,0.023,0.028,0.022,0.026,0.021,0.024,0.031,0.027,0.026,0.030,0.024,0.030,0.027,0.028,0.029,0.030,0.027,0.026,0.026,0.027,0.032,0.022,0.027,0.021,0.023,0.023,0.021
"Armenia","Europe","ARM","Subnat","ARMr109","Vayots Dzor",0.022,0.027,0.027,0.026,0.029,0.020,0.022,0.023,0.021,0.022,0.019,0.023,0.028,0.029,0.024,0.024,0.025,0.027,0.021,0.030,0.027,0.027,0.025,0.026,0.023,0.025,0.028,0.020,0.026,0.021,0.023,0.020,0.019
"Armenia","Europe","ARM","Subnat","ARMr111","Yerevan",0.012,0.015,0.014,0.015,0.015,0.012,0.012,0.012,0.011,0.012,0.009,0.013,0.017,0.015,0.013,0.015,0.013,0.016,0.011,0.017,0.015,0.014,0.012,0.013,0.012,0.015,0.015,0.010,0.015,0.013,0.014,0.012,0.011
"Australia","Asia/Pacific","AUS","National","AUSt","Total",0.022,0.023,0.021,0.022,0.018,0.025,0.023,0.020,0.022,0.023,0.026,0.021,0.016,0.020,0.020,0.019,0.017,0.021,0.019,0.019,0.028,0.027,0.021,0.021,0.019,0.018,0.023,0.020,0.016,0.015,0.023,0.025,0.025
"Australia","Asia/Pacific","AUS","Subnat","AUSr109","Ashmore and Cartier Islands, Coral Sea Islands Territory",0.031,0.038,0.014,0.027,0.032,0.050,0.041,0.026,0.026,0.044,0.055,0.033,0.023,0.028,0.029,0.023,0.035,0.028,0.030,0.026,0.042,0.043,0.030,0.047,0.023,0.023,0.018,0.034,0.016,0.027,0.029,0.041,0.027
"Australia","Asia/Pacific","AUS","Subnat","AUSr108","Australian Capital Territory",0.033,0.032,0.033,0.028,0.023,0.033,0.030,0.018,0.029,0.025,0.023,0.019,0.020,0.025,0.020,0.026,0.015,0.027,0.024,0.020,0.035,0.026,0.030,0.022,0.025,0.025,0.036,0.023,0.019,0.016,0.034,0.038,0.040
"Australia","Asia/Pacific","AUS","Subnat","AUSr101","New South Wales",0.022,0.016,0.021,0.018,0.012,0.020,0.020,0.016,0.022,0.020,0.020,0.015,0.011,0.016,0.016,0.016,0.011,0.017,0.017,0.016,0.026,0.020,0.018,0.015,0.016,0.017,0.021,0.014,0.011,0.008,0.021,0.023,0.027
"Australia","Asia/Pacific","AUS","Subnat","AUSr107","Northern Territory",0.013,0.020,0.012,0.022,0.015,0.019,0.015,0.022,0.019,0.019,0.031,0.027,0.013,0.023,0.019,0.013,0.021,0.020,0.016,0.016,0.026,0.031,0.015,0.014,0.022,0.019,0.017,0.018,0.014,0.007,0.019,0.017,0.019
"Australia","Asia/Pacific","AUS","Subnat","AUSr103","Queensland",0.020,0.023,0.016,0.015,0.012,0.018,0.019,0.021,0.025,0.023,0.027,0.015,0.011,0.015,0.018,0.013,0.018,0.020,0.020,0.021,0.033,0.024,0.020,0.014,0.018,0.015,0.018,0.016,0.016,0.016,0.018,0.020,0.024
"Australia","Asia/Pacific","AUS","Subnat","AUSr104","South Australia",0.007,0.006,0.013,0.009,0.004,0.010,0.006,0.010,0.009,0.007,0.009,0.010,0.004,0.008,0.006,0.006,0.004,0.007,0.006,0.006,0.012,0.012,0.006,0.006,0.006,0.007,0.011,0.007,0.005,0.003,0.008,0.007,0.010
"Australia","Asia/Pacific","AUS","Subnat","AUSr106","Tasmania",0.038,0.038,0.038,0.038,0.037,0.037,0.043,0.033,0.036,0.033,0.034,0.036,0.036,0.036,0.037,0.039,0.028,0.035,0.033,0.040,0.037,0.040,0.036,0.041,0.033,0.031,0.048,0.033,0.039,0.038,0.039,0.040,0.038
"Australia","Asia/Pacific","AUS","Subnat","AUSr102","Victoria",0.022,0.023,0.029,0.026,0.018,0.025,0.024,0.017,0.022,0.020,0.021,0.020,0.016,0.020,0.020,0.021,0.012,0.021,0.017,0.018,0.028,0.027,0.020,0.021,0.018,0.017,0.027,0.022,0.017,0.016,0.024,0.024,0.031
"Australia","Asia/Pacific","AUS","Subnat","AUSr105","Western Australia",0.008,0.009,0.012,0.013,0.009,0.016,0.011,0.015,0.014,0.015,0.018,0.015,0.008,0.011,0.012,0.009,0.013,0.011,0.011,0.009,0.009,0.018,0.010,0.012,0.011,0.010,0.012,0.013,0.011,0.004,0.011,0.012,0.012
"Austria","Europe","AUT","National","AUTt","Total",0.038,0.039,0.037,0.038,0.037,0.043,0.043,0.040,0.041,0.045,0.042,0.041,0.044,0.031,0.040,0.042,0.038,0.042,0.041,0.044,0.043,0.034,0.042,0.043,0.045,0.035,0.043,0.041,0.038,0.042,0.042,0.041,0.039
"Austria","Europe","AUT","Subnat","AUTr101","Burgenland",0.022,0.026,0.022,0.021,0.022,0.029,0.029,0.025,0.026,0.028,0.022,0.021,0.026,0.017,0.025,0.027,0.024,0.026,0.025,0.029,0.031,0.019,0.022,0.028,0.032,0.021,0.027,0.022,0.026,0.025,0.025,0.023,0.023
"Austria","Europe","AUT","Subnat","AUTr104","Karnten",0.041,0.041,0.040,0.035,0.037,0.036,0.045,0.039,0.042,0.044,0.044,0.037,0.043,0.033,0.045,0.038,0.034,0.040,0.046,0.044,0.046,0.035,0.044,0.045,0.051,0.036,0.046,0.043,0.044,0.048,0.046,0.041,0.038
"Austria","Europe","AUT","Subnat","AUTr102","Niederosterreich",0.026,0.028,0.025,0.027,0.026,0.032,0.033,0.031,0.029,0.030,0.026,0.028,0.033,0.022,0.029,0.033,0.030,0.032,0.029,0.035,0.033,0.023,0.028,0.032,0.034,0.025,0.033,0.026,0.027,0.027,0.031,0.029,0.029
"Austria","Europe","AUT","Subnat","AUTr106","Oberosterreich",0.038,0.038,0.037,0.040,0.038,0.046,0.042,0.041,0.039,0.040,0.040,0.043,0.049,0.030,0.040,0.044,0.040,0.042,0.038,0.046,0.040,0.032,0.042,0.044,0.041,0.033,0.045,0.040,0.037,0.039,0.041,0.041,0.041
"Austria","Europe","AUT","Subnat","AUTr107","Salzburg",0.052,0.051,0.050,0.052,0.049,0.057,0.056,0.055,0.057,0.058,0.060,0.057,0.057,0.044,0.053,0.057,0.049,0.055,0.053,0.058,0.055,0.044,0.060,0.058,0.057,0.047,0.058,0.058,0.050,0.060,0.058,0.056,0.052
"Austria","Europe","AUT","Subnat","AUTr105","Steiermark",0.037,0.040,0.035,0.034,0.035,0.039,0.042,0.039,0.041,0.041,0.037,0.034,0.040,0.030,0.040,0.040,0.037,0.041,0.039,0.045,0.041,0.032,0.041,0.043,0.046,0.035,0.043,0.039,0.042,0.039,0.040,0.038,0.038
"Austria","Europe","AUT","Subnat","AUTr108","Tirol",0.052,0.051,0.050,0.052,0.049,0.055,0.053,0.052,0.055,0.063,0.062,0.060,0.056,0.044,0.050,0.054,0.047,0.054,0.054,0.055,0.056,0.046,0.058,0.056,0.055,0.047,0.056,0.058,0.049,0.060,0.056,0.056,0.052
"Austria","Europe","AUT","Subnat","AUTr109","Vorarlberg",0.056,0.054,0.057,0.057,0.057,0.066,0.055,0.054,0.058,0.075,0.067,0.069,0.066,0.044,0.053,0.056,0.054,0.063,0.060,0.057,0.060,0.053,0.062,0.058,0.057,0.052,0.059,0.062,0.050,0.062,0.056,0.059,0.052
"Austria","Europe","AUT","Subnat","AUTr103","Wien",0.021,0.022,0.019,0.021,0.020,0.026,0.028,0.026,0.025,0.025,0.019,0.022,0.027,0.016,0.023,0.026,0.024,0.025,0.023,0.028,0.028,0.018,0.020,0.025,0.028,0.020,0.024,0.020,0.020,0.022,0.025,0.024,0.022
"Azerbaijan","Europe","AZE","National","AZEt","Total",0.021,0.021,0.022,0.023,0.024,0.018,0.018,0.022,0.019,0.019,0.020,0.019,0.022,0.023,0.022,0.019,0.019,0.021,0.020,0.022,0.021,0.024,0.021,0.021,0.017,0.021,0.025,0.018,0.020,0.018,0.018,0.016,0.016
"Azerbaijan","Europe","AZE","Subnat","AZEr102","Absheron",0.012,0.013,0.013,0.013,0.014,0.012,0.012,0.014,0.011,0.012,0.012,0.012,0.015,0.014,0.015,0.012,0.012,0.014,0.012,0.015,0.013,0.017,0.014,0.013,0.010,0.014,0.016,0.011,0.012,0.011,0.011,0.009,0.010
"Azerbaijan","Europe","AZE","Subnat","AZEr107","Aran",0.014,0.014,0.014,0.014,0.015,0.013,0.011,0.014,0.011,0.011,0.014,0.012,0.014,0.016,0.014,0.012,0.012,0.014,0.013,0.015,0.014,0.017,0.014,0.013,0.010,0.015,0.015,0.010,0.012,0.011,0.011,0.008,0.009
"Azerbaijan","Europe","AZE","Subnat","AZEr101","Baku",0.009,0.010,0.008,0.010,0.011,0.008,0.010,0.009,0.007,0.009,0.009,0.007,0.009,0.010,0.011,0.008,0.008,0.010,0.009,0.010,0.009,0.013,0.011,0.008,0.007,0.010,0.011,0.008,0.009,0.009,0.007,0.006,0.007
"Azerbaijan","Europe","AZE","Subnat","AZEr109","Dakhlik Shirvan",0.022,0.021,0.022,0.021,0.023,0.018,0.017,0.024,0.021,0.020,0.021,0.020,0.023,0.024,0.024,0.019,0.018,0.021,0.020,0.024,0.021,0.024,0.021,0.021,0.016,0.021,0.026,0.017,0.021,0.019,0.019,0.015,0.016
"Azerbaijan","Europe","AZE","Subnat","AZEr111","East Zangezur",0.032,0.032,0.035,0.036,0.037,0.029,0.029,0.035,0.031,0.033,0.030,0.032,0.036,0.036,0.035,0.031,0.027,0.032,0.033,0.036,0.034,0.036,0.031,0.036,0.031,0.032,0.041,0.030,0.032,0.030,0.030,0.026,0.028
"Azerbaijan","Europe","AZE","Subnat","AZEr103","Ganja Gazakh",0.024,0.021,0.023,0.024,0.028,0.020,0.020,0.026,0.019,0.021,0.020,0.021,0.027,0.024,0.022,0.023,0.021,0.025,0.024,0.025,0.026,0.027,0.023,0.023,0.021,0.022,0.027,0.019,0.022,0.019,0.020,0.019,0.017
"Azerbaijan","Europe","AZE","Subnat","AZEr106","Guba Khachmaz",0.024,0.024,0.028,0.025,0.027,0.026,0.020,0.026,0.022,0.025,0.025,0.025,0.028,0.025,0.028,0.026,0.023,0.023,0.025,0.028,0.024,0.027,0.026,0.026,0.020,0.022,0.030,0.020,0.021,0.020,0.022,0.022,0.021
"Azerbaijan","Europe","AZE","Subnat","AZEr105","Lankaran",0.028,0.030,0.033,0.036,0.030,0.024,0.025,0.032,0.028,0.025,0.032,0.026,0.027,0.032,0.029,0.026,0.026,0.026,0.027,0.026,0.026,0.036,0.031,0.027,0.025,0.032,0.032,0.025,0.027,0.026,0.028,0.020,0.026
"Azerbaijan","Europe","AZE","Subnat","AZEr110","Nakhchivan",0.014,0.016,0.017,0.018,0.018,0.012,0.013,0.014,0.012,0.013,0.012,0.013,0.018,0.018,0.016,0.015,0.016,0.017,0.012,0.018,0.017,0.016,0.015,0.016,0.014,0.017,0.017,0.013,0.017,0.014,0.015,0.012,0.010
"Azerbaijan","Europe","AZE","Subnat","AZEr104","Shaki Zaqatala",0.029,0.024,0.028,0.025,0.031,0.021,0.019,0.028,0.022,0.021,0.024,0.022,0.026,0.028,0.024,0.022,0.025,0.024,0.025,0.025,0.023,0.027,0.023,0.023,0.017,0.023,0.027,0.020,0.023,0.018,0.021,0.020,0.017
"Azerbaijan","Europe","AZE","Subnat","AZEr108","Yukhari Karabakh",0.022,0.023,0.026,0.026,0.024,0.021,0.018,0.025,0.020,0.020,0.022,0.022,0.024,0.025,0.023,0.019,0.019,0.022,0.021,0.026,0.025,0.027,0.023,0.025,0.020,0.022,0.028,0.020,0.021,0.020,0.019,0.016,0.017
"Bahamas, The","America","BHS","National","BHSt","Total",0.027,0.032,0.030,0.032,0.038,0.034,0.033,0.033,0.026,0.032,0.022,0.031,0.026,0.029,0.024,0.033,0.032,0.041,0.027,0.027,0.032,0.031,0.037,0.029,0.029,0.029,0.030,0.032,0.031,0.036,0.037,0.022,0.030
"Bahrain","Asia/Pacific","BHR","National","BHRt","Total",0.001,0.002,0.005,0.003,0.001,0.005,0.003,0.005,0.002,0.001,0.002,0.001,0.001,0.002,0.002,0.001,0.004,0.001,0.001,0.002,0.000,0.003,0.002,0.002,0.001,0.003,0.001,0.005,0.002,0.003,0.001,0.000,0.001
"Bangladesh","Asia/Pacific","BGD","National","BGDt","Total",0.083,0.086,0.060,0.097,0.066,0.077,0.076,0.076,0.083,0.070,0.077,0.076,0.083,0.070,0.086,0.070,0.061,0.090,0.072,0.067,0.072,0.073,0.063,0.065,0.056,0.081,0.074,0.086,0.062,0.066,0.072,0.066,0.057
"Bangladesh","Asia/Pacific","BGD","Subnat","BGDr214"," Bagerhat, Khulna, Satkhira",0.080,0.068,0.056,0.082,0.059,0.072,0.063,0.066,0.070,0.061,0.056,0.071,0.068,0.056,0.064,0.066,0.058,0.079,0.068,0.053,0.047,0.070,0.048,0.064,0.049,0.065,0.068,0.074,0.060,0.057,0.066,0.066,0.050
"Bangladesh","Asia/Pacific","BGD","Subnat","BGDr204"," Bandarban, Cox s Bazar",0.083,0.089,0.074,0.081,0.070,0.082,0.086,0.072,0.080,0.076,0.073,0.080,0.076,0.067,0.077,0.071,0.071,0.092,0.078,0.073,0.076,0.083,0.073,0.074,0.055,0.089,0.080,0.084,0.068,0.062,0.076,0.072,0.052
"Bangladesh","Asia/Pacific","BGD","Subnat","BGDr202"," Barguna, Bhola, Patuakhali",0.087,0.079,0.062,0.089,0.066,0.084,0.070,0.072,0.078,0.066,0.059,0.082,0.070,0.059,0.077,0.068,0.067,0.090,0.069,0.064,0.057,0.075,0.055,0.077,0.055,0.075,0.075,0.078,0.069,0.056,0.069,0.071,0.057
"Bangladesh","Asia/Pacific","BGD","Subnat","BGDr201"," Barisal, Jhalokati, Pirojpur",0.080,0.071,0.053,0.086,0.060,0.073,0.069,0.067,0.076,0.063,0.054,0.073,0.070,0.057,0.068,0.063,0.058,0.083,0.066,0.059,0.051,0.069,0.054,0.069,0.046,0.075,0.070,0.072,0.063,0.053,0.061,0.066,0.049
"Bangladesh","Asia/Pacific","BGD","Subnat","BGDr219"," Bogra, Gaibandha, Jaypurhat",0.079,0.076,0.054,0.096,0.054,0.075,0.069,0.072,0.068,0.065,0.091,0.066,0.083,0.077,0.084,0.075,0.053,0.083,0.069,0.068,0.074,0.069,0.058,0.049,0.054,0.074,0.061,0.084,0.054,0.069,0.076,0.055,0.061
"Bangladesh","Asia/Pacific","BGD","Subnat","BGDr207"," Brahmanbaria, Chandpur, Comilla",0.076,0.079,0.051,0.096,0.065,0.070,0.073,0.073,0.088,0.066,0.063,0.078,0.078,0.064,0.089,0.063,0.058,0.085,0.065,0.063,0.061,0.064,0.058,0.068,0.047,0.077,0.071,0.082,0.058,0.056,0.065,0.061,0.049
"Bangladesh","Asia/Pacific","BGD","Subnat","BGDr203"," Chittagong",0.096,0.097,0.076,0.102,0.079,0.092,0.088,0.079,0.095,0.086,0.079,0.091,0.084,0.068,0.088,0.070,0.071,0.104,0.078,0.074,0.076,0.078,0.065,0.079,0.056,0.099,0.087,0.088,0.073,0.065,0.080,0.077,0.055
"Bangladesh","Asia/Pacific","BGD","Subnat","BGDr216"," Chuadanga, Jhenaidah, Kushtia, Meherpur",0.067,0.066,0.045,0.077,0.050,0.058,0.054,0.065,0.067,0.055,0.064,0.061,0.066,0.055,0.066,0.055,0.047,0.073,0.060,0.047,0.049,0.064,0.047,0.044,0.046,0.070,0.049,0.066,0.051,0.058,0.057,0.063,0.040
"Bangladesh","Asia/Pacific","BGD","Subnat","BGDr208"," Dhaka",0.074,0.079,0.051,0.089,0.059,0.062,0.065,0.073,0.082,0.062,0.065,0.068,0.078,0.062,0.077,0.063,0.053,0.083,0.065,0.058,0.061,0.066,0.054,0.056,0.044,0.071,0.062,0.083,0.055,0.058,0.063,0.060,0.048
"Bangladesh","Asia/Pacific","BGD","Subnat","BGDr220"," Dinajpur, Nilphamari, Panchagarh, Thakurgaon",0.078,0.072,0.059,0.095,0.063,0.088,0.074,0.075,0.073,0.077,0.083,0.064,0.084,0.088,0.081,0.077,0.064,0.085,0.080,0.077,0.081,0.083,0.064,0.059,0.071,0.078,0.069,0.076,0.058,0.084,0.083,0.062,0.069
"Bangladesh","Asia/Pacific","BGD","Subnat","BGDr212"," Faridpur, Manikganj, Rajbari",0.070,0.075,0.049,0.081,0.053,0.060,0.057,0.071,0.076,0.054,0.063,0.066,0.074,0.058,0.072,0.062,0.048,0.077,0.064,0.055,0.055,0.067,0.051,0.052,0.045,0.069,0.059,0.077,0.056,0.058,0.058,0.063,0.044
"Bangladesh","Asia/Pacific","BGD","Subnat","BGDr206"," Feni, Lakshmipur, Noakhali",0.086,0.086,0.064,0.104,0.073,0.085,0.076,0.078,0.096,0.079,0.064,0.090,0.081,0.064,0.088,0.070,0.071,0.093,0.073,0.070,0.065,0.075,0.061,0.079,0.055,0.080,0.083,0.084,0.070,0.062,0.075,0.074,0.057
"Bangladesh","Asia/Pacific","BGD","Subnat","BGDr209"," Gazipur, Narayanganj, Narsingdi",0.079,0.091,0.055,0.097,0.065,0.067,0.074,0.076,0.087,0.067,0.074,0.074,0.085,0.068,0.091,0.064,0.060,0.093,0.066,0.063,0.070,0.068,0.062,0.062,0.048,0.081,0.067,0.093,0.058,0.062,0.069,0.061,0.054
"Bangladesh","Asia/Pacific","BGD","Subnat","BGDr213"," Gopalganj, Madaripur, Munshiganj, Shariatpur",0.072,0.076,0.050,0.083,0.058,0.066,0.066,0.070,0.079,0.063,0.058,0.071,0.075,0.058,0.070,0.062,0.054,0.078,0.066,0.059,0.052,0.066,0.052,0.063,0.044,0.070,0.065,0.074,0.056,0.057,0.061,0.064,0.046
"Bangladesh","Asia/Pacific","BGD","Subnat","BGDr223"," Habiganj, Sunamganj",0.127,0.151,0.089,0.152,0.107,0.119,0.133,0.111,0.126,0.108,0.129,0.106,0.132,0.110,0.147,0.099,0.091,0.138,0.101,0.101,0.132,0.096,0.111,0.101,0.092,0.123,0.126,0.144,0.087,0.095,0.107,0.084,0.087
"Bangladesh","Asia/Pacific","BGD","Subnat","BGDr210"," Jamalpur, Sherpur, Tangail",0.081,0.090,0.059,0.097,0.058,0.069,0.070,0.073,0.080,0.063,0.086,0.072,0.087,0.072,0.088,0.073,0.056,0.090,0.069,0.066,0.077,0.071,0.062,0.053,0.053,0.077,0.065,0.094,0.057,0.068,0.072,0.058,0.059
"Bangladesh","Asia/Pacific","BGD","Subnat","BGDr215"," Jessore, Magura, Narail",0.068,0.069,0.048,0.079,0.056,0.061,0.057,0.068,0.069,0.057,0.060,0.065,0.070,0.054,0.063,0.059,0.048,0.074,0.063,0.049,0.047,0.065,0.048,0.051,0.044,0.065,0.058,0.071,0.055,0.057,0.059,0.067,0.041
"Bangladesh","Asia/Pacific","BGD","Subnat","BGDr205"," Khagrachhari, Rangamati (Chattagram)",0.076,0.075,0.061,0.085,0.065,0.071,0.076,0.065,0.078,0.064,0.067,0.072,0.066,0.059,0.073,0.056,0.055,0.085,0.062,0.058,0.069,0.064,0.057,0.065,0.046,0.083,0.071,0.074,0.056,0.048,0.059,0.058,0.048
"Bangladesh","Asia/Pacific","BGD","Subnat","BGDr211"," Kishoreganj, Mymensingh, Netrakona",0.098,0.116,0.069,0.118,0.077,0.084,0.094,0.085,0.097,0.080,0.108,0.084,0.111,0.086,0.115,0.082,0.072,0.108,0.079,0.079,0.097,0.080,0.081,0.072,0.066,0.096,0.090,0.114,0.067,0.080,0.088,0.067,0.073
"Bangladesh","Asia/Pacific","BGD","Subnat","BGDr221"," Kurigram, Lalmonirhat, Rangpur",0.091,0.089,0.069,0.115,0.068,0.090,0.088,0.089,0.083,0.080,0.094,0.073,0.100,0.092,0.095,0.087,0.066,0.100,0.090,0.083,0.098,0.084,0.071,0.059,0.073,0.094,0.076,0.093,0.064,0.093,0.092,0.068,0.083
"Bangladesh","Asia/Pacific","BGD","Subnat","BGDr222"," Maulvibazar, Sylhet",0.129,0.146,0.100,0.163,0.115,0.125,0.136,0.115,0.135,0.108,0.123,0.111,0.129,0.115,0.152,0.098,0.090,0.132,0.100,0.103,0.141,0.095,0.122,0.103,0.096,0.122,0.132,0.148,0.092,0.094,0.099,0.084,0.089
"Bangladesh","Asia/Pacific","BGD","Subnat","BGDr217"," Naogaon, Nawabganj, Rajshahi",0.068,0.062,0.042,0.076,0.045,0.065,0.061,0.066,0.055,0.060,0.081,0.055,0.067,0.061,0.065,0.059,0.046,0.069,0.059,0.057,0.053,0.063,0.050,0.043,0.046,0.059,0.054,0.063,0.049,0.055,0.064,0.051,0.046
"Bangladesh","Asia/Pacific","BGD","Subnat","BGDr218"," Natore, Pabna, Sirajganj",0.075,0.074,0.049,0.084,0.052,0.064,0.059,0.069,0.069,0.057,0.079,0.064,0.074,0.063,0.078,0.060,0.051,0.078,0.062,0.056,0.062,0.068,0.053,0.045,0.053,0.068,0.059,0.075,0.056,0.060,0.062,0.058,0.047
"Barbados","America","BRB","National","BRBt","Total",0.034,0.034,0.035,0.032,0.030,0.036,0.037,0.033,0.037,0.035,0.034,0.032,0.031,0.032,0.042,0.050,0.039,0.035,0.036,0.032,0.047,0.052,0.037,0.035,0.030,0.026,0.036,0.042,0.036,0.032,0.035,0.028,0.041
"Barbados","America","BRB","Subnat","BRBr102","Christ Church and St. Philip",0.035,0.035,0.036,0.033,0.031,0.037,0.038,0.033,0.038,0.035,0.034,0.032,0.032,0.032,0.042,0.050,0.039,0.035,0.036,0.032,0.047,0.052,0.037,0.036,0.030,0.026,0.036,0.042,0.036,0.032,0.036,0.029,0.041
"Barbados","America","BRB","Subnat","BRBr101","St Michael",0.034,0.035,0.036,0.033,0.030,0.036,0.038,0.033,0.037,0.035,0.034,0.032,0.032,0.032,0.042,0.050,0.039,0.035,0.036,0.032,0.047,0.052,0.037,0.036,0.030,0.026,0.036,0.042,0.036,0.032,0.035,0.029,0.041
"Barbados","America","BRB","Subnat","BRBr103","St. James, St. George, and St. Thomas",0.034,0.034,0.035,0.032,0.030,0.036,0.037,0.032,0.036,0.034,0.034,0.032,0.031,0.032,0.042,0.050,0.039,0.035,0.035,0.031,0.048,0.052,0.036,0.035,0.030,0.026,0.035,0.042,0.036,0.031,0.035,0.028,0.042
"Barbados","America","BRB","Subnat","BRBr104","St. Lucy, St. Peter, St. Andrew, St. Joseph, and St. John",0.033,0.033,0.035,0.032,0.030,0.036,0.037,0.032,0.036,0.034,0.034,0.032,0.031,0.032,0.043,0.049,0.038,0.035,0.035,0.031,0.048,0.052,0.036,0.035,0.030,0.026,0.035,0.041,0.036,0.031,0.035,0.028,0.042
"Belarus","Europe","BLR","National","BLRt","Total",0.029,0.022,0.023,0.026,0.025,0.023,0.022,0.025,0.030,0.021,0.024,0.024,0.020,0.022,0.025,0.023,0.023,0.023,0.025,0.027,0.026,0.021,0.028,0.024,0.020,0.019,0.026,0.028,0.021,0.021,0.024,0.026,0.027
"Belarus","Europe","BLR","Subnat","BLRr101","Brest region",0.027,0.021,0.024,0.024,0.024,0.023,0.022,0.025,0.028,0.022,0.023,0.021,0.022,0.022,0.025,0.021,0.023,0.023,0.025,0.025,0.027,0.020,0.024,0.025,0.021,0.019,0.026,0.027,0.021,0.022,0.023,0.026,0.025
"Belarus","Europe","BLR","Subnat","BLRr103","Gomel region",0.029,0.021,0.022,0.027,0.022,0.021,0.022,0.024,0.029,0.022,0.023,0.024,0.020,0.021,0.023,0.022,0.023,0.023,0.024,0.026,0.024,0.019,0.030,0.023,0.019,0.018,0.024,0.025,0.021,0.018,0.022,0.025,0.028
"Belarus","Europe","BLR","Subnat","BLRr104","Grodno region",0.029,0.020,0.024,0.026,0.026,0.024,0.023,0.025,0.029,0.022,0.024,0.023,0.022,0.023,0.027,0.023,0.023,0.024,0.026,0.025,0.028,0.021,0.025,0.024,0.022,0.021,0.029,0.029,0.021,0.021,0.022,0.029,0.026
"Belarus","Europe","BLR","Subnat","BLRr105","Minsk region",0.029,0.021,0.023,0.025,0.025,0.023,0.022,0.026,0.032,0.020,0.023,0.023,0.020,0.022,0.026,0.023,0.021,0.022,0.025,0.029,0.026,0.021,0.027,0.024,0.021,0.020,0.025,0.029,0.021,0.021,0.024,0.026,0.027
"Belarus","Europe","BLR","Subnat","BLRr106","Mogilev region",0.029,0.024,0.022,0.025,0.023,0.024,0.021,0.025,0.031,0.021,0.024,0.025,0.019,0.022,0.024,0.024,0.023,0.024,0.025,0.030,0.025,0.022,0.031,0.023,0.019,0.018,0.025,0.028,0.022,0.020,0.027,0.025,0.030
"Belarus","Europe","BLR","Subnat","BLRr102","Vitebsk region",0.031,0.024,0.024,0.026,0.027,0.025,0.022,0.028,0.032,0.021,0.026,0.026,0.020,0.024,0.024,0.025,0.025,0.023,0.026,0.030,0.028,0.022,0.029,0.023,0.022,0.020,0.027,0.029,0.020,0.024,0.025,0.025,0.027
"Belgium","Europe","BEL","National","BELt","Total",0.027,0.024,0.028,0.030,0.030,0.029,0.024,0.026,0.034,0.031,0.034,0.035,0.034,0.023,0.027,0.026,0.029,0.032,0.030,0.028,0.030,0.025,0.032,0.028,0.030,0.027,0.030,0.028,0.025,0.029,0.027,0.036,0.028
"Belgium","Europe","BEL","Subnat","BELr101","Bruxelles - Brussel",0.025,0.023,0.027,0.028,0.027,0.026,0.023,0.024,0.032,0.027,0.033,0.034,0.032,0.022,0.025,0.024,0.027,0.029,0.027,0.026,0.029,0.024,0.029,0.026,0.029,0.025,0.028,0.025,0.023,0.026,0.025,0.034,0.026
"Belgium","Europe","BEL","Subnat","BELr102","Prov. Antwerpen",0.024,0.023,0.027,0.029,0.029,0.026,0.022,0.024,0.035,0.028,0.032,0.033,0.032,0.022,0.026,0.024,0.027,0.029,0.026,0.026,0.028,0.025,0.030,0.027,0.030,0.026,0.029,0.027,0.024,0.027,0.026,0.033,0.027
"Belgium","Europe","BEL","Subnat","BELr107","Prov. Brabant Wallon",0.026,0.023,0.027,0.029,0.027,0.027,0.023,0.025,0.033,0.029,0.034,0.034,0.033,0.022,0.026,0.024,0.027,0.030,0.028,0.027,0.030,0.025,0.030,0.026,0.030,0.026,0.029,0.026,0.024,0.027,0.026,0.036,0.027
"Belgium","Europe","BEL","Subnat","BELr108","Prov. Hainaut",0.025,0.023,0.028,0.030,0.028,0.028,0.023,0.026,0.032,0.029,0.034,0.035,0.033,0.022,0.025,0.025,0.028,0.030,0.030,0.027,0.029,0.024,0.031,0.027,0.029,0.025,0.029,0.025,0.025,0.028,0.027,0.035,0.026
"Belgium","Europe","BEL","Subnat","BELr109","Prov. Liege",0.032,0.028,0.033,0.036,0.034,0.034,0.026,0.030,0.038,0.036,0.038,0.039,0.038,0.027,0.033,0.030,0.033,0.038,0.035,0.034,0.033,0.029,0.036,0.031,0.033,0.031,0.035,0.034,0.028,0.034,0.031,0.040,0.032
"Belgium","Europe","BEL","Subnat","BELr103","Prov. Limburg",0.026,0.023,0.027,0.030,0.029,0.027,0.022,0.025,0.035,0.029,0.033,0.033,0.033,0.022,0.028,0.026,0.028,0.031,0.029,0.027,0.029,0.025,0.029,0.027,0.029,0.027,0.030,0.029,0.023,0.029,0.025,0.036,0.027
"Belgium","Europe","BEL","Subnat","BELr110","Prov. Luxembourg",0.033,0.027,0.033,0.035,0.037,0.038,0.027,0.032,0.037,0.038,0.040,0.040,0.038,0.028,0.031,0.028,0.035,0.039,0.038,0.035,0.033,0.030,0.037,0.034,0.034,0.031,0.036,0.034,0.030,0.036,0.034,0.040,0.034
"Belgium","Europe","BEL","Subnat","BELr111","Prov. Namur",0.029,0.025,0.030,0.032,0.030,0.032,0.025,0.028,0.034,0.033,0.036,0.037,0.036,0.025,0.029,0.025,0.031,0.034,0.033,0.030,0.031,0.027,0.033,0.029,0.031,0.028,0.032,0.030,0.026,0.032,0.030,0.039,0.029
"Belgium","Europe","BEL","Subnat","BELr104","Prov. Oost-Vlaanderen",0.024,0.023,0.026,0.028,0.027,0.025,0.022,0.024,0.033,0.028,0.032,0.034,0.031,0.021,0.025,0.024,0.027,0.029,0.027,0.025,0.028,0.024,0.030,0.026,0.029,0.025,0.027,0.025,0.023,0.026,0.025,0.033,0.026
"Belgium","Europe","BEL","Subnat","BELr106","Prov. West-Vlaanderen",0.023,0.024,0.026,0.028,0.027,0.025,0.022,0.024,0.032,0.029,0.032,0.034,0.029,0.021,0.025,0.026,0.029,0.029,0.028,0.024,0.028,0.023,0.032,0.026,0.028,0.025,0.026,0.024,0.023,0.026,0.027,0.031,0.025
"Belize","America","BLZ","National","BLZt","Total",0.060,0.047,0.051,0.055,0.039,0.051,0.054,0.051,0.056,0.056,0.053,0.048,0.045,0.044,0.045,0.050,0.060,0.053,0.054,0.044,0.052,0.052,0.053,0.064,0.057,0.054,0.051,0.055,0.051,0.037,0.055,0.043,0.057
"Belize","America","BLZ","Subnat","BLZr102","Belize",0.064,0.049,0.052,0.057,0.039,0.053,0.055,0.053,0.058,0.060,0.060,0.051,0.046,0.047,0.046,0.054,0.061,0.057,0.057,0.047,0.054,0.056,0.056,0.072,0.061,0.058,0.053,0.058,0.055,0.038,0.057,0.048,0.061
"Belize","America","BLZ","Subnat","BLZr103","Cayo",0.052,0.040,0.044,0.048,0.035,0.048,0.050,0.046,0.049,0.052,0.044,0.042,0.040,0.040,0.040,0.045,0.054,0.048,0.049,0.037,0.048,0.046,0.046,0.056,0.050,0.046,0.047,0.049,0.042,0.034,0.054,0.037,0.051
"Belize","America","BLZ","Subnat","BLZr101","Corozal, Orange Walk",0.053,0.041,0.045,0.049,0.036,0.046,0.045,0.045,0.049,0.051,0.049,0.042,0.039,0.036,0.037,0.043,0.050,0.049,0.049,0.037,0.045,0.047,0.048,0.061,0.048,0.047,0.046,0.047,0.047,0.032,0.049,0.040,0.053
"Belize","America","BLZ","Subnat","BLZr104","Stann Creek, Toledo",0.069,0.056,0.061,0.067,0.048,0.058,0.066,0.061,0.066,0.062,0.058,0.056,0.056,0.055,0.058,0.060,0.074,0.059,0.062,0.054,0.063,0.060,0.061,0.069,0.068,0.064,0.060,0.067,0.058,0.045,0.062,0.049,0.064
"Benin","Africa","BEN","National","BENt","Total",0.039,0.047,0.038,0.042,0.044,0.044,0.040,0.041,0.035,0.047,0.037,0.036,0.042,0.039,0.037,0.034,0.040,0.037,0.039,0.036,0.040,0.034,0.045,0.033,0.043,0.036,0.043,0.038,0.044,0.048,0.034,0.034,0.035
"Benin","Africa","BEN","Subnat","BENr101","Atacora (incl Donga)",0.037,0.044,0.039,0.037,0.044,0.037,0.035,0.037,0.039,0.043,0.034,0.031,0.040,0.037,0.032,0.031,0.034,0.030,0.033,0.037,0.036,0.028,0.043,0.033,0.037,0.036,0.036,0.032,0.036,0.039,0.035,0.028,0.035
"Benin","Africa","BEN","Subnat","BENr102","Atlantique (incl Littoral (Cotonou))",0.043,0.051,0.039,0.047,0.045,0.052,0.047,0.048,0.032,0.052,0.041,0.044,0.045,0.044,0.046,0.038,0.046,0.043,0.046,0.039,0.045,0.042,0.049,0.035,0.053,0.040,0.047,0.043,0.049,0.057,0.037,0.045,0.038
"Benin","Africa","BEN","Subnat","BENr103","Borgou (incl Alibori)",0.029,0.038,0.032,0.031,0.039,0.030,0.031,0.030,0.033,0.037,0.030,0.029,0.035,0.032,0.024,0.028,0.028,0.025,0.029,0.030,0.032,0.022,0.039,0.028,0.032,0.031,0.033,0.028,0.032,0.033,0.029,0.023,0.030
"Benin","Africa","BEN","Subnat","BENr104","Mono (incl Couffo)",0.043,0.051,0.039,0.048,0.046,0.053,0.042,0.046,0.034,0.050,0.039,0.039,0.044,0.043,0.044,0.037,0.046,0.041,0.042,0.039,0.044,0.042,0.047,0.035,0.050,0.037,0.049,0.041,0.048,0.054,0.035,0.039,0.034
"Benin","Africa","BEN","Subnat","BENr105","Queme (incl Plateau)",0.041,0.050,0.039,0.045,0.044,0.049,0.044,0.042,0.035,0.051,0.039,0.038,0.044,0.040,0.040,0.038,0.044,0.041,0.045,0.038,0.041,0.039,0.046,0.032,0.047,0.037,0.047,0.042,0.049,0.054,0.034,0.037,0.037
"Benin","Africa","BEN","Subnat","BENr106","Zou (incl Collines)",0.042,0.049,0.041,0.044,0.047,0.045,0.038,0.040,0.038,0.051,0.039,0.032,0.046,0.040,0.036,0.035,0.041,0.040,0.038,0.035,0.040,0.034,0.046,0.033,0.041,0.033,0.047,0.040,0.047,0.049,0.032,0.033,0.036
"Bhutan","Asia/Pacific","BTN","National","BTNt","Total",0.119,0.118,0.087,0.124,0.093,0.120,0.118,0.112,0.129,0.105,0.114,0.089,0.113,0.113,0.130,0.095,0.086,0.115,0.116,0.111,0.135,0.106,0.118,0.095,0.107,0.110,0.115,0.114,0.108,0.115,0.136,0.110,0.116
"Bhutan","Asia/Pacific","BTN","Subnat","BTNr101","Bumthang",0.088,0.091,0.072,0.089,0.070,0.080,0.087,0.081,0.105,0.077,0.087,0.070,0.087,0.087,0.095,0.074,0.068,0.085,0.087,0.087,0.097,0.085,0.087,0.077,0.085,0.083,0.088,0.085,0.084,0.086,0.107,0.090,0.088
"Bhutan","Asia/Pacific","BTN","Subnat","BTNr102","Chukha",0.118,0.118,0.084,0.131,0.084,0.129,0.124,0.121,0.141,0.122,0.113,0.089,0.115,0.130,0.138,0.105,0.092,0.126,0.130,0.124,0.154,0.112,0.122,0.098,0.107,0.119,0.137,0.115,0.121,0.129,0.136,0.120,0.122
"Bhutan","Asia/Pacific","BTN","Subnat","BTNr103","Dagana",0.139,0.143,0.105,0.158,0.102,0.152,0.150,0.152,0.166,0.126,0.134,0.108,0.136,0.154,0.151,0.121,0.105,0.143,0.153,0.144,0.169,0.128,0.147,0.114,0.132,0.145,0.149,0.136,0.137,0.147,0.161,0.133,0.141
"Bhutan","Asia/Pacific","BTN","Subnat","BTNr104","Gasa",0.065,0.069,0.055,0.065,0.059,0.066,0.064,0.066,0.072,0.063,0.066,0.061,0.062,0.066,0.066,0.057,0.058,0.063,0.069,0.068,0.074,0.064,0.062,0.063,0.066,0.065,0.067,0.065,0.067,0.067,0.081,0.073,0.073
"Bhutan","Asia/Pacific","BTN","Subnat","BTNr105","Haa",0.108,0.106,0.072,0.104,0.087,0.106,0.108,0.103,0.119,0.101,0.108,0.088,0.103,0.114,0.119,0.090,0.087,0.110,0.113,0.115,0.134,0.107,0.103,0.095,0.095,0.100,0.124,0.104,0.109,0.111,0.129,0.116,0.112
"Bhutan","Asia/Pacific","BTN","Subnat","BTNr106","Lhuntse",0.121,0.130,0.101,0.118,0.100,0.114,0.116,0.111,0.141,0.105,0.126,0.097,0.110,0.115,0.119,0.101,0.089,0.111,0.113,0.114,0.135,0.106,0.120,0.104,0.115,0.113,0.110,0.111,0.109,0.117,0.141,0.116,0.114
"Bhutan","Asia/Pacific","BTN","Subnat","BTNr107","Mongar",0.160,0.152,0.116,0.163,0.123,0.152,0.151,0.137,0.166,0.128,0.152,0.109,0.145,0.134,0.168,0.117,0.096,0.146,0.139,0.127,0.173,0.121,0.155,0.114,0.137,0.135,0.125,0.148,0.125,0.141,0.174,0.127,0.138
"Bhutan","Asia/Pacific","BTN","Subnat","BTNr108","Paro",0.075,0.076,0.054,0.076,0.062,0.076,0.075,0.073,0.086,0.074,0.079,0.063,0.076,0.083,0.087,0.063,0.062,0.078,0.082,0.081,0.095,0.076,0.071,0.069,0.072,0.073,0.090,0.078,0.079,0.079,0.095,0.087,0.085
"Bhutan","Asia/Pacific","BTN","Subnat","BTNr109","Pemagatshel",0.132,0.119,0.088,0.148,0.100,0.152,0.128,0.110,0.115,0.123,0.117,0.087,0.126,0.100,0.153,0.091,0.076,0.127,0.107,0.100,0.140,0.096,0.131,0.083,0.112,0.110,0.094,0.124,0.090,0.117,0.134,0.094,0.117
"Bhutan","Asia/Pacific","BTN","Subnat","BTNr110","Punakha",0.104,0.112,0.086,0.104,0.086,0.102,0.103,0.104,0.116,0.090,0.106,0.093,0.101,0.108,0.109,0.092,0.094,0.099,0.110,0.109,0.123,0.105,0.102,0.100,0.103,0.104,0.117,0.104,0.111,0.105,0.126,0.110,0.111
"Bhutan","Asia/Pacific","BTN","Subnat","BTNr111","Samdrup jongkhar",0.133,0.122,0.088,0.144,0.108,0.156,0.132,0.107,0.118,0.127,0.119,0.092,0.127,0.101,0.158,0.091,0.089,0.127,0.107,0.104,0.137,0.107,0.132,0.089,0.116,0.111,0.107,0.123,0.099,0.121,0.138,0.100,0.122
"Bhutan","Asia/Pacific","BTN","Subnat","BTNr112","Samtse",0.136,0.132,0.086,0.130,0.103,0.131,0.133,0.128,0.140,0.126,0.123,0.101,0.124,0.133,0.143,0.114,0.105,0.135,0.138,0.136,0.161,0.127,0.125,0.110,0.108,0.123,0.148,0.125,0.125,0.134,0.146,0.132,0.128
"Bhutan","Asia/Pacific","BTN","Subnat","BTNr113","Sarpang",0.149,0.138,0.105,0.164,0.106,0.151,0.148,0.149,0.162,0.127,0.133,0.099,0.142,0.132,0.162,0.108,0.091,0.141,0.150,0.129,0.160,0.127,0.150,0.107,0.133,0.133,0.127,0.140,0.124,0.141,0.160,0.122,0.136
"Bhutan","Asia/Pacific","BTN","Subnat","BTNr114","Thimphu",0.076,0.079,0.060,0.078,0.063,0.076,0.076,0.076,0.087,0.073,0.079,0.066,0.076,0.083,0.085,0.065,0.065,0.076,0.084,0.082,0.093,0.075,0.071,0.070,0.075,0.076,0.088,0.079,0.080,0.080,0.095,0.085,0.085
"Bhutan","Asia/Pacific","BTN","Subnat","BTNr115","Trashigang",0.135,0.126,0.092,0.142,0.113,0.137,0.132,0.109,0.124,0.116,0.126,0.093,0.127,0.108,0.156,0.098,0.094,0.124,0.112,0.108,0.144,0.107,0.132,0.100,0.117,0.113,0.112,0.128,0.110,0.123,0.149,0.116,0.120
"Bhutan","Asia/Pacific","BTN","Subnat","BTNr116","Trashiyangtse",0.105,0.103,0.076,0.099,0.087,0.097,0.097,0.085,0.108,0.081,0.104,0.074,0.090,0.088,0.105,0.081,0.075,0.093,0.090,0.092,0.114,0.087,0.103,0.092,0.090,0.093,0.095,0.097,0.090,0.091,0.120,0.101,0.102
"Bhutan","Asia/Pacific","BTN","Subnat","BTNr117","Trongsa",0.124,0.121,0.088,0.117,0.088,0.106,0.117,0.109,0.147,0.097,0.112,0.085,0.114,0.116,0.132,0.096,0.085,0.112,0.119,0.112,0.131,0.114,0.120,0.097,0.107,0.112,0.121,0.113,0.113,0.113,0.144,0.113,0.119
"Bhutan","Asia/Pacific","BTN","Subnat","BTNr118","Tsirang",0.160,0.161,0.115,0.174,0.121,0.163,0.166,0.170,0.187,0.132,0.153,0.119,0.155,0.165,0.170,0.131,0.112,0.156,0.171,0.158,0.182,0.146,0.170,0.127,0.148,0.158,0.159,0.153,0.152,0.160,0.182,0.146,0.159
"Bhutan","Asia/Pacific","BTN","Subnat","BTNr119","Wangdi",0.112,0.120,0.084,0.110,0.088,0.106,0.110,0.109,0.135,0.092,0.113,0.091,0.107,0.117,0.118,0.095,0.089,0.108,0.116,0.117,0.131,0.111,0.117,0.101,0.105,0.113,0.125,0.110,0.117,0.112,0.139,0.115,0.120
"Bhutan","Asia/Pacific","BTN","Subnat","BTNr120","Zhemgang",0.147,0.133,0.106,0.157,0.102,0.147,0.142,0.133,0.149,0.124,0.129,0.093,0.136,0.120,0.161,0.101,0.084,0.136,0.131,0.117,0.152,0.115,0.143,0.097,0.126,0.123,0.111,0.134,0.112,0.131,0.156,0.112,0.127
"Bolivia","America","BOL","National","BOLt","Total",0.051,0.052,0.053,0.050,0.049,0.048,0.048,0.049,0.048,0.045,0.046,0.048,0.043,0.045,0.047,0.047,0.050,0.049,0.049,0.050,0.042,0.049,0.052,0.048,0.053,0.049,0.044,0.050,0.053,0.050,0.042,0.049,0.038
"Bolivia","America","BOL","Subnat","BOLr108","Beni",0.069,0.069,0.073,0.066,0.066,0.064,0.059,0.065,0.066,0.059,0.059,0.063,0.056,0.056,0.068,0.063,0.066,0.066,0.068,0.071,0.054,0.066,0.068,0.069,0.072,0.066,0.060,0.065,0.071,0.065,0.053,0.062,0.054
"Bolivia","America","BOL","Subnat","BOLr101","Chuquisaca",0.077,0.082,0.088,0.075,0.071,0.084,0.074,0.078,0.078,0.066,0.071,0.069,0.064,0.068,0.067,0.067,0.075,0.078,0.075,0.074,0.066,0.069,0.077,0.072,0.094,0.074,0.068,0.077,0.084,0.076,0.064,0.076,0.055
"Bolivia","America","BOL","Subnat","BOLr103","Cochabamba",0.040,0.043,0.045,0.036,0.037,0.040,0.045,0.038,0.038,0.040,0.039,0.037,0.035,0.038,0.035,0.038,0.040,0.041,0.042,0.037,0.033,0.038,0.039,0.035,0.040,0.041,0.034,0.040,0.042,0.041,0.032,0.038,0.023
"Bolivia","America","BOL","Subnat","BOLr102","La Paz",0.067,0.065,0.069,0.070,0.068,0.062,0.060,0.064,0.064,0.058,0.058,0.062,0.063,0.059,0.063,0.063,0.065,0.066,0.063,0.065,0.060,0.069,0.070,0.069,0.072,0.066,0.060,0.070,0.074,0.072,0.060,0.067,0.055
"Bolivia","America","BOL","Subnat","BOLr104","Oruro",0.025,0.023,0.020,0.030,0.025,0.017,0.022,0.023,0.016,0.025,0.022,0.029,0.023,0.021,0.023,0.026,0.025,0.021,0.022,0.022,0.020,0.028,0.029,0.026,0.022,0.024,0.019,0.023,0.028,0.026,0.024,0.025,0.021
"Bolivia","America","BOL","Subnat","BOLr109","Pando",0.067,0.062,0.065,0.071,0.066,0.059,0.060,0.064,0.062,0.061,0.060,0.062,0.061,0.061,0.065,0.061,0.062,0.064,0.072,0.072,0.058,0.068,0.071,0.069,0.071,0.066,0.063,0.069,0.067,0.070,0.056,0.069,0.058
"Bolivia","America","BOL","Subnat","BOLr105","Potosi",0.022,0.022,0.019,0.024,0.021,0.017,0.019,0.021,0.014,0.020,0.018,0.023,0.018,0.018,0.019,0.021,0.021,0.018,0.020,0.020,0.016,0.022,0.023,0.021,0.020,0.019,0.015,0.018,0.023,0.021,0.020,0.022,0.017
"Bolivia","America","BOL","Subnat","BOLr107","Santa Cruz",0.049,0.051,0.054,0.038,0.046,0.047,0.044,0.046,0.048,0.040,0.043,0.044,0.037,0.041,0.041,0.043,0.048,0.047,0.045,0.046,0.037,0.041,0.047,0.042,0.048,0.046,0.045,0.047,0.047,0.037,0.032,0.042,0.032
"Bolivia","America","BOL","Subnat","BOLr106","Tarija",0.045,0.051,0.046,0.038,0.040,0.041,0.048,0.041,0.042,0.040,0.045,0.038,0.034,0.043,0.038,0.043,0.045,0.041,0.039,0.042,0.032,0.042,0.039,0.031,0.037,0.042,0.035,0.043,0.042,0.040,0.032,0.037,0.028
"Bosnia and Herzegovina","Europe","BIH","National","BIHt","Total",0.032,0.042,0.033,0.035,0.033,0.046,0.043,0.037,0.036,0.045,0.031,0.047,0.044,0.032,0.046,0.045,0.038,0.040,0.039,0.044,0.052,0.026,0.035,0.041,0.052,0.037,0.042,0.039,0.043,0.042,0.035,0.041,0.034
"Bosnia and Herzegovina","Europe","BIH","Subnat","BIHr103","Central Bosnia",0.031,0.041,0.031,0.033,0.033,0.044,0.040,0.035,0.034,0.044,0.029,0.046,0.041,0.033,0.042,0.044,0.039,0.040,0.037,0.043,0.046,0.026,0.033,0.036,0.048,0.036,0.040,0.040,0.043,0.038,0.034,0.039,0.032
"Bosnia and Herzegovina","Europe","BIH","Subnat","BIHr102","Northern Bosnia",0.025,0.037,0.027,0.028,0.031,0.036,0.036,0.034,0.029,0.039,0.022,0.045,0.037,0.026,0.037,0.040,0.035,0.034,0.031,0.035,0.043,0.023,0.028,0.032,0.046,0.033,0.035,0.032,0.037,0.033,0.028,0.034,0.028
"Bosnia and Herzegovina","Europe","BIH","Subnat","BIHr105","Republica Srpska",0.030,0.040,0.031,0.033,0.032,0.042,0.042,0.035,0.035,0.044,0.028,0.045,0.041,0.031,0.044,0.044,0.036,0.038,0.036,0.042,0.049,0.025,0.033,0.039,0.048,0.035,0.040,0.037,0.041,0.038,0.034,0.039,0.033
"Bosnia and Herzegovina","Europe","BIH","Subnat","BIHr101","Western Bosnia",0.033,0.042,0.032,0.039,0.033,0.047,0.040,0.039,0.036,0.046,0.030,0.044,0.046,0.029,0.045,0.046,0.038,0.040,0.040,0.041,0.051,0.026,0.037,0.043,0.056,0.040,0.045,0.042,0.043,0.043,0.036,0.040,0.034
"Bosnia and Herzegovina","Europe","BIH","Subnat","BIHr104","Western herzegovina",0.043,0.049,0.045,0.044,0.037,0.059,0.057,0.042,0.047,0.055,0.046,0.052,0.055,0.043,0.060,0.052,0.041,0.047,0.052,0.057,0.068,0.031,0.045,0.057,0.060,0.040,0.050,0.046,0.052,0.055,0.045,0.051,0.042
"Botswana","Africa","BWA","National","BWAt","Total",0.013,0.018,0.009,0.016,0.012,0.016,0.017,0.017,0.015,0.014,0.025,0.021,0.010,0.011,0.016,0.013,0.020,0.011,0.016,0.018,0.017,0.018,0.012,0.013,0.020,0.009,0.014,0.021,0.013,0.012,0.016,0.021,0.017
"Botswana","Africa","BWA","Subnat","BWAr101","Central",0.012,0.016,0.009,0.014,0.011,0.016,0.022,0.015,0.015,0.013,0.026,0.020,0.007,0.010,0.016,0.012,0.018,0.013,0.014,0.018,0.015,0.015,0.011,0.016,0.023,0.008,0.015,0.021,0.016,0.012,0.018,0.018,0.015
"Botswana","Africa","BWA","Subnat","BWAr110","Chobe",0.015,0.023,0.013,0.028,0.018,0.017,0.022,0.020,0.020,0.018,0.028,0.023,0.013,0.017,0.022,0.022,0.023,0.018,0.028,0.019,0.022,0.023,0.020,0.025,0.027,0.014,0.023,0.031,0.022,0.017,0.025,0.023,0.028
"Botswana","Africa","BWA","Subnat","BWAr102","Ghanzi",0.013,0.016,0.007,0.014,0.012,0.013,0.013,0.016,0.011,0.013,0.020,0.017,0.009,0.009,0.014,0.012,0.021,0.007,0.011,0.016,0.018,0.016,0.011,0.010,0.019,0.009,0.012,0.021,0.010,0.009,0.015,0.022,0.012
"Botswana","Africa","BWA","Subnat","BWAr103","Kgalagadi",0.009,0.015,0.005,0.011,0.006,0.009,0.009,0.011,0.010,0.010,0.014,0.014,0.009,0.007,0.011,0.009,0.018,0.006,0.009,0.011,0.016,0.015,0.010,0.005,0.014,0.006,0.007,0.013,0.006,0.007,0.010,0.016,0.012
"Botswana","Africa","BWA","Subnat","BWAr104","Kgatleng",0.012,0.018,0.009,0.012,0.009,0.020,0.020,0.018,0.014,0.013,0.029,0.020,0.009,0.010,0.016,0.010,0.018,0.011,0.015,0.019,0.015,0.016,0.011,0.012,0.018,0.007,0.012,0.017,0.013,0.011,0.015,0.020,0.013
"Botswana","Africa","BWA","Subnat","BWAr105","Kweneng",0.012,0.016,0.008,0.011,0.009,0.017,0.014,0.016,0.013,0.012,0.022,0.019,0.009,0.009,0.014,0.011,0.019,0.008,0.013,0.018,0.015,0.015,0.009,0.009,0.016,0.006,0.011,0.016,0.009,0.010,0.013,0.019,0.015
"Botswana","Africa","BWA","Subnat","BWAr106","North-East",0.013,0.014,0.012,0.015,0.011,0.016,0.023,0.015,0.018,0.014,0.029,0.023,0.007,0.013,0.016,0.013,0.017,0.017,0.016,0.019,0.017,0.017,0.010,0.014,0.023,0.009,0.017,0.023,0.016,0.014,0.019,0.018,0.016
"Botswana","Africa","BWA","Subnat","BWAr107","North-West, Ngamiland",0.017,0.025,0.010,0.023,0.020,0.015,0.019,0.019,0.016,0.016,0.028,0.022,0.012,0.013,0.020,0.019,0.026,0.011,0.022,0.021,0.021,0.025,0.018,0.020,0.025,0.012,0.020,0.029,0.021,0.011,0.022,0.026,0.019
"Botswana","Africa","BWA","Subnat","BWAr108","South-East",0.014,0.021,0.010,0.014,0.011,0.021,0.017,0.021,0.016,0.016,0.028,0.025,0.011,0.011,0.017,0.014,0.021,0.012,0.016,0.021,0.016,0.018,0.012,0.009,0.018,0.008,0.014,0.021,0.012,0.013,0.013,0.022,0.018
"Botswana","Africa","BWA","Subnat","BWAr109","Southern",0.013,0.021,0.010,0.013,0.010,0.017,0.014,0.018,0.016,0.014,0.024,0.022,0.011,0.010,0.014,0.011,0.021,0.010,0.014,0.019,0.017,0.016,0.012,0.009,0.017,0.008,0.012,0.017,0.009,0.012,0.012,0.021,0.018
"Brazil","America","BRA","National","BRAt","Total",0.044,0.048,0.049,0.044,0.050,0.051,0.051,0.049,0.046,0.048,0.051,0.045,0.046,0.044,0.049,0.047,0.048,0.044,0.051,0.054,0.046,0.052,0.041,0.048,0.045,0.043,0.044,0.046,0.047,0.043,0.045,0.045,0.047
"Brazil","America","BRA","Subnat","BRAr102","Acre",0.075,0.069,0.068,0.077,0.076,0.066,0.067,0.070,0.066,0.066,0.066,0.067,0.067,0.066,0.063,0.062,0.063,0.065,0.069,0.077,0.059,0.069,0.075,0.073,0.078,0.074,0.064,0.074,0.071,0.074,0.057,0.071,0.064
"Brazil","America","BRA","Subnat","BRAr114","Alagoas",0.019,0.024,0.027,0.018,0.023,0.024,0.030,0.024,0.018,0.021,0.035,0.022,0.029,0.021,0.032,0.026,0.026,0.028,0.028,0.030,0.030,0.035,0.016,0.023,0.027,0.018,0.018,0.029,0.021,0.024,0.031,0.024,0.036
"Brazil","America","BRA","Subnat","BRAr106","Amapa",0.059,0.059,0.049,0.058,0.061,0.058,0.073,0.059,0.055,0.076,0.082,0.068,0.071,0.067,0.067,0.073,0.076,0.073,0.078,0.067,0.070,0.082,0.059,0.075,0.075,0.068,0.068,0.083,0.095,0.070,0.078,0.098,0.097
"Brazil","America","BRA","Subnat","BRAr103","Amazonas",0.092,0.089,0.085,0.097,0.096,0.085,0.093,0.086,0.087,0.095,0.094,0.091,0.088,0.090,0.086,0.087,0.088,0.086,0.092,0.093,0.082,0.091,0.089,0.094,0.096,0.088,0.090,0.091,0.090,0.095,0.083,0.092,0.083
"Brazil","America","BRA","Subnat","BRAr116","Bahia",0.018,0.026,0.036,0.015,0.023,0.030,0.022,0.032,0.023,0.028,0.029,0.019,0.025,0.018,0.030,0.030,0.028,0.023,0.025,0.028,0.027,0.024,0.015,0.025,0.021,0.016,0.024,0.019,0.023,0.018,0.032,0.030,0.030
"Brazil","America","BRA","Subnat","BRAr110","Ceara",0.020,0.028,0.019,0.013,0.033,0.036,0.035,0.023,0.016,0.030,0.031,0.023,0.028,0.027,0.034,0.018,0.025,0.022,0.031,0.044,0.020,0.038,0.012,0.018,0.020,0.020,0.022,0.026,0.029,0.031,0.032,0.018,0.029
"Brazil","America","BRA","Subnat","BRAr127","Distrito Federal",0.036,0.050,0.064,0.042,0.047,0.046,0.042,0.053,0.043,0.044,0.044,0.038,0.041,0.034,0.049,0.047,0.053,0.031,0.044,0.049,0.040,0.047,0.036,0.048,0.040,0.035,0.040,0.039,0.039,0.029,0.042,0.041,0.039
"Brazil","America","BRA","Subnat","BRAr118","Espirito Santo",0.035,0.048,0.052,0.030,0.036,0.044,0.038,0.039,0.033,0.038,0.041,0.038,0.040,0.032,0.051,0.051,0.046,0.033,0.045,0.047,0.035,0.041,0.029,0.046,0.029,0.023,0.032,0.029,0.044,0.030,0.041,0.041,0.042
"Brazil","America","BRA","Subnat","BRAr126","Goias",0.043,0.057,0.066,0.048,0.053,0.054,0.049,0.058,0.046,0.044,0.053,0.044,0.042,0.042,0.050,0.050,0.053,0.039,0.049,0.054,0.044,0.052,0.039,0.051,0.041,0.039,0.045,0.042,0.044,0.033,0.043,0.041,0.040
"Brazil","America","BRA","Subnat","BRAr108","Maranhao",0.037,0.047,0.041,0.044,0.055,0.060,0.059,0.047,0.042,0.062,0.053,0.051,0.051,0.049,0.052,0.048,0.051,0.043,0.054,0.065,0.043,0.057,0.039,0.048,0.045,0.037,0.042,0.048,0.054,0.050,0.053,0.048,0.050
"Brazil","America","BRA","Subnat","BRAr125","Mato Grosso",0.058,0.061,0.069,0.058,0.060,0.060,0.057,0.059,0.053,0.052,0.054,0.056,0.049,0.053,0.054,0.055,0.058,0.052,0.059,0.061,0.054,0.061,0.054,0.066,0.061,0.050,0.058,0.055,0.059,0.047,0.045,0.055,0.046
"Brazil","America","BRA","Subnat","BRAr124","Mato Grosso do Sul",0.052,0.049,0.060,0.046,0.053,0.051,0.055,0.056,0.054,0.039,0.051,0.051,0.038,0.044,0.038,0.043,0.044,0.043,0.045,0.052,0.042,0.048,0.043,0.045,0.046,0.050,0.048,0.051,0.045,0.034,0.030,0.033,0.032
"Brazil","America","BRA","Subnat","BRAr117","Minas Gerais",0.033,0.050,0.055,0.035,0.040,0.046,0.040,0.045,0.039,0.037,0.042,0.035,0.039,0.034,0.045,0.043,0.043,0.032,0.045,0.048,0.037,0.043,0.032,0.041,0.026,0.029,0.038,0.030,0.039,0.029,0.041,0.038,0.039
"Brazil","America","BRA","Subnat","BRAr105","Para",0.061,0.064,0.057,0.069,0.072,0.070,0.078,0.060,0.060,0.085,0.083,0.073,0.067,0.070,0.077,0.074,0.077,0.070,0.080,0.080,0.069,0.080,0.066,0.076,0.068,0.056,0.067,0.072,0.076,0.068,0.071,0.077,0.073
"Brazil","America","BRA","Subnat","BRAr112","Paraiba",0.012,0.018,0.016,0.007,0.021,0.021,0.021,0.014,0.009,0.014,0.025,0.012,0.019,0.018,0.026,0.016,0.017,0.015,0.030,0.027,0.016,0.027,0.008,0.012,0.015,0.012,0.015,0.016,0.018,0.020,0.026,0.013,0.021
"Brazil","America","BRA","Subnat","BRAr121","Parana",0.063,0.054,0.062,0.060,0.060,0.060,0.063,0.070,0.075,0.048,0.058,0.056,0.050,0.050,0.053,0.050,0.042,0.048,0.053,0.064,0.058,0.056,0.049,0.061,0.054,0.071,0.057,0.054,0.046,0.046,0.040,0.042,0.054
"Brazil","America","BRA","Subnat","BRAr113","Pernambuco",0.012,0.018,0.019,0.009,0.020,0.025,0.020,0.021,0.012,0.017,0.026,0.014,0.019,0.017,0.026,0.019,0.019,0.018,0.026,0.027,0.021,0.023,0.008,0.015,0.016,0.012,0.015,0.015,0.018,0.019,0.024,0.014,0.024
"Brazil","America","BRA","Subnat","BRAr109","Piaui",0.021,0.031,0.029,0.026,0.036,0.047,0.042,0.036,0.029,0.041,0.035,0.031,0.033,0.030,0.038,0.033,0.036,0.025,0.038,0.047,0.028,0.035,0.019,0.029,0.024,0.021,0.027,0.028,0.032,0.027,0.038,0.028,0.031
"Brazil","America","BRA","Subnat","BRAr119","Rio de Janeiro",0.045,0.057,0.058,0.047,0.055,0.061,0.058,0.051,0.054,0.049,0.046,0.044,0.046,0.052,0.058,0.059,0.048,0.048,0.066,0.067,0.051,0.049,0.044,0.057,0.034,0.045,0.049,0.038,0.053,0.046,0.057,0.049,0.055
"Brazil","America","BRA","Subnat","BRAr111","Rio Grande do Norte",0.011,0.018,0.014,0.007,0.022,0.023,0.024,0.013,0.010,0.014,0.025,0.013,0.019,0.019,0.026,0.013,0.016,0.014,0.028,0.033,0.013,0.029,0.010,0.011,0.016,0.015,0.017,0.022,0.022,0.024,0.025,0.015,0.025
"Brazil","America","BRA","Subnat","BRAr123","Rio Grande do Sul",0.064,0.049,0.059,0.059,0.063,0.056,0.056,0.068,0.081,0.051,0.060,0.062,0.073,0.055,0.043,0.050,0.047,0.060,0.048,0.054,0.052,0.052,0.044,0.050,0.066,0.070,0.049,0.058,0.049,0.054,0.039,0.040,0.044
"Brazil","America","BRA","Subnat","BRAr101","Rondonia",0.067,0.065,0.065,0.068,0.069,0.060,0.063,0.064,0.062,0.061,0.060,0.064,0.060,0.064,0.070,0.059,0.064,0.061,0.066,0.069,0.057,0.069,0.068,0.076,0.077,0.066,0.072,0.065,0.069,0.066,0.056,0.067,0.058
"Brazil","America","BRA","Subnat","BRAr104","Roraima",0.083,0.073,0.062,0.080,0.075,0.076,0.085,0.063,0.078,0.091,0.084,0.071,0.079,0.076,0.077,0.086,0.087,0.084,0.087,0.062,0.088,0.087,0.081,0.078,0.071,0.058,0.075,0.082,0.080,0.082,0.076,0.089,0.086
"Brazil","America","BRA","Subnat","BRAr122","Santa Catarina",0.068,0.054,0.065,0.064,0.068,0.066,0.070,0.070,0.080,0.055,0.062,0.063,0.063,0.049,0.060,0.060,0.046,0.059,0.062,0.063,0.066,0.071,0.052,0.062,0.064,0.076,0.058,0.058,0.051,0.054,0.045,0.050,0.063
"Brazil","America","BRA","Subnat","BRAr120","Sao Paulo",0.048,0.057,0.053,0.053,0.048,0.058,0.057,0.057,0.056,0.047,0.052,0.045,0.041,0.044,0.048,0.047,0.044,0.046,0.047,0.058,0.046,0.049,0.046,0.047,0.036,0.054,0.047,0.044,0.037,0.038,0.037,0.034,0.041
"Brazil","America","BRA","Subnat","BRAr115","Sergipe",0.018,0.024,0.025,0.016,0.022,0.022,0.025,0.025,0.019,0.026,0.032,0.022,0.028,0.022,0.029,0.026,0.028,0.027,0.026,0.029,0.033,0.029,0.016,0.022,0.025,0.020,0.019,0.024,0.018,0.023,0.029,0.023,0.029
"Brazil","America","BRA","Subnat","BRAr107","Tocantins",0.044,0.057,0.065,0.051,0.056,0.064,0.058,0.058,0.049,0.056,0.055,0.051,0.047,0.049,0.057,0.059,0.057,0.045,0.056,0.063,0.049,0.061,0.046,0.057,0.048,0.042,0.047,0.051,0.054,0.042,0.049,0.056,0.048
"Brunei Darussalam","Asia/Pacific","BRN","National","BRNt","Total",0.083,0.098,0.085,0.090,0.084,0.102,0.110,0.084,0.095,0.104,0.094,0.095,0.069,0.081,0.076,0.077,0.088,0.117,0.126,0.093,0.119,0.110,0.104,0.101,0.103,0.097,0.090,0.113,0.102,0.089,0.105,0.112,0.124
"Bulgaria","Europe","BGR","National","BGRt","Total",0.020,0.028,0.021,0.021,0.023,0.028,0.026,0.028,0.027,0.027,0.016,0.023,0.029,0.023,0.023,0.034,0.024,0.025,0.020,0.025,0.028,0.020,0.023,0.023,0.036,0.025,0.025,0.026,0.027,0.022,0.023,0.029,0.019
"Bulgaria","Europe","BGR","Subnat","BGRr102","Severen tsentralen",0.018,0.031,0.020,0.022,0.023,0.029,0.025,0.031,0.027,0.027,0.016,0.023,0.029,0.021,0.023,0.038,0.022,0.022,0.019,0.022,0.026,0.021,0.024,0.024,0.035,0.023,0.025,0.025,0.025,0.020,0.021,0.028,0.015
"Bulgaria","Europe","BGR","Subnat","BGRr103","Severoiztochen",0.017,0.026,0.020,0.022,0.021,0.026,0.021,0.030,0.025,0.025,0.015,0.019,0.025,0.020,0.021,0.032,0.020,0.019,0.018,0.019,0.025,0.021,0.021,0.020,0.031,0.022,0.023,0.021,0.024,0.017,0.018,0.028,0.015
"Bulgaria","Europe","BGR","Subnat","BGRr101","Severozapaden",0.020,0.028,0.021,0.019,0.024,0.028,0.025,0.025,0.026,0.027,0.015,0.023,0.028,0.024,0.023,0.037,0.024,0.026,0.020,0.026,0.028,0.017,0.022,0.024,0.039,0.024,0.027,0.027,0.027,0.022,0.023,0.026,0.020
"Bulgaria","Europe","BGR","Subnat","BGRr104","Yugoiztochen",0.019,0.025,0.020,0.022,0.022,0.027,0.025,0.028,0.029,0.026,0.015,0.021,0.027,0.020,0.022,0.031,0.022,0.023,0.019,0.024,0.028,0.023,0.022,0.021,0.035,0.024,0.023,0.025,0.026,0.020,0.020,0.029,0.017
"Bulgaria","Europe","BGR","Subnat","BGRr105","Yugozapaden",0.023,0.030,0.024,0.018,0.023,0.032,0.030,0.026,0.028,0.028,0.017,0.027,0.030,0.027,0.026,0.033,0.028,0.031,0.023,0.031,0.032,0.019,0.025,0.025,0.037,0.028,0.028,0.029,0.029,0.024,0.029,0.032,0.025
"Bulgaria","Europe","BGR","Subnat","BGRr106","Yuzhen tsentralen",0.023,0.027,0.022,0.020,0.024,0.029,0.028,0.028,0.029,0.027,0.016,0.026,0.033,0.025,0.025,0.033,0.028,0.030,0.021,0.028,0.031,0.022,0.025,0.024,0.040,0.031,0.024,0.029,0.030,0.027,0.026,0.031,0.021
"Burkina Faso","Africa","BFA","National","BFAt","Total",0.018,0.021,0.023,0.018,0.025,0.021,0.019,0.021,0.022,0.024,0.021,0.020,0.018,0.025,0.015,0.018,0.019,0.018,0.019,0.019,0.024,0.016,0.023,0.018,0.018,0.022,0.020,0.020,0.023,0.022,0.024,0.016,0.022
"Burkina Faso","Africa","BFA","Subnat","BFAr101","Boucle de Mouhoun",0.019,0.020,0.023,0.017,0.025,0.021,0.019,0.020,0.023,0.025,0.022,0.020,0.018,0.025,0.017,0.018,0.020,0.019,0.020,0.020,0.028,0.015,0.024,0.019,0.017,0.022,0.018,0.020,0.022,0.024,0.024,0.016,0.021
"Burkina Faso","Africa","BFA","Subnat","BFAr102","Cascades",0.031,0.032,0.032,0.030,0.035,0.039,0.033,0.030,0.034,0.033,0.028,0.026,0.026,0.039,0.023,0.027,0.028,0.028,0.033,0.029,0.034,0.027,0.030,0.026,0.025,0.029,0.026,0.031,0.035,0.032,0.032,0.026,0.034
"Burkina Faso","Africa","BFA","Subnat","BFAr103","Centre (incl Ouagadougou)",0.014,0.018,0.021,0.017,0.025,0.017,0.017,0.020,0.021,0.021,0.021,0.020,0.017,0.024,0.013,0.015,0.016,0.014,0.018,0.017,0.021,0.014,0.021,0.018,0.016,0.022,0.024,0.020,0.020,0.020,0.024,0.015,0.022
"Burkina Faso","Africa","BFA","Subnat","BFAr104","Centre-Est",0.018,0.021,0.025,0.017,0.024,0.020,0.020,0.021,0.021,0.025,0.020,0.020,0.021,0.021,0.015,0.017,0.019,0.018,0.017,0.020,0.023,0.017,0.026,0.019,0.020,0.023,0.022,0.020,0.026,0.021,0.025,0.018,0.024
"Burkina Faso","Africa","BFA","Subnat","BFAr105","Centre-Nord",0.012,0.014,0.016,0.012,0.019,0.012,0.011,0.014,0.015,0.016,0.015,0.014,0.012,0.018,0.008,0.012,0.010,0.012,0.012,0.013,0.014,0.010,0.018,0.013,0.010,0.016,0.014,0.015,0.016,0.013,0.015,0.009,0.014
"Burkina Faso","Africa","BFA","Subnat","BFAr106","Centre-Ouest",0.020,0.023,0.025,0.021,0.027,0.022,0.021,0.024,0.025,0.027,0.024,0.023,0.020,0.028,0.017,0.021,0.023,0.018,0.021,0.021,0.028,0.017,0.025,0.020,0.021,0.027,0.023,0.024,0.024,0.025,0.028,0.018,0.023
"Burkina Faso","Africa","BFA","Subnat","BFAr107","Centre-Sud",0.020,0.022,0.026,0.020,0.027,0.022,0.020,0.023,0.024,0.028,0.024,0.023,0.021,0.024,0.016,0.019,0.022,0.020,0.020,0.021,0.028,0.019,0.025,0.020,0.022,0.026,0.025,0.022,0.026,0.023,0.029,0.018,0.026
"Burkina Faso","Africa","BFA","Subnat","BFAr108","Est",0.014,0.019,0.019,0.014,0.023,0.016,0.015,0.016,0.018,0.021,0.017,0.016,0.018,0.021,0.013,0.015,0.014,0.014,0.016,0.018,0.019,0.012,0.024,0.017,0.016,0.019,0.018,0.017,0.020,0.018,0.020,0.015,0.019
"Burkina Faso","Africa","BFA","Subnat","BFAr109","Hauts Bassins",0.027,0.027,0.031,0.025,0.032,0.033,0.027,0.030,0.032,0.030,0.029,0.026,0.024,0.033,0.020,0.023,0.028,0.024,0.027,0.027,0.035,0.025,0.028,0.023,0.022,0.026,0.023,0.025,0.030,0.031,0.032,0.021,0.031
"Burkina Faso","Africa","BFA","Subnat","BFAr110","Nord",0.012,0.015,0.017,0.013,0.020,0.013,0.013,0.015,0.015,0.018,0.015,0.015,0.012,0.018,0.011,0.016,0.013,0.014,0.013,0.013,0.018,0.010,0.018,0.013,0.011,0.017,0.014,0.014,0.016,0.016,0.018,0.010,0.013
"Burkina Faso","Africa","BFA","Subnat","BFAr111","Plateau Central",0.014,0.017,0.021,0.015,0.024,0.016,0.016,0.019,0.021,0.020,0.020,0.018,0.016,0.021,0.012,0.015,0.015,0.014,0.015,0.017,0.019,0.014,0.020,0.018,0.015,0.020,0.022,0.019,0.020,0.019,0.021,0.015,0.021
"Burkina Faso","Africa","BFA","Subnat","BFAr112","Sahel",0.008,0.011,0.011,0.008,0.013,0.009,0.008,0.009,0.012,0.015,0.009,0.010,0.008,0.013,0.006,0.010,0.007,0.009,0.008,0.008,0.012,0.006,0.014,0.008,0.008,0.011,0.010,0.011,0.011,0.010,0.010,0.005,0.008
"Burkina Faso","Africa","BFA","Subnat","BFAr113","Sud-Ouest",0.028,0.031,0.028,0.029,0.032,0.034,0.030,0.031,0.030,0.033,0.027,0.025,0.024,0.036,0.021,0.027,0.025,0.025,0.027,0.027,0.035,0.025,0.029,0.024,0.024,0.026,0.025,0.027,0.033,0.030,0.030,0.022,0.029
"Burundi","Africa","BDI","National","BDIt","Total",0.069,0.072,0.068,0.062,0.073,0.062,0.061,0.072,0.064,0.056,0.051,0.065,0.061,0.052,0.057,0.059,0.069,0.064,0.059,0.065,0.064,0.072,0.067,0.064,0.065,0.065,0.061,0.065,0.071,0.071,0.070,0.065,0.065
"Burundi","Africa","BDI","Subnat","BDIr104","West (Bubanza, Buja Rural, Cibitoke, Mairie de Bujumbura)",0.081,0.090,0.088,0.073,0.089,0.074,0.077,0.087,0.078,0.071,0.065,0.083,0.075,0.068,0.072,0.073,0.087,0.082,0.074,0.081,0.080,0.088,0.085,0.078,0.080,0.080,0.076,0.078,0.087,0.094,0.088,0.083,0.084
"Burundi","Africa","BDI","Subnat","BDIr103","East (Cankuzo, Rutana, Ruyigi )",0.045,0.044,0.040,0.038,0.045,0.040,0.035,0.048,0.040,0.031,0.029,0.038,0.037,0.026,0.035,0.032,0.041,0.035,0.033,0.036,0.041,0.046,0.041,0.041,0.040,0.040,0.038,0.038,0.047,0.043,0.043,0.038,0.038
"Burundi","Africa","BDI","Subnat","BDIr105","Middle (Gitega, Karuzi, Muramvya, Mwaro)",0.065,0.066,0.062,0.059,0.068,0.058,0.057,0.066,0.059,0.051,0.047,0.059,0.055,0.047,0.053,0.053,0.063,0.057,0.054,0.058,0.059,0.069,0.060,0.058,0.062,0.058,0.054,0.060,0.069,0.065,0.060,0.059,0.058
"Burundi","Africa","BDI","Subnat","BDIr101","North (Kayanza, Kirundo, Muyinga, Ngozi)",0.056,0.054,0.049,0.044,0.054,0.046,0.045,0.052,0.045,0.037,0.034,0.049,0.045,0.034,0.042,0.040,0.051,0.043,0.040,0.048,0.046,0.055,0.049,0.046,0.046,0.047,0.042,0.045,0.053,0.049,0.047,0.047,0.047
"Burundi","Africa","BDI","Subnat","BDIr102","South (Bururi, Makamba)",0.098,0.107,0.103,0.095,0.109,0.091,0.093,0.109,0.096,0.092,0.081,0.098,0.091,0.086,0.085,0.095,0.103,0.101,0.094,0.099,0.092,0.103,0.100,0.096,0.096,0.101,0.094,0.103,0.099,0.104,0.111,0.101,0.098
"Cabo Verde","Africa","CPV","National","CPVt","Total",0.006,0.003,0.002,0.003,0.003,0.005,0.004,0.003,0.003,0.008,0.007,0.004,0.003,0.005,0.005,0.005,0.005,0.004,0.007,0.007,0.010,0.005,0.007,0.009,0.004,0.008,0.009,0.002,0.003,0.003,0.007,0.004,0.005
"Cabo Verde","Africa","CPV","Subnat","CPVr105","Fogo",0.009,0.004,0.003,0.004,0.004,0.006,0.004,0.006,0.004,0.010,0.008,0.004,0.003,0.009,0.006,0.007,0.005,0.005,0.008,0.007,0.013,0.007,0.008,0.011,0.004,0.009,0.010,0.003,0.004,0.004,0.009,0.004,0.006
"Cabo Verde","Africa","CPV","Subnat","CPVr106","Other islands (Boa Vista, Brava, Maio, So Nicola, Sal)",0.003,0.002,0.001,0.003,0.002,0.003,0.004,0.002,0.003,0.007,0.005,0.003,0.002,0.004,0.003,0.004,0.003,0.003,0.005,0.006,0.008,0.003,0.006,0.007,0.003,0.007,0.006,0.002,0.002,0.003,0.005,0.003,0.004
"Cabo Verde","Africa","CPV","Subnat","CPVr101","S.Antao",0.005,0.003,0.002,0.003,0.003,0.004,0.005,0.002,0.002,0.006,0.005,0.004,0.004,0.004,0.006,0.004,0.005,0.003,0.006,0.005,0.011,0.005,0.005,0.007,0.003,0.006,0.011,0.003,0.003,0.003,0.006,0.003,0.004
"Cabo Verde","Africa","CPV","Subnat","CPVr102","S.Vicente",0.003,0.002,0.001,0.002,0.002,0.002,0.004,0.001,0.002,0.004,0.004,0.003,0.002,0.003,0.004,0.003,0.003,0.002,0.004,0.004,0.008,0.004,0.004,0.006,0.002,0.006,0.008,0.001,0.002,0.003,0.004,0.002,0.003
"Cabo Verde","Africa","CPV","Subnat","CPVr104","Santiago- Praia",0.007,0.004,0.003,0.004,0.003,0.007,0.005,0.003,0.005,0.013,0.010,0.005,0.004,0.007,0.005,0.007,0.007,0.005,0.009,0.011,0.012,0.006,0.008,0.011,0.005,0.012,0.010,0.002,0.005,0.004,0.009,0.006,0.007
"Cabo Verde","Africa","CPV","Subnat","CPVr103","Santiago-Interior",0.007,0.004,0.003,0.004,0.003,0.006,0.005,0.004,0.004,0.011,0.009,0.005,0.003,0.007,0.005,0.007,0.007,0.005,0.009,0.010,0.011,0.006,0.008,0.011,0.005,0.011,0.010,0.002,0.004,0.004,0.008,0.005,0.006
"Cambodia","Asia/Pacific","KHM","National","KHMt","Total",0.052,0.053,0.048,0.056,0.052,0.053,0.061,0.052,0.056,0.069,0.064,0.056,0.050,0.057,0.047,0.052,0.057,0.063,0.061,0.059,0.056,0.057,0.058,0.062,0.051,0.046,0.060,0.063,0.059,0.048,0.053,0.059,0.068
"Cambodia","Asia/Pacific","KHM","Subnat","KHMr101","Banteay Mean Chey",0.039,0.041,0.036,0.034,0.039,0.042,0.049,0.041,0.037,0.055,0.055,0.043,0.043,0.041,0.035,0.039,0.045,0.045,0.048,0.044,0.043,0.047,0.041,0.053,0.037,0.036,0.044,0.043,0.044,0.036,0.044,0.045,0.053
"Cambodia","Asia/Pacific","KHM","Subnat","KHMr113","Bat Dambang-Krong Pailin",0.043,0.044,0.038,0.043,0.042,0.045,0.051,0.041,0.042,0.062,0.056,0.045,0.046,0.048,0.039,0.046,0.046,0.049,0.048,0.048,0.048,0.049,0.047,0.055,0.041,0.040,0.049,0.050,0.049,0.039,0.046,0.049,0.059
"Cambodia","Asia/Pacific","KHM","Subnat","KHMr102","Kampong Cham (incl Tboung Khmum)",0.057,0.053,0.047,0.057,0.051,0.052,0.058,0.052,0.057,0.065,0.059,0.052,0.047,0.054,0.046,0.046,0.053,0.061,0.059,0.061,0.054,0.055,0.058,0.058,0.048,0.041,0.058,0.062,0.055,0.046,0.050,0.055,0.064
"Cambodia","Asia/Pacific","KHM","Subnat","KHMr103","Kampong Chhnang",0.049,0.050,0.044,0.052,0.047,0.048,0.056,0.045,0.053,0.067,0.060,0.048,0.045,0.054,0.041,0.047,0.048,0.058,0.056,0.051,0.049,0.053,0.049,0.054,0.044,0.040,0.058,0.056,0.047,0.043,0.044,0.051,0.062
"Cambodia","Asia/Pacific","KHM","Subnat","KHMr104","Kampong Spueu",0.039,0.045,0.040,0.047,0.046,0.045,0.052,0.043,0.051,0.065,0.055,0.050,0.041,0.055,0.041,0.049,0.050,0.057,0.056,0.051,0.048,0.050,0.051,0.053,0.046,0.041,0.056,0.058,0.053,0.043,0.050,0.056,0.065
"Cambodia","Asia/Pacific","KHM","Subnat","KHMr105","Kampong Thum",0.059,0.053,0.049,0.056,0.054,0.053,0.061,0.053,0.053,0.069,0.061,0.050,0.052,0.054,0.048,0.047,0.053,0.064,0.057,0.061,0.054,0.056,0.054,0.062,0.048,0.041,0.059,0.061,0.054,0.042,0.050,0.055,0.067
"Cambodia","Asia/Pacific","KHM","Subnat","KHMr114","Kampot-Krong Kaeb-Krong Preah Sihanouk",0.055,0.066,0.060,0.069,0.069,0.063,0.074,0.067,0.072,0.087,0.082,0.077,0.063,0.073,0.062,0.068,0.080,0.078,0.077,0.072,0.073,0.070,0.074,0.074,0.064,0.061,0.077,0.083,0.085,0.063,0.069,0.079,0.084
"Cambodia","Asia/Pacific","KHM","Subnat","KHMr106","Kandal",0.040,0.044,0.040,0.051,0.042,0.046,0.054,0.041,0.054,0.060,0.052,0.050,0.038,0.051,0.038,0.044,0.046,0.057,0.056,0.050,0.053,0.046,0.053,0.051,0.042,0.038,0.054,0.057,0.049,0.039,0.047,0.052,0.058
"Cambodia","Asia/Pacific","KHM","Subnat","KHMr107","Kaoh Kong",0.083,0.090,0.077,0.089,0.095,0.086,0.093,0.094,0.088,0.114,0.108,0.098,0.091,0.099,0.085,0.095,0.101,0.099,0.097,0.100,0.083,0.095,0.097,0.098,0.090,0.087,0.094,0.100,0.107,0.085,0.086,0.101,0.107
"Cambodia","Asia/Pacific","KHM","Subnat","KHMr116","Mondol Kiri-Rotanak Kiri",0.078,0.064,0.061,0.064,0.058,0.056,0.069,0.067,0.063,0.069,0.069,0.061,0.061,0.060,0.053,0.058,0.070,0.080,0.064,0.082,0.057,0.070,0.071,0.077,0.068,0.055,0.069,0.072,0.069,0.062,0.058,0.066,0.072
"Cambodia","Asia/Pacific","KHM","Subnat","KHMr108","Phnom Penh",0.038,0.041,0.038,0.049,0.040,0.043,0.051,0.038,0.051,0.059,0.050,0.047,0.036,0.049,0.036,0.043,0.043,0.055,0.053,0.049,0.048,0.044,0.050,0.049,0.040,0.035,0.051,0.054,0.047,0.038,0.045,0.050,0.059
"Cambodia","Asia/Pacific","KHM","Subnat","KHMr110","Pousat",0.055,0.057,0.049,0.058,0.055,0.058,0.067,0.054,0.058,0.078,0.072,0.058,0.055,0.063,0.051,0.061,0.059,0.063,0.062,0.061,0.060,0.061,0.059,0.064,0.055,0.051,0.061,0.065,0.062,0.053,0.057,0.064,0.074
"Cambodia","Asia/Pacific","KHM","Subnat","KHMr115","Preah Vihear-Stueng Traeng-Kracheh",0.069,0.058,0.056,0.062,0.059,0.058,0.064,0.062,0.057,0.069,0.066,0.058,0.062,0.058,0.053,0.053,0.062,0.071,0.065,0.069,0.057,0.064,0.063,0.069,0.058,0.049,0.065,0.066,0.061,0.054,0.054,0.058,0.075
"Cambodia","Asia/Pacific","KHM","Subnat","KHMr109","Prey Veaeng",0.049,0.047,0.044,0.055,0.046,0.050,0.057,0.047,0.057,0.060,0.056,0.053,0.041,0.054,0.041,0.046,0.052,0.060,0.059,0.054,0.058,0.050,0.057,0.055,0.045,0.041,0.057,0.062,0.055,0.043,0.048,0.053,0.060
"Cambodia","Asia/Pacific","KHM","Subnat","KHMr117","Siem Reab-Otdar Mean Chey",0.048,0.046,0.042,0.044,0.045,0.046,0.052,0.044,0.041,0.058,0.060,0.045,0.048,0.045,0.041,0.043,0.047,0.050,0.052,0.050,0.047,0.053,0.046,0.057,0.039,0.037,0.048,0.050,0.043,0.040,0.044,0.047,0.060
"Cambodia","Asia/Pacific","KHM","Subnat","KHMr111","Svay Rieng",0.056,0.055,0.049,0.063,0.054,0.055,0.064,0.053,0.062,0.067,0.062,0.057,0.046,0.060,0.045,0.054,0.059,0.064,0.064,0.059,0.066,0.059,0.066,0.061,0.054,0.049,0.064,0.071,0.063,0.048,0.052,0.058,0.066
"Cambodia","Asia/Pacific","KHM","Subnat","KHMr112","Takaev",0.036,0.044,0.042,0.052,0.045,0.047,0.057,0.044,0.058,0.066,0.057,0.056,0.040,0.054,0.042,0.047,0.051,0.057,0.061,0.049,0.060,0.049,0.055,0.055,0.049,0.043,0.056,0.064,0.056,0.043,0.053,0.060,0.063
"Cameroon","Africa","CMR","National","CMRt","Total",0.072,0.067,0.070,0.072,0.075,0.072,0.069,0.066,0.064,0.074,0.067,0.063,0.066,0.064,0.066,0.061,0.059,0.067,0.062,0.064,0.061,0.062,0.064,0.067,0.069,0.063,0.068,0.066,0.064,0.073,0.062,0.060,0.059
"Cameroon","Africa","CMR","Subnat","CMRr101","Adamaoua",0.071,0.070,0.076,0.071,0.076,0.075,0.070,0.068,0.067,0.068,0.064,0.060,0.064,0.060,0.063,0.058,0.055,0.061,0.054,0.067,0.056,0.058,0.058,0.063,0.065,0.060,0.061,0.057,0.059,0.064,0.058,0.054,0.063
"Cameroon","Africa","CMR","Subnat","CMRr102","Centre (incl Yaounde)",0.061,0.057,0.056,0.065,0.066,0.066,0.057,0.056,0.052,0.064,0.059,0.052,0.054,0.052,0.056,0.045,0.045,0.058,0.051,0.052,0.051,0.050,0.052,0.054,0.056,0.051,0.057,0.053,0.051,0.057,0.050,0.051,0.046
"Cameroon","Africa","CMR","Subnat","CMRr103","Est",0.057,0.056,0.054,0.061,0.066,0.061,0.056,0.051,0.049,0.061,0.052,0.049,0.049,0.047,0.048,0.044,0.045,0.049,0.046,0.048,0.046,0.044,0.047,0.047,0.048,0.044,0.051,0.047,0.043,0.052,0.046,0.047,0.039
"Cameroon","Africa","CMR","Subnat","CMRr104","Extreme Nord",0.016,0.019,0.020,0.015,0.027,0.020,0.023,0.019,0.022,0.024,0.019,0.018,0.014,0.019,0.016,0.022,0.013,0.016,0.020,0.015,0.021,0.018,0.020,0.017,0.020,0.016,0.018,0.019,0.019,0.026,0.019,0.016,0.019
"Cameroon","Africa","CMR","Subnat","CMRr105","Littoral (incl Douala)",0.102,0.091,0.093,0.098,0.105,0.099,0.095,0.090,0.086,0.103,0.093,0.092,0.096,0.095,0.093,0.083,0.087,0.099,0.086,0.087,0.086,0.096,0.097,0.098,0.100,0.087,0.099,0.100,0.093,0.107,0.096,0.089,0.084
"Cameroon","Africa","CMR","Subnat","CMRr106","Nord",0.035,0.036,0.042,0.035,0.045,0.042,0.041,0.037,0.041,0.042,0.035,0.033,0.033,0.037,0.033,0.034,0.031,0.031,0.034,0.033,0.035,0.030,0.036,0.032,0.037,0.031,0.035,0.031,0.034,0.038,0.027,0.028,0.038
"Cameroon","Africa","CMR","Subnat","CMRr107","Nord Ouest",0.099,0.095,0.096,0.102,0.094,0.095,0.091,0.093,0.083,0.094,0.089,0.083,0.091,0.086,0.093,0.085,0.081,0.089,0.084,0.091,0.083,0.079,0.085,0.091,0.094,0.087,0.089,0.086,0.089,0.097,0.079,0.081,0.081
"Cameroon","Africa","CMR","Subnat","CMRr108","Ouest",0.075,0.070,0.075,0.076,0.077,0.075,0.071,0.067,0.063,0.075,0.070,0.065,0.067,0.064,0.070,0.064,0.063,0.072,0.063,0.065,0.063,0.064,0.066,0.073,0.069,0.070,0.065,0.066,0.068,0.074,0.065,0.062,0.062
"Cameroon","Africa","CMR","Subnat","CMRr109","Sud",0.072,0.068,0.063,0.075,0.077,0.073,0.070,0.066,0.069,0.081,0.070,0.064,0.069,0.072,0.069,0.060,0.063,0.072,0.068,0.065,0.062,0.065,0.067,0.063,0.068,0.060,0.075,0.068,0.069,0.077,0.068,0.070,0.060
"Cameroon","Africa","CMR","Subnat","CMRr110","Sud Ouest",0.131,0.114,0.121,0.125,0.122,0.116,0.114,0.119,0.104,0.126,0.120,0.116,0.118,0.107,0.119,0.111,0.104,0.122,0.114,0.121,0.109,0.111,0.112,0.133,0.131,0.128,0.131,0.136,0.118,0.143,0.109,0.106,0.097
"Canada","America","CAN","National","CANt","Total",0.029,0.027,0.026,0.028,0.028,0.027,0.029,0.028,0.027,0.030,0.028,0.026,0.028,0.028,0.028,0.030,0.028,0.029,0.029,0.028,0.029,0.030,0.029,0.029,0.030,0.028,0.029,0.028,0.029,0.030,0.029,0.029,0.030
"Canada","America","CAN","Subnat","CANr109","Alberta",0.017,0.018,0.017,0.018,0.017,0.018,0.020,0.020,0.015,0.017,0.017,0.015,0.015,0.017,0.018,0.018,0.017,0.018,0.017,0.015,0.017,0.017,0.019,0.019,0.016,0.015,0.020,0.018,0.017,0.019,0.021,0.016,0.017
"Canada","America","CAN","Subnat","CANr110","British Columbia",0.043,0.042,0.037,0.037,0.043,0.037,0.041,0.046,0.036,0.044,0.037,0.042,0.036,0.040,0.041,0.042,0.039,0.047,0.039,0.037,0.037,0.046,0.040,0.039,0.039,0.041,0.041,0.039,0.037,0.038,0.047,0.044,0.038
"Canada","America","CAN","Subnat","CANr107","Manitoba",0.018,0.019,0.017,0.019,0.017,0.019,0.019,0.021,0.019,0.020,0.020,0.019,0.020,0.017,0.020,0.024,0.020,0.022,0.020,0.019,0.023,0.019,0.020,0.018,0.020,0.020,0.022,0.019,0.018,0.019,0.022,0.019,0.022
"Canada","America","CAN","Subnat","CANr104","New Brunswick",0.043,0.038,0.035,0.039,0.040,0.037,0.041,0.035,0.041,0.041,0.038,0.030,0.039,0.040,0.033,0.044,0.037,0.037,0.046,0.042,0.042,0.044,0.037,0.040,0.049,0.039,0.037,0.038,0.043,0.046,0.034,0.040,0.046
"Canada","America","CAN","Subnat","CANr101","Newfoundland and Labrador",0.033,0.031,0.033,0.034,0.036,0.034,0.037,0.037,0.038,0.040,0.037,0.034,0.036,0.035,0.038,0.036,0.037,0.036,0.035,0.035,0.039,0.036,0.036,0.037,0.035,0.034,0.037,0.038,0.039,0.037,0.039,0.041,0.038
"Canada","America","CAN","Subnat","CANr103","Nova Scotia",0.046,0.040,0.038,0.045,0.045,0.040,0.046,0.039,0.043,0.044,0.041,0.034,0.048,0.042,0.039,0.044,0.040,0.041,0.047,0.046,0.046,0.050,0.043,0.047,0.049,0.048,0.044,0.040,0.049,0.048,0.038,0.046,0.048
"Canada","America","CAN","Subnat","CANr106","Ontario",0.026,0.026,0.028,0.025,0.026,0.027,0.028,0.025,0.024,0.028,0.026,0.029,0.027,0.026,0.030,0.027,0.026,0.029,0.029,0.027,0.025,0.025,0.027,0.028,0.028,0.027,0.027,0.029,0.026,0.029,0.027,0.026,0.029
"Canada","America","CAN","Subnat","CANr102","Prince Edward Island, Yukon Territory, Northwest Territories, Nunavut",0.013,0.014,0.012,0.013,0.012,0.012,0.013,0.012,0.012,0.013,0.013,0.013,0.013,0.013,0.012,0.014,0.013,0.012,0.014,0.012,0.013,0.013,0.013,0.012,0.012,0.013,0.013,0.013,0.013,0.013,0.013,0.014,0.013
"Canada","America","CAN","Subnat","CANr105","Quebec",0.031,0.027,0.029,0.030,0.029,0.030,0.030,0.028,0.029,0.033,0.030,0.029,0.030,0.031,0.031,0.031,0.031,0.031,0.033,0.029,0.030,0.030,0.031,0.031,0.032,0.031,0.031,0.034,0.030,0.031,0.033,0.030,0.033
"Canada","America","CAN","Subnat","CANr108","Saskatchewan",0.015,0.018,0.015,0.018,0.016,0.019,0.018,0.019,0.016,0.018,0.018,0.014,0.017,0.016,0.017,0.020,0.019,0.017,0.015,0.016,0.020,0.017,0.020,0.016,0.018,0.016,0.021,0.016,0.016,0.017,0.019,0.015,0.016
"Central African Republic","Africa","CAF","National","CAFt","Total",0.051,0.052,0.052,0.048,0.054,0.052,0.051,0.048,0.045,0.049,0.045,0.040,0.042,0.043,0.041,0.042,0.042,0.042,0.039,0.041,0.044,0.038,0.040,0.040,0.040,0.038,0.041,0.039,0.036,0.040,0.036,0.033,0.035
"Central African Republic","Africa","CAF","Subnat","CAFr106","Bangui",0.052,0.054,0.051,0.045,0.055,0.049,0.047,0.049,0.043,0.050,0.048,0.038,0.042,0.040,0.040,0.043,0.041,0.041,0.040,0.043,0.043,0.039,0.039,0.043,0.039,0.039,0.043,0.038,0.037,0.038,0.034,0.030,0.036
"Central African Republic","Africa","CAF","Subnat","CAFr101","RS I (Ombella Mpoko, Lobaye, Kemo, Nana Grebizi, Ouaka)",0.049,0.051,0.051,0.047,0.053,0.051,0.050,0.047,0.044,0.048,0.044,0.039,0.041,0.042,0.041,0.042,0.041,0.041,0.038,0.041,0.045,0.037,0.041,0.040,0.040,0.038,0.040,0.038,0.036,0.039,0.036,0.032,0.033
"Central African Republic","Africa","CAF","Subnat","CAFr102","RS II (Mambera Kadei, Nana Mambere, Sangha Mbaere)",0.055,0.055,0.057,0.057,0.063,0.059,0.055,0.051,0.048,0.055,0.051,0.047,0.046,0.047,0.045,0.043,0.044,0.048,0.044,0.047,0.046,0.043,0.045,0.051,0.047,0.046,0.050,0.044,0.042,0.048,0.045,0.044,0.038
"Central African Republic","Africa","CAF","Subnat","CAFr103","RS III (Ouham Pende, Ouham)",0.044,0.047,0.049,0.040,0.050,0.049,0.052,0.044,0.045,0.045,0.042,0.037,0.038,0.042,0.040,0.042,0.039,0.038,0.036,0.037,0.042,0.036,0.039,0.039,0.039,0.034,0.038,0.034,0.035,0.040,0.036,0.030,0.035
"Central African Republic","Africa","CAF","Subnat","CAFr104","RS IV (Haute-Kotto, Baminigui Bangoran, Vakaga)",0.049,0.050,0.049,0.049,0.047,0.051,0.050,0.047,0.044,0.047,0.041,0.038,0.040,0.041,0.039,0.041,0.043,0.041,0.037,0.037,0.044,0.034,0.039,0.034,0.036,0.032,0.038,0.037,0.032,0.036,0.032,0.027,0.033
"Central African Republic","Africa","CAF","Subnat","CAFr105","RS V (Basse Kotto, Mbornou, Houte Mbormou)",0.057,0.054,0.055,0.052,0.056,0.052,0.052,0.052,0.048,0.051,0.045,0.042,0.042,0.043,0.040,0.041,0.042,0.043,0.039,0.042,0.046,0.038,0.037,0.034,0.038,0.036,0.038,0.040,0.036,0.037,0.034,0.033,0.034
"Chad","Africa","TCD","National","TCDt","Total",0.017,0.021,0.020,0.017,0.026,0.023,0.023,0.020,0.023,0.025,0.018,0.019,0.017,0.021,0.017,0.021,0.017,0.018,0.019,0.016,0.021,0.017,0.020,0.017,0.018,0.015,0.018,0.017,0.019,0.022,0.016,0.014,0.018
"Chad","Africa","TCD","Subnat","TCDr101","Zone 1 (N'Djamena)",0.010,0.015,0.015,0.010,0.021,0.015,0.016,0.012,0.018,0.022,0.013,0.012,0.011,0.015,0.012,0.017,0.008,0.013,0.015,0.010,0.016,0.014,0.015,0.014,0.013,0.010,0.013,0.015,0.017,0.018,0.013,0.011,0.013
"Chad","Africa","TCD","Subnat","TCDr102","Zone 2 (Borkou, Ennedi, Tibesti, Kanem, Barh El Gazal, Lac)",0.001,0.001,0.002,0.001,0.004,0.001,0.001,0.001,0.003,0.003,0.001,0.001,0.001,0.001,0.001,0.002,0.001,0.001,0.001,0.001,0.002,0.001,0.002,0.001,0.001,0.001,0.002,0.001,0.002,0.002,0.001,0.001,0.001
"Chad","Africa","TCD","Subnat","TCDr103","Zone 3 (Guera, Batha, Salamat)",0.017,0.021,0.020,0.019,0.024,0.024,0.022,0.021,0.023,0.024,0.018,0.021,0.017,0.023,0.016,0.022,0.017,0.017,0.018,0.015,0.022,0.016,0.020,0.016,0.016,0.013,0.018,0.016,0.019,0.021,0.017,0.012,0.016
"Chad","Africa","TCD","Subnat","TCDr104","Zone 4 (Ouaddai, Assongha, Sila, Biltine - Wadi Fira)",0.013,0.018,0.017,0.013,0.022,0.018,0.015,0.017,0.022,0.022,0.013,0.016,0.014,0.018,0.012,0.019,0.014,0.014,0.015,0.011,0.017,0.012,0.016,0.013,0.014,0.010,0.014,0.012,0.016,0.017,0.015,0.008,0.013
"Chad","Africa","TCD","Subnat","TCDr105","Zone 5 (Chari-Baguimi, Dababa, Baguirmi, Hadjer Lamis)",0.014,0.018,0.017,0.012,0.024,0.019,0.020,0.018,0.022,0.025,0.016,0.017,0.015,0.020,0.016,0.020,0.013,0.016,0.017,0.014,0.020,0.018,0.019,0.015,0.016,0.014,0.017,0.016,0.018,0.023,0.015,0.014,0.015
"Chad","Africa","TCD","Subnat","TCDr106","Zone 6 (Mayo-Kebbi Est and Ouest)",0.021,0.023,0.026,0.021,0.033,0.028,0.029,0.025,0.030,0.031,0.025,0.023,0.019,0.025,0.022,0.024,0.020,0.021,0.024,0.020,0.027,0.021,0.025,0.020,0.024,0.019,0.023,0.022,0.023,0.032,0.019,0.019,0.023
"Chad","Africa","TCD","Subnat","TCDr107","Zone 7 (Logone Occidental & Oriental, Monts de Lam, Tandjile Est & Ouest)",0.029,0.034,0.035,0.027,0.040,0.037,0.042,0.030,0.036,0.039,0.031,0.031,0.028,0.035,0.029,0.033,0.031,0.029,0.031,0.027,0.033,0.028,0.032,0.029,0.030,0.026,0.030,0.028,0.029,0.034,0.024,0.022,0.030
"Chad","Africa","TCD","Subnat","TCDr108","Zone 8 (Mandoul, Moyen-Chari, Bahr Koh, Lac Iro)",0.029,0.035,0.031,0.029,0.037,0.038,0.043,0.031,0.034,0.036,0.029,0.031,0.028,0.033,0.030,0.034,0.029,0.029,0.030,0.027,0.034,0.027,0.033,0.027,0.028,0.024,0.028,0.027,0.027,0.032,0.027,0.023,0.034
"Chile","America","CHL","National","CHLt","Total",0.040,0.044,0.044,0.044,0.042,0.039,0.036,0.052,0.031,0.037,0.044,0.045,0.049,0.040,0.041,0.046,0.047,0.035,0.042,0.044,0.038,0.039,0.042,0.038,0.042,0.042,0.033,0.045,0.041,0.036,0.038,0.032,0.037
"Chile","America","CHL","Subnat","CHLr111","Aisen",0.123,0.108,0.107,0.111,0.121,0.104,0.126,0.108,0.112,0.093,0.103,0.108,0.121,0.127,0.116,0.103,0.125,0.103,0.104,0.131,0.123,0.118,0.119,0.111,0.121,0.116,0.086,0.137,0.121,0.113,0.115,0.101,0.106
"Chile","America","CHL","Subnat","CHLr102","Antofagasta",0.004,0.004,0.004,0.004,0.003,0.002,0.001,0.004,0.002,0.004,0.003,0.006,0.004,0.001,0.003,0.004,0.004,0.002,0.003,0.002,0.002,0.005,0.006,0.004,0.003,0.006,0.002,0.006,0.003,0.004,0.004,0.003,0.003
"Chile","America","CHL","Subnat","CHLr109","Arbucania",0.055,0.063,0.065,0.073,0.063,0.060,0.041,0.078,0.031,0.051,0.067,0.064,0.071,0.056,0.060,0.068,0.072,0.047,0.059,0.065,0.052,0.053,0.056,0.049,0.064,0.060,0.043,0.059,0.060,0.052,0.048,0.041,0.058
"Chile","America","CHL","Subnat","CHLr103","Atacama",0.003,0.005,0.007,0.003,0.002,0.003,0.002,0.010,0.004,0.004,0.004,0.006,0.006,0.002,0.004,0.005,0.003,0.004,0.003,0.003,0.004,0.005,0.004,0.004,0.003,0.007,0.005,0.007,0.004,0.003,0.003,0.003,0.005
"Chile","America","CHL","Subnat","CHLr108","Bio Bio",0.039,0.053,0.057,0.056,0.050,0.048,0.031,0.063,0.023,0.045,0.058,0.058,0.064,0.042,0.047,0.056,0.061,0.034,0.050,0.049,0.038,0.042,0.043,0.038,0.051,0.046,0.033,0.047,0.045,0.039,0.037,0.033,0.042
"Chile","America","CHL","Subnat","CHLr104","Coquimbo",0.007,0.015,0.017,0.010,0.007,0.008,0.009,0.024,0.008,0.010,0.013,0.013,0.018,0.007,0.011,0.012,0.010,0.009,0.012,0.008,0.011,0.010,0.008,0.008,0.007,0.013,0.013,0.012,0.008,0.005,0.007,0.005,0.010
"Chile","America","CHL","Subnat","CHLr110","Los Lagos (incl Los Rios)",0.089,0.085,0.086,0.094,0.103,0.086,0.075,0.100,0.058,0.073,0.090,0.089,0.109,0.089,0.090,0.095,0.104,0.072,0.086,0.097,0.082,0.083,0.092,0.086,0.091,0.087,0.058,0.098,0.090,0.080,0.084,0.065,0.083
"Chile","America","CHL","Subnat","CHLr112","Magallanes and La Antartica Chilena",0.102,0.090,0.078,0.093,0.083,0.087,0.100,0.081,0.103,0.085,0.081,0.095,0.076,0.101,0.088,0.081,0.092,0.099,0.091,0.103,0.100,0.090,0.101,0.098,0.099,0.092,0.076,0.103,0.097,0.097,0.096,0.088,0.088
"Chile","America","CHL","Subnat","CHLr107","Maule",0.028,0.049,0.050,0.041,0.037,0.038,0.024,0.060,0.016,0.036,0.048,0.046,0.056,0.031,0.038,0.052,0.047,0.026,0.042,0.036,0.027,0.034,0.036,0.029,0.038,0.037,0.028,0.038,0.031,0.023,0.031,0.027,0.030
"Chile","America","CHL","Subnat","CHLr106","OHiggins",0.021,0.039,0.040,0.032,0.027,0.030,0.019,0.051,0.014,0.027,0.039,0.035,0.042,0.023,0.029,0.044,0.036,0.022,0.033,0.027,0.021,0.023,0.029,0.021,0.027,0.028,0.028,0.030,0.023,0.014,0.023,0.020,0.022
"Chile","America","CHL","Subnat","CHLr113","Region Metropolitana",0.021,0.035,0.034,0.027,0.023,0.025,0.016,0.048,0.015,0.025,0.035,0.031,0.037,0.020,0.025,0.039,0.032,0.022,0.030,0.025,0.019,0.019,0.024,0.019,0.023,0.026,0.030,0.025,0.021,0.013,0.019,0.017,0.018
"Chile","America","CHL","Subnat","CHLr101","Tarapaca (incl Arica and Parinacota)",0.011,0.011,0.008,0.014,0.012,0.006,0.007,0.011,0.006,0.011,0.010,0.014,0.010,0.007,0.010,0.011,0.012,0.007,0.009,0.008,0.006,0.012,0.014,0.009,0.006,0.012,0.008,0.011,0.010,0.012,0.013,0.009,0.009
"Chile","America","CHL","Subnat","CHLr105","Valparaiso (former Aconcagua)",0.012,0.022,0.023,0.016,0.012,0.014,0.012,0.036,0.010,0.017,0.022,0.020,0.025,0.012,0.017,0.023,0.019,0.014,0.019,0.016,0.013,0.013,0.015,0.013,0.013,0.017,0.020,0.017,0.012,0.007,0.011,0.010,0.013
"China","Asia/Pacific","CHN","National","CHNt","Total",0.044,0.039,0.040,0.042,0.042,0.041,0.041,0.040,0.044,0.040,0.040,0.039,0.039,0.037,0.035,0.038,0.035,0.035,0.037,0.034,0.039,0.032,0.040,0.036,0.036,0.038,0.043,0.036,0.036,0.035,0.038,0.039,0.036
"China","Asia/Pacific","CHN","Subnat","CHNr112","Anhui",0.046,0.059,0.043,0.054,0.040,0.042,0.054,0.040,0.053,0.054,0.042,0.036,0.049,0.050,0.037,0.041,0.035,0.039,0.041,0.038,0.044,0.038,0.038,0.038,0.045,0.047,0.053,0.044,0.041,0.030,0.054,0.042,0.033
"China","Asia/Pacific","CHN","Subnat","CHNr101","Beijing",0.033,0.024,0.021,0.019,0.028,0.028,0.025,0.015,0.026,0.018,0.022,0.021,0.018,0.022,0.020,0.018,0.019,0.017,0.020,0.016,0.020,0.019,0.021,0.019,0.016,0.021,0.024,0.020,0.018,0.017,0.017,0.027,0.018
"China","Asia/Pacific","CHN","Subnat","CHNr122","Chongqing",0.050,0.056,0.050,0.064,0.054,0.057,0.061,0.052,0.063,0.060,0.061,0.047,0.058,0.056,0.056,0.050,0.040,0.053,0.047,0.044,0.046,0.041,0.046,0.043,0.055,0.046,0.050,0.048,0.048,0.045,0.059,0.054,0.040
"China","Asia/Pacific","CHN","Subnat","CHNr113","Fujian",0.071,0.047,0.073,0.059,0.066,0.060,0.057,0.072,0.062,0.058,0.065,0.062,0.056,0.043,0.046,0.062,0.070,0.053,0.055,0.048,0.063,0.044,0.064,0.055,0.052,0.065,0.075,0.051,0.048,0.055,0.047,0.052,0.065
"China","Asia/Pacific","CHN","Subnat","CHNr128","Gansu",0.017,0.013,0.018,0.017,0.016,0.015,0.016,0.013,0.016,0.015,0.015,0.015,0.015,0.018,0.014,0.015,0.014,0.016,0.013,0.014,0.015,0.015,0.014,0.015,0.015,0.014,0.014,0.014,0.016,0.016,0.016,0.015,0.013
"China","Asia/Pacific","CHN","Subnat","CHNr119","Guangdong",0.067,0.051,0.073,0.069,0.069,0.063,0.058,0.080,0.069,0.060,0.061,0.067,0.062,0.050,0.045,0.060,0.067,0.049,0.062,0.049,0.067,0.047,0.066,0.066,0.053,0.063,0.076,0.054,0.058,0.060,0.049,0.048,0.065
"China","Asia/Pacific","CHN","Subnat","CHNr120","Guangxi",0.070,0.058,0.066,0.077,0.085,0.066,0.064,0.081,0.073,0.064,0.057,0.071,0.075,0.054,0.052,0.059,0.060,0.047,0.060,0.050,0.069,0.045,0.067,0.066,0.062,0.074,0.067,0.066,0.060,0.068,0.063,0.055,0.063
"China","Asia/Pacific","CHN","Subnat","CHNr124","Guizhou",0.058,0.059,0.055,0.063,0.062,0.061,0.059,0.065,0.058,0.060,0.059,0.055,0.065,0.053,0.055,0.052,0.049,0.052,0.052,0.045,0.054,0.037,0.054,0.045,0.054,0.057,0.055,0.052,0.052,0.054,0.061,0.053,0.046
"China","Asia/Pacific","CHN","Subnat","CHNr121","Hainan",0.056,0.046,0.054,0.039,0.060,0.052,0.056,0.057,0.042,0.048,0.059,0.060,0.053,0.050,0.045,0.049,0.043,0.053,0.053,0.057,0.055,0.065,0.058,0.062,0.056,0.046,0.064,0.052,0.063,0.045,0.047,0.046,0.056
"China","Asia/Pacific","CHN","Subnat","CHNr103","Hebei",0.028,0.022,0.020,0.020,0.023,0.025,0.024,0.015,0.023,0.017,0.021,0.018,0.016,0.023,0.021,0.018,0.018,0.016,0.019,0.016,0.020,0.017,0.022,0.019,0.015,0.019,0.022,0.017,0.018,0.016,0.018,0.025,0.018
"China","Asia/Pacific","CHN","Subnat","CHNr108","Heilongjiang",0.024,0.026,0.021,0.023,0.027,0.021,0.021,0.024,0.025,0.019,0.021,0.018,0.022,0.022,0.019,0.021,0.021,0.017,0.019,0.023,0.021,0.017,0.023,0.026,0.021,0.021,0.023,0.020,0.023,0.026,0.026,0.024,0.021
"China","Asia/Pacific","CHN","Subnat","CHNr116","Henan",0.034,0.032,0.030,0.032,0.031,0.029,0.037,0.022,0.037,0.027,0.039,0.023,0.027,0.040,0.030,0.032,0.024,0.028,0.028,0.027,0.027,0.026,0.021,0.021,0.024,0.025,0.027,0.028,0.027,0.019,0.028,0.036,0.022
"China","Asia/Pacific","CHN","Subnat","CHNr132","Hongkong",0.061,0.049,0.064,0.062,0.062,0.058,0.056,0.079,0.063,0.056,0.054,0.062,0.050,0.052,0.041,0.061,0.058,0.047,0.064,0.053,0.061,0.042,0.059,0.067,0.049,0.053,0.081,0.060,0.061,0.058,0.051,0.060,0.059
"China","Asia/Pacific","CHN","Subnat","CHNr117","Hubei",0.049,0.056,0.046,0.059,0.048,0.048,0.063,0.044,0.060,0.055,0.051,0.037,0.056,0.051,0.044,0.040,0.033,0.043,0.043,0.038,0.045,0.036,0.040,0.039,0.046,0.045,0.049,0.046,0.041,0.035,0.057,0.044,0.034
"China","Asia/Pacific","CHN","Subnat","CHNr118","Hunan",0.068,0.068,0.060,0.073,0.080,0.068,0.065,0.074,0.073,0.067,0.061,0.058,0.078,0.054,0.056,0.054,0.049,0.046,0.047,0.044,0.061,0.037,0.060,0.048,0.059,0.062,0.064,0.055,0.050,0.054,0.064,0.052,0.049
"China","Asia/Pacific","CHN","Subnat","CHNr105","Inner Mongolia",0.015,0.013,0.013,0.012,0.013,0.012,0.013,0.012,0.016,0.010,0.010,0.010,0.011,0.013,0.011,0.010,0.010,0.009,0.011,0.010,0.011,0.009,0.013,0.012,0.011,0.011,0.011,0.009,0.012,0.010,0.011,0.013,0.010
"China","Asia/Pacific","CHN","Subnat","CHNr110","Jiangsu",0.046,0.054,0.035,0.046,0.031,0.031,0.045,0.033,0.048,0.043,0.041,0.033,0.039,0.047,0.030,0.038,0.034,0.036,0.036,0.035,0.034,0.036,0.033,0.029,0.037,0.042,0.049,0.034,0.037,0.027,0.045,0.039,0.030
"China","Asia/Pacific","CHN","Subnat","CHNr114","Jiangxi",0.070,0.058,0.072,0.076,0.075,0.072,0.062,0.080,0.076,0.071,0.065,0.063,0.074,0.048,0.049,0.061,0.055,0.046,0.053,0.048,0.067,0.043,0.070,0.048,0.059,0.072,0.071,0.054,0.049,0.059,0.058,0.053,0.057
"China","Asia/Pacific","CHN","Subnat","CHNr107","Jilin",0.030,0.029,0.026,0.025,0.033,0.029,0.027,0.023,0.031,0.024,0.025,0.021,0.025,0.024,0.023,0.029,0.023,0.023,0.023,0.023,0.032,0.020,0.029,0.030,0.020,0.023,0.028,0.021,0.026,0.025,0.029,0.026,0.029
"China","Asia/Pacific","CHN","Subnat","CHNr106","Liaoning",0.030,0.027,0.023,0.024,0.034,0.032,0.029,0.022,0.031,0.022,0.021,0.024,0.021,0.023,0.024,0.026,0.022,0.025,0.022,0.021,0.032,0.022,0.032,0.027,0.016,0.020,0.025,0.018,0.021,0.021,0.023,0.029,0.030
"China","Asia/Pacific","CHN","Subnat","CHNr130","Ningxia",0.017,0.012,0.017,0.013,0.017,0.017,0.018,0.012,0.017,0.013,0.013,0.017,0.017,0.018,0.013,0.011,0.012,0.015,0.011,0.010,0.013,0.012,0.013,0.014,0.016,0.013,0.011,0.013,0.015,0.014,0.013,0.011,0.010
"China","Asia/Pacific","CHN","Subnat","CHNr129","Qinghai",0.015,0.016,0.017,0.018,0.016,0.017,0.017,0.016,0.018,0.018,0.016,0.016,0.017,0.017,0.017,0.019,0.017,0.018,0.017,0.019,0.017,0.017,0.018,0.016,0.018,0.016,0.017,0.018,0.019,0.018,0.019,0.018,0.018
"China","Asia/Pacific","CHN","Subnat","CHNr127","Shaanxi",0.034,0.028,0.035,0.034,0.031,0.027,0.033,0.023,0.033,0.028,0.032,0.029,0.029,0.038,0.028,0.028,0.025,0.029,0.023,0.029,0.029,0.032,0.027,0.027,0.027,0.025,0.024,0.029,0.027,0.028,0.030,0.037,0.028
"China","Asia/Pacific","CHN","Subnat","CHNr115","Shandong",0.036,0.025,0.021,0.030,0.027,0.028,0.024,0.018,0.031,0.020,0.024,0.023,0.018,0.034,0.028,0.029,0.019,0.026,0.028,0.023,0.024,0.026,0.023,0.022,0.018,0.018,0.022,0.020,0.022,0.017,0.026,0.032,0.025
"China","Asia/Pacific","CHN","Subnat","CHNr109","Shanghai",0.048,0.055,0.040,0.061,0.040,0.049,0.048,0.045,0.053,0.062,0.044,0.048,0.053,0.030,0.038,0.035,0.035,0.035,0.040,0.041,0.042,0.035,0.048,0.030,0.046,0.055,0.056,0.037,0.038,0.047,0.056,0.052,0.037
"China","Asia/Pacific","CHN","Subnat","CHNr104","Shanxi",0.025,0.021,0.024,0.021,0.021,0.023,0.027,0.016,0.022,0.019,0.023,0.020,0.021,0.028,0.021,0.018,0.018,0.020,0.018,0.019,0.018,0.022,0.020,0.021,0.020,0.018,0.023,0.020,0.018,0.016,0.020,0.027,0.022
"China","Asia/Pacific","CHN","Subnat","CHNr123","Sichuan",0.047,0.046,0.043,0.047,0.042,0.046,0.045,0.042,0.050,0.049,0.047,0.044,0.041,0.046,0.044,0.046,0.039,0.044,0.044,0.043,0.044,0.039,0.044,0.043,0.043,0.042,0.041,0.041,0.044,0.043,0.049,0.046,0.041
"China","Asia/Pacific","TWN","Subnat","CHNr133","Taiwan",0.106,0.077,0.100,0.067,0.097,0.082,0.086,0.092,0.111,0.087,0.103,0.111,0.075,0.070,0.096,0.115,0.097,0.110,0.107,0.091,0.089,0.090,0.113,0.098,0.078,0.088,0.119,0.084,0.090,0.087,0.067,0.082,0.083
"China","Asia/Pacific","CHN","Subnat","CHNr102","Tianjin",0.033,0.026,0.019,0.020,0.025,0.031,0.023,0.014,0.027,0.016,0.020,0.019,0.016,0.023,0.025,0.018,0.017,0.017,0.019,0.016,0.020,0.019,0.028,0.018,0.017,0.020,0.023,0.017,0.023,0.015,0.016,0.027,0.019
"China","Asia/Pacific","CHN","Subnat","CHNr126","Tibet",0.023,0.023,0.020,0.021,0.019,0.022,0.023,0.021,0.024,0.023,0.025,0.023,0.023,0.023,0.023,0.022,0.021,0.022,0.025,0.020,0.024,0.023,0.022,0.022,0.022,0.019,0.024,0.024,0.024,0.023,0.023,0.025,0.023
"China","Asia/Pacific","CHN","Subnat","CHNr131","Xinjiang",0.008,0.008,0.009,0.010,0.008,0.008,0.009,0.007,0.010,0.009,0.009,0.009,0.009,0.009,0.008,0.009,0.008,0.008,0.007,0.007,0.010,0.008,0.008,0.008,0.007,0.009,0.010,0.009,0.009,0.008,0.007,0.007,0.007
"China","Asia/Pacific","CHN","Subnat","CHNr125","Yunnan",0.061,0.062,0.051,0.055,0.057,0.058,0.054,0.056,0.056,0.056,0.058,0.057,0.053,0.046,0.052,0.049,0.048,0.054,0.058,0.046,0.052,0.044,0.049,0.047,0.047,0.051,0.051,0.054,0.053,0.043,0.050,0.047,0.050
"China","Asia/Pacific","CHN","Subnat","CHNr111","Zhejiang",0.065,0.050,0.067,0.068,0.063,0.064,0.050,0.068,0.070,0.066,0.061,0.056,0.061,0.039,0.048,0.057,0.050,0.048,0.050,0.053,0.063,0.042,0.063,0.048,0.059,0.068,0.062,0.052,0.048,0.058,0.056,0.066,0.054
"Colombia","America","COL","National","COLt","Total",0.119,0.122,0.115,0.125,0.126,0.122,0.124,0.108,0.132,0.130,0.126,0.114,0.112,0.120,0.114,0.118,0.120,0.124,0.124,0.117,0.135,0.131,0.118,0.119,0.116,0.110,0.119,0.111,0.109,0.106,0.109,0.120,0.119
"Colombia","America","COL","Subnat","COLr129","Amazonas",0.108,0.104,0.098,0.113,0.118,0.097,0.108,0.098,0.107,0.101,0.108,0.099,0.099,0.097,0.089,0.095,0.093,0.094,0.092,0.103,0.087,0.097,0.099,0.101,0.106,0.108,0.099,0.097,0.103,0.110,0.093,0.108,0.100
"Colombia","America","COL","Subnat","COLr101","Antioquia (incl Medellin)",0.124,0.126,0.123,0.132,0.133,0.134,0.133,0.109,0.138,0.138,0.133,0.122,0.114,0.126,0.121,0.126,0.135,0.143,0.136,0.127,0.147,0.146,0.123,0.127,0.115,0.110,0.121,0.110,0.104,0.097,0.111,0.119,0.129
"Colombia","America","COL","Subnat","COLr125","Arauca",0.099,0.105,0.090,0.096,0.089,0.083,0.084,0.077,0.091,0.085,0.081,0.074,0.081,0.086,0.088,0.077,0.076,0.079,0.081,0.070,0.090,0.093,0.082,0.074,0.070,0.068,0.081,0.070,0.067,0.060,0.058,0.067,0.060
"Colombia","America","COL","Subnat","COLr102","Atlantico (incl Barranquilla)",0.053,0.049,0.052,0.058,0.048,0.060,0.051,0.035,0.057,0.058,0.046,0.043,0.038,0.058,0.054,0.062,0.057,0.065,0.064,0.049,0.087,0.083,0.048,0.049,0.043,0.038,0.051,0.052,0.041,0.039,0.051,0.052,0.069
"Colombia","America","COL","Subnat","COLr103","Bogota D.C.",0.059,0.065,0.052,0.064,0.064,0.065,0.062,0.053,0.056,0.066,0.055,0.049,0.049,0.057,0.053,0.060,0.062,0.058,0.064,0.053,0.074,0.087,0.064,0.061,0.060,0.047,0.071,0.073,0.073,0.069,0.064,0.073,0.073
"Colombia","America","COL","Subnat","COLr104","Bolivar (Sur and Norte)",0.093,0.097,0.095,0.108,0.104,0.097,0.100,0.082,0.098,0.102,0.095,0.087,0.084,0.094,0.092,0.097,0.101,0.108,0.105,0.094,0.120,0.121,0.095,0.099,0.088,0.082,0.094,0.079,0.079,0.073,0.087,0.095,0.100
"Colombia","America","COL","Subnat","COLr105","Boyaca",0.080,0.083,0.072,0.081,0.084,0.076,0.077,0.068,0.080,0.079,0.071,0.063,0.067,0.073,0.071,0.073,0.077,0.073,0.083,0.072,0.088,0.098,0.078,0.077,0.073,0.070,0.080,0.078,0.078,0.073,0.070,0.080,0.081
"Colombia","America","COL","Subnat","COLr106","Caldas",0.191,0.194,0.177,0.197,0.202,0.189,0.196,0.176,0.220,0.211,0.203,0.182,0.171,0.181,0.171,0.191,0.189,0.195,0.203,0.185,0.212,0.210,0.195,0.199,0.186,0.175,0.189,0.176,0.168,0.163,0.181,0.200,0.198
"Colombia","America","COL","Subnat","COLr107","Caqueta",0.100,0.098,0.095,0.103,0.108,0.090,0.097,0.090,0.101,0.094,0.099,0.091,0.090,0.091,0.086,0.081,0.087,0.086,0.091,0.096,0.089,0.093,0.093,0.096,0.098,0.098,0.100,0.093,0.104,0.107,0.087,0.100,0.092
"Colombia","America","COL","Subnat","COLr126","Casanare",0.079,0.090,0.083,0.088,0.087,0.078,0.081,0.071,0.089,0.080,0.081,0.071,0.079,0.080,0.079,0.070,0.067,0.070,0.076,0.061,0.083,0.078,0.070,0.071,0.067,0.064,0.077,0.061,0.063,0.056,0.055,0.063,0.058
"Colombia","America","COL","Subnat","COLr108","Cauca",0.201,0.222,0.214,0.224,0.221,0.240,0.222,0.211,0.255,0.252,0.247,0.228,0.229,0.240,0.216,0.223,0.234,0.230,0.239,0.214,0.247,0.225,0.214,0.213,0.226,0.207,0.212,0.213,0.205,0.213,0.207,0.233,0.217
"Colombia","America","COL","Subnat","COLr109","Cesar",0.083,0.082,0.084,0.097,0.090,0.093,0.091,0.064,0.097,0.090,0.078,0.072,0.070,0.087,0.081,0.092,0.089,0.097,0.093,0.081,0.117,0.110,0.084,0.087,0.080,0.068,0.086,0.081,0.075,0.063,0.079,0.081,0.091
"Colombia","America","COL","Subnat","COLr112","Choco",0.225,0.209,0.218,0.228,0.233,0.261,0.241,0.184,0.260,0.265,0.269,0.259,0.224,0.233,0.240,0.251,0.249,0.275,0.237,0.248,0.287,0.248,0.238,0.251,0.237,0.223,0.236,0.213,0.200,0.193,0.231,0.240,0.249
"Colombia","America","COL","Subnat","COLr110","Cordoba",0.088,0.086,0.086,0.094,0.093,0.085,0.089,0.074,0.091,0.094,0.085,0.078,0.075,0.090,0.080,0.082,0.089,0.093,0.088,0.084,0.100,0.098,0.083,0.080,0.076,0.074,0.079,0.068,0.071,0.061,0.066,0.076,0.078
"Colombia","America","COL","Subnat","COLr111","Cundinamarca",0.096,0.107,0.088,0.100,0.106,0.103,0.106,0.085,0.108,0.111,0.107,0.088,0.090,0.091,0.086,0.094,0.098,0.098,0.106,0.088,0.114,0.115,0.095,0.100,0.093,0.085,0.099,0.090,0.094,0.087,0.088,0.103,0.098
"Colombia","America","COL","Subnat","COLr130","Guainja",0.104,0.103,0.094,0.103,0.103,0.092,0.100,0.092,0.102,0.099,0.099,0.095,0.105,0.102,0.096,0.090,0.103,0.097,0.102,0.098,0.099,0.102,0.103,0.100,0.106,0.102,0.104,0.096,0.100,0.108,0.091,0.099,0.095
"Colombia","America","COL","Subnat","COLr114","Guajira",0.054,0.039,0.044,0.048,0.040,0.052,0.047,0.034,0.055,0.054,0.041,0.037,0.039,0.052,0.059,0.061,0.047,0.057,0.053,0.042,0.075,0.070,0.048,0.041,0.036,0.032,0.052,0.053,0.041,0.033,0.046,0.040,0.049
"Colombia","America","COL","Subnat","COLr131","Guaviare",0.095,0.093,0.089,0.096,0.098,0.084,0.093,0.085,0.094,0.089,0.096,0.086,0.088,0.089,0.082,0.077,0.084,0.082,0.084,0.089,0.079,0.085,0.085,0.085,0.094,0.091,0.091,0.080,0.090,0.091,0.082,0.086,0.084
"Colombia","America","COL","Subnat","COLr113","Huila",0.082,0.090,0.073,0.085,0.091,0.077,0.082,0.072,0.080,0.086,0.080,0.068,0.067,0.071,0.071,0.077,0.079,0.075,0.094,0.079,0.087,0.100,0.085,0.083,0.081,0.070,0.085,0.084,0.086,0.079,0.073,0.089,0.083
"Colombia","America","COL","Subnat","COLr115","Magdalena",0.075,0.077,0.076,0.083,0.073,0.080,0.081,0.057,0.084,0.083,0.073,0.063,0.062,0.077,0.073,0.084,0.079,0.088,0.085,0.072,0.111,0.106,0.072,0.078,0.067,0.060,0.072,0.064,0.055,0.054,0.068,0.069,0.082
"Colombia","America","COL","Subnat","COLr116","Meta",0.095,0.096,0.089,0.099,0.101,0.082,0.091,0.080,0.094,0.087,0.095,0.085,0.086,0.086,0.083,0.075,0.074,0.077,0.079,0.077,0.083,0.084,0.078,0.084,0.082,0.080,0.090,0.077,0.085,0.077,0.074,0.079,0.079
"Colombia","America","COL","Subnat","COLr117","Narino",0.158,0.186,0.173,0.179,0.180,0.193,0.165,0.206,0.207,0.204,0.189,0.178,0.196,0.210,0.173,0.175,0.190,0.179,0.188,0.165,0.194,0.173,0.175,0.163,0.193,0.192,0.168,0.172,0.175,0.178,0.158,0.193,0.170
"Colombia","America","COL","Subnat","COLr118","Norte de Santander",0.084,0.080,0.075,0.080,0.078,0.080,0.077,0.060,0.085,0.083,0.068,0.057,0.062,0.075,0.076,0.084,0.080,0.075,0.081,0.072,0.097,0.102,0.075,0.069,0.058,0.054,0.066,0.066,0.061,0.055,0.061,0.065,0.072
"Colombia","America","COL","Subnat","COLr127","Putumayo",0.117,0.112,0.109,0.115,0.122,0.100,0.109,0.102,0.112,0.112,0.109,0.093,0.095,0.097,0.093,0.089,0.094,0.092,0.106,0.105,0.100,0.113,0.111,0.107,0.106,0.103,0.111,0.119,0.135,0.125,0.100,0.118,0.104
"Colombia","America","COL","Subnat","COLr119","Quindio",0.197,0.216,0.201,0.224,0.229,0.226,0.231,0.193,0.236,0.254,0.237,0.199,0.191,0.192,0.189,0.203,0.212,0.225,0.239,0.218,0.242,0.229,0.208,0.218,0.207,0.184,0.208,0.200,0.187,0.182,0.203,0.233,0.237
"Colombia","America","COL","Subnat","COLr120","Risaralda",0.298,0.305,0.291,0.315,0.329,0.301,0.324,0.307,0.369,0.344,0.346,0.323,0.298,0.297,0.295,0.306,0.318,0.331,0.318,0.318,0.349,0.322,0.330,0.343,0.333,0.331,0.332,0.306,0.301,0.304,0.329,0.345,0.329
"Colombia","America","COL","Subnat","COLr128","San Andres",0.068,0.057,0.052,0.060,0.057,0.064,0.063,0.048,0.065,0.067,0.055,0.065,0.056,0.065,0.067,0.073,0.062,0.070,0.077,0.062,0.078,0.072,0.060,0.057,0.055,0.046,0.071,0.067,0.055,0.051,0.064,0.048,0.064
"Colombia","America","COL","Subnat","COLr121","Santander",0.122,0.131,0.121,0.135,0.137,0.131,0.138,0.109,0.149,0.143,0.144,0.123,0.119,0.122,0.120,0.129,0.137,0.137,0.136,0.125,0.162,0.146,0.122,0.123,0.111,0.108,0.114,0.099,0.100,0.092,0.114,0.119,0.121
"Colombia","America","COL","Subnat","COLr122","Sucre",0.084,0.082,0.085,0.095,0.086,0.081,0.087,0.066,0.083,0.085,0.076,0.073,0.069,0.084,0.077,0.082,0.086,0.092,0.083,0.080,0.100,0.098,0.081,0.081,0.072,0.070,0.079,0.067,0.070,0.060,0.068,0.078,0.077
"Colombia","America","COL","Subnat","COLr123","Tolima",0.082,0.092,0.073,0.084,0.094,0.090,0.095,0.073,0.092,0.098,0.095,0.072,0.070,0.073,0.072,0.079,0.079,0.084,0.097,0.080,0.102,0.104,0.079,0.087,0.077,0.067,0.079,0.073,0.075,0.065,0.068,0.083,0.085
"Colombia","America","COL","Subnat","COLr124","Valle (incl Cali)",0.319,0.338,0.342,0.339,0.346,0.371,0.362,0.321,0.401,0.384,0.402,0.372,0.358,0.376,0.355,0.363,0.347,0.372,0.344,0.364,0.382,0.331,0.340,0.355,0.346,0.330,0.346,0.308,0.281,0.299,0.323,0.343,0.329
"Colombia","America","COL","Subnat","COLr132","Vaupis",0.106,0.101,0.094,0.104,0.107,0.092,0.103,0.093,0.102,0.097,0.101,0.093,0.097,0.095,0.088,0.089,0.093,0.093,0.095,0.100,0.085,0.095,0.097,0.093,0.105,0.100,0.104,0.090,0.100,0.104,0.092,0.103,0.101
"Colombia","America","COL","Subnat","COLr133","Vichada",0.097,0.106,0.096,0.104,0.100,0.084,0.092,0.085,0.100,0.090,0.095,0.089,0.094,0.096,0.091,0.079,0.087,0.084,0.087,0.085,0.091,0.091,0.089,0.087,0.088,0.091,0.089,0.079,0.085,0.077,0.072,0.078,0.075
"Comoros","Africa","COM","National","COMt","Total",0.034,0.050,0.026,0.037,0.046,0.032,0.042,0.027,0.034,0.030,0.027,0.031,0.043,0.032,0.041,0.034,0.049,0.029,0.043,0.034,0.029,0.037,0.039,0.039,0.038,0.038,0.045,0.041,0.036,0.041,0.035,0.032,0.034
"Comoros","Africa","COM","Subnat","COMr103","Anjouan (Ndzouani)",0.038,0.058,0.031,0.040,0.049,0.036,0.044,0.031,0.037,0.034,0.031,0.037,0.048,0.038,0.048,0.040,0.055,0.035,0.050,0.041,0.033,0.042,0.043,0.046,0.039,0.043,0.045,0.049,0.041,0.045,0.041,0.038,0.037
"Comoros","Africa","COM","Subnat","COMr101","Grande Comore (Ngazidja)",0.036,0.053,0.026,0.042,0.049,0.033,0.046,0.030,0.037,0.035,0.029,0.034,0.046,0.034,0.045,0.034,0.056,0.033,0.047,0.035,0.032,0.039,0.042,0.040,0.039,0.042,0.055,0.042,0.040,0.046,0.042,0.034,0.036
"Comoros","Africa","COM","Subnat","COMr102","Moheli",0.027,0.041,0.020,0.029,0.040,0.026,0.035,0.019,0.028,0.022,0.021,0.024,0.034,0.025,0.031,0.027,0.037,0.020,0.032,0.024,0.021,0.028,0.032,0.030,0.035,0.031,0.037,0.031,0.029,0.032,0.024,0.025,0.029
"Congo, Dem. Rep.","Africa","COD","National","CODt","Total",0.065,0.066,0.064,0.064,0.069,0.065,0.064,0.065,0.063,0.065,0.058,0.055,0.057,0.054,0.055,0.057,0.059,0.057,0.055,0.059,0.057,0.057,0.055,0.052,0.052,0.054,0.053,0.055,0.055,0.057,0.056,0.051,0.053
"Congo, Dem. Rep.","Africa","COD","Subnat","CODr103","Bandundu",0.062,0.061,0.061,0.061,0.063,0.062,0.058,0.063,0.058,0.062,0.055,0.049,0.055,0.047,0.048,0.050,0.052,0.048,0.049,0.051,0.048,0.048,0.047,0.045,0.045,0.047,0.045,0.048,0.051,0.048,0.046,0.042,0.043
"Congo, Dem. Rep.","Africa","COD","Subnat","CODr102","Bas-Congo",0.042,0.041,0.041,0.042,0.045,0.047,0.039,0.041,0.049,0.051,0.044,0.035,0.048,0.044,0.042,0.043,0.043,0.046,0.040,0.048,0.038,0.044,0.037,0.040,0.041,0.043,0.044,0.041,0.045,0.050,0.044,0.043,0.039
"Congo, Dem. Rep.","Africa","COD","Subnat","CODr104","Equateur",0.065,0.064,0.063,0.062,0.069,0.065,0.064,0.061,0.057,0.063,0.057,0.052,0.052,0.051,0.048,0.052,0.052,0.050,0.049,0.052,0.052,0.047,0.048,0.046,0.047,0.046,0.047,0.051,0.046,0.047,0.044,0.040,0.042
"Congo, Dem. Rep.","Africa","COD","Subnat","CODr111","Kasai Occidental",0.060,0.062,0.058,0.058,0.062,0.055,0.053,0.062,0.056,0.056,0.051,0.049,0.053,0.045,0.048,0.047,0.053,0.047,0.045,0.049,0.044,0.045,0.046,0.040,0.041,0.044,0.042,0.043,0.047,0.043,0.040,0.039,0.039
"Congo, Dem. Rep.","Africa","COD","Subnat","CODr110","Kasai Oriental",0.058,0.061,0.056,0.056,0.062,0.053,0.053,0.061,0.054,0.054,0.049,0.047,0.048,0.044,0.047,0.047,0.051,0.047,0.046,0.048,0.047,0.046,0.045,0.039,0.041,0.042,0.042,0.043,0.046,0.045,0.041,0.037,0.041
"Congo, Dem. Rep.","Africa","COD","Subnat","CODr109","Katanga",0.048,0.049,0.046,0.051,0.049,0.045,0.045,0.053,0.051,0.046,0.045,0.045,0.047,0.041,0.046,0.041,0.048,0.047,0.043,0.046,0.045,0.046,0.043,0.045,0.042,0.046,0.043,0.044,0.046,0.046,0.051,0.041,0.050
"Congo, Dem. Rep.","Africa","COD","Subnat","CODr101","Kinshasa",0.046,0.044,0.045,0.045,0.045,0.047,0.043,0.049,0.045,0.048,0.043,0.036,0.048,0.040,0.043,0.044,0.044,0.043,0.047,0.048,0.038,0.046,0.043,0.040,0.044,0.041,0.043,0.046,0.044,0.046,0.042,0.044,0.043
"Congo, Dem. Rep.","Africa","COD","Subnat","CODr108","Maniema",0.066,0.071,0.067,0.067,0.075,0.066,0.067,0.071,0.066,0.068,0.060,0.056,0.054,0.054,0.055,0.061,0.062,0.059,0.057,0.062,0.062,0.060,0.055,0.049,0.052,0.052,0.055,0.058,0.056,0.056,0.055,0.051,0.052
"Congo, Dem. Rep.","Africa","COD","Subnat","CODr106","Nord-Kivu",0.116,0.123,0.109,0.113,0.123,0.120,0.124,0.104,0.112,0.112,0.099,0.104,0.099,0.101,0.100,0.106,0.106,0.104,0.098,0.111,0.112,0.107,0.103,0.101,0.095,0.107,0.100,0.100,0.095,0.114,0.115,0.102,0.101
"Congo, Dem. Rep.","Africa","COD","Subnat","CODr105","Orientale",0.066,0.065,0.063,0.065,0.068,0.065,0.066,0.064,0.058,0.065,0.057,0.056,0.054,0.055,0.053,0.056,0.060,0.055,0.055,0.060,0.060,0.054,0.053,0.049,0.050,0.051,0.049,0.053,0.050,0.054,0.051,0.048,0.048
"Congo, Dem. Rep.","Africa","COD","Subnat","CODr107","Sud-Kivu",0.086,0.090,0.089,0.085,0.097,0.086,0.088,0.090,0.091,0.087,0.076,0.076,0.073,0.075,0.073,0.082,0.079,0.085,0.076,0.079,0.080,0.081,0.081,0.075,0.073,0.077,0.076,0.078,0.077,0.080,0.083,0.078,0.086
"Congo, Rep.","Africa","COG","National","COGt","Total",0.052,0.050,0.050,0.052,0.055,0.057,0.050,0.052,0.052,0.058,0.052,0.043,0.051,0.050,0.046,0.044,0.048,0.050,0.046,0.051,0.045,0.049,0.047,0.044,0.048,0.044,0.047,0.048,0.049,0.054,0.053,0.048,0.046
"Congo, Rep.","Africa","COG","Subnat","COGr204"," Bouenza",0.044,0.042,0.045,0.044,0.044,0.049,0.039,0.045,0.049,0.050,0.046,0.035,0.047,0.045,0.041,0.038,0.043,0.044,0.039,0.046,0.037,0.047,0.041,0.039,0.041,0.039,0.042,0.042,0.043,0.051,0.048,0.042,0.042
"Congo, Rep.","Africa","COG","Subnat","COGr211"," Brazzaville",0.038,0.034,0.039,0.040,0.037,0.041,0.036,0.042,0.039,0.040,0.036,0.029,0.039,0.034,0.037,0.034,0.035,0.035,0.035,0.039,0.030,0.040,0.033,0.034,0.038,0.031,0.036,0.032,0.035,0.040,0.039,0.038,0.036
"Congo, Rep.","Africa","COG","Subnat","COGr207"," Cuvette",0.059,0.056,0.054,0.060,0.063,0.061,0.056,0.057,0.050,0.061,0.052,0.044,0.049,0.047,0.046,0.047,0.049,0.049,0.047,0.049,0.047,0.046,0.049,0.041,0.048,0.041,0.044,0.052,0.044,0.050,0.051,0.046,0.045
"Congo, Rep.","Africa","COG","Subnat","COGr208"," Cuvette Ouest",0.057,0.050,0.051,0.056,0.059,0.057,0.054,0.053,0.049,0.059,0.047,0.044,0.051,0.050,0.047,0.045,0.050,0.049,0.049,0.050,0.046,0.048,0.047,0.043,0.050,0.045,0.046,0.050,0.046,0.053,0.052,0.048,0.048
"Congo, Rep.","Africa","COG","Subnat","COGr201"," Kouilou",0.051,0.053,0.049,0.050,0.055,0.061,0.046,0.051,0.060,0.066,0.058,0.050,0.060,0.063,0.051,0.050,0.055,0.065,0.051,0.061,0.053,0.055,0.053,0.055,0.056,0.054,0.057,0.053,0.061,0.065,0.066,0.057,0.052
"Congo, Rep.","Africa","COG","Subnat","COGr203"," Lekoumou",0.058,0.054,0.054,0.057,0.058,0.063,0.056,0.058,0.060,0.063,0.063,0.048,0.057,0.058,0.052,0.049,0.051,0.057,0.052,0.057,0.052,0.056,0.053,0.048,0.053,0.048,0.051,0.054,0.053,0.062,0.060,0.056,0.053
"Congo, Rep.","Africa","COG","Subnat","COGr210"," Likouala",0.062,0.062,0.060,0.062,0.068,0.062,0.058,0.056,0.053,0.062,0.054,0.049,0.051,0.052,0.046,0.049,0.050,0.051,0.048,0.051,0.049,0.046,0.050,0.047,0.051,0.046,0.048,0.052,0.045,0.050,0.047,0.043,0.042
"Congo, Rep.","Africa","COG","Subnat","COGr202"," Niari",0.063,0.060,0.059,0.060,0.066,0.069,0.060,0.061,0.068,0.072,0.069,0.056,0.066,0.066,0.059,0.054,0.060,0.067,0.059,0.065,0.058,0.065,0.064,0.056,0.059,0.056,0.060,0.063,0.067,0.069,0.066,0.064,0.063
"Congo, Rep.","Africa","COG","Subnat","COGr206"," Plateaux",0.054,0.052,0.054,0.057,0.058,0.061,0.058,0.057,0.052,0.057,0.053,0.044,0.049,0.047,0.044,0.045,0.046,0.045,0.045,0.049,0.044,0.048,0.046,0.042,0.046,0.043,0.047,0.050,0.047,0.049,0.053,0.047,0.047
"Congo, Rep.","Africa","COG","Subnat","COGr212"," Pointe Noire",0.035,0.038,0.040,0.037,0.041,0.048,0.034,0.039,0.046,0.054,0.043,0.035,0.048,0.050,0.038,0.037,0.041,0.051,0.037,0.047,0.045,0.043,0.039,0.044,0.041,0.042,0.047,0.039,0.055,0.054,0.056,0.045,0.038
"Congo, Rep.","Africa","COG","Subnat","COGr205"," Pool",0.047,0.042,0.046,0.047,0.047,0.051,0.045,0.049,0.048,0.050,0.046,0.037,0.047,0.041,0.041,0.040,0.042,0.042,0.043,0.046,0.037,0.046,0.041,0.039,0.043,0.040,0.044,0.044,0.044,0.048,0.047,0.043,0.043
"Congo, Rep.","Africa","COG","Subnat","COGr209"," Sangha",0.058,0.054,0.053,0.059,0.063,0.060,0.055,0.052,0.048,0.059,0.051,0.046,0.049,0.049,0.045,0.044,0.048,0.048,0.047,0.049,0.046,0.044,0.048,0.042,0.048,0.043,0.046,0.049,0.044,0.051,0.049,0.044,0.041
"Costa Rica","America","CRI","National","CRIt","Total",0.105,0.092,0.088,0.109,0.089,0.130,0.127,0.091,0.112,0.131,0.112,0.112,0.106,0.118,0.124,0.116,0.103,0.125,0.134,0.112,0.165,0.122,0.102,0.103,0.109,0.098,0.114,0.117,0.102,0.096,0.120,0.107,0.122
"Costa Rica","America","CRI","Subnat","CRIr102","Alajuela",0.081,0.070,0.071,0.083,0.073,0.095,0.097,0.073,0.082,0.095,0.092,0.087,0.085,0.093,0.099,0.089,0.085,0.092,0.108,0.092,0.115,0.094,0.086,0.087,0.088,0.079,0.092,0.098,0.085,0.082,0.095,0.089,0.106
"Costa Rica","America","CRI","Subnat","CRIr103","Cartago",0.096,0.083,0.071,0.103,0.080,0.125,0.126,0.093,0.108,0.133,0.094,0.101,0.104,0.112,0.111,0.118,0.092,0.114,0.141,0.109,0.174,0.111,0.089,0.087,0.097,0.089,0.103,0.106,0.091,0.084,0.113,0.091,0.113
"Costa Rica","America","CRI","Subnat","CRIr105","Guanacaste",0.053,0.049,0.050,0.066,0.043,0.088,0.072,0.048,0.064,0.073,0.055,0.050,0.060,0.061,0.057,0.069,0.058,0.076,0.093,0.059,0.104,0.080,0.057,0.060,0.061,0.045,0.062,0.077,0.059,0.058,0.086,0.061,0.087
"Costa Rica","America","CRI","Subnat","CRIr104","Heredia",0.097,0.083,0.077,0.099,0.081,0.102,0.119,0.095,0.101,0.119,0.111,0.111,0.103,0.125,0.136,0.110,0.102,0.109,0.127,0.114,0.147,0.112,0.104,0.092,0.109,0.100,0.106,0.106,0.094,0.091,0.100,0.099,0.112
"Costa Rica","America","CRI","Subnat","CRIr107","Limon",0.101,0.095,0.078,0.101,0.090,0.107,0.126,0.106,0.112,0.133,0.111,0.114,0.115,0.121,0.132,0.119,0.101,0.117,0.133,0.130,0.165,0.113,0.109,0.096,0.113,0.114,0.112,0.111,0.100,0.089,0.109,0.105,0.110
"Costa Rica","America","CRI","Subnat","CRIr106","Puntarenas",0.142,0.121,0.126,0.147,0.120,0.187,0.160,0.103,0.156,0.176,0.155,0.154,0.129,0.148,0.156,0.145,0.135,0.177,0.161,0.138,0.215,0.165,0.129,0.144,0.138,0.122,0.152,0.150,0.136,0.126,0.158,0.144,0.158
"Costa Rica","America","CRI","Subnat","CRIr101","San Jose",0.164,0.142,0.145,0.164,0.135,0.208,0.187,0.116,0.161,0.189,0.166,0.168,0.148,0.166,0.174,0.161,0.151,0.192,0.177,0.143,0.234,0.181,0.139,0.157,0.154,0.137,0.169,0.168,0.147,0.139,0.175,0.158,0.170
"Cote d'Ivoire","Africa","CIV","National","CIVt","Total",0.045,0.047,0.043,0.047,0.042,0.049,0.046,0.042,0.043,0.048,0.038,0.038,0.043,0.045,0.041,0.042,0.040,0.045,0.047,0.042,0.047,0.041,0.043,0.039,0.046,0.039,0.041,0.044,0.049,0.049,0.039,0.043,0.042
"Cote d'Ivoire","Africa","CIV","Subnat","CIVr101","Abidjan",0.052,0.061,0.052,0.055,0.051,0.057,0.060,0.057,0.051,0.063,0.045,0.053,0.058,0.053,0.050,0.052,0.056,0.054,0.068,0.056,0.062,0.057,0.056,0.053,0.064,0.055,0.056,0.064,0.065,0.063,0.052,0.058,0.055
"Cote d'Ivoire","Africa","CIV","Subnat","CIVr103","Bas Sassandra",0.055,0.058,0.056,0.057,0.053,0.059,0.057,0.052,0.058,0.057,0.044,0.052,0.054,0.055,0.056,0.054,0.054,0.058,0.058,0.052,0.067,0.053,0.055,0.049,0.062,0.052,0.061,0.063,0.065,0.065,0.061,0.064,0.053
"Cote d'Ivoire","Africa","CIV","Subnat","CIVr104","Comoe",0.050,0.055,0.048,0.053,0.049,0.052,0.051,0.044,0.044,0.054,0.040,0.044,0.051,0.048,0.045,0.044,0.046,0.051,0.052,0.048,0.050,0.046,0.047,0.043,0.059,0.044,0.047,0.052,0.055,0.057,0.043,0.050,0.044
"Cote d'Ivoire","Africa","CIV","Subnat","CIVr105","Denguele",0.047,0.045,0.047,0.047,0.046,0.051,0.047,0.045,0.045,0.046,0.044,0.043,0.042,0.047,0.043,0.045,0.037,0.040,0.043,0.044,0.046,0.043,0.045,0.039,0.040,0.039,0.039,0.041,0.047,0.045,0.041,0.039,0.047
"Cote d'Ivoire","Africa","CIV","Subnat","CIVr106","Goh-Djiboua",0.045,0.049,0.043,0.047,0.041,0.048,0.045,0.040,0.043,0.047,0.034,0.037,0.042,0.044,0.045,0.041,0.042,0.046,0.047,0.043,0.051,0.042,0.042,0.039,0.051,0.042,0.042,0.048,0.049,0.054,0.039,0.045,0.038
"Cote d'Ivoire","Africa","CIV","Subnat","CIVr107","Lacs",0.036,0.038,0.034,0.038,0.033,0.040,0.037,0.030,0.032,0.041,0.028,0.027,0.032,0.035,0.032,0.032,0.028,0.038,0.039,0.034,0.034,0.031,0.033,0.030,0.039,0.029,0.030,0.032,0.040,0.039,0.025,0.034,0.032
"Cote d'Ivoire","Africa","CIV","Subnat","CIVr108","Lagunes",0.052,0.057,0.049,0.056,0.048,0.054,0.054,0.047,0.047,0.056,0.041,0.044,0.050,0.047,0.047,0.047,0.047,0.050,0.055,0.048,0.054,0.050,0.048,0.044,0.055,0.048,0.049,0.053,0.057,0.055,0.045,0.049,0.045
"Cote d'Ivoire","Africa","CIV","Subnat","CIVr109","Montagnes",0.054,0.050,0.050,0.054,0.047,0.057,0.054,0.046,0.055,0.050,0.045,0.045,0.052,0.054,0.052,0.052,0.045,0.050,0.054,0.045,0.055,0.045,0.048,0.045,0.051,0.046,0.046,0.053,0.053,0.057,0.042,0.051,0.050
"Cote d'Ivoire","Africa","CIV","Subnat","CIVr110","Sassandra-Marahoue",0.039,0.040,0.040,0.042,0.035,0.045,0.041,0.036,0.040,0.045,0.034,0.031,0.035,0.039,0.037,0.036,0.034,0.042,0.043,0.035,0.040,0.036,0.037,0.033,0.041,0.034,0.036,0.039,0.042,0.046,0.033,0.038,0.034
"Cote d'Ivoire","Africa","CIV","Subnat","CIVr111","Savanes",0.037,0.040,0.036,0.036,0.040,0.046,0.038,0.035,0.038,0.041,0.035,0.032,0.034,0.040,0.031,0.034,0.032,0.036,0.040,0.035,0.038,0.032,0.036,0.032,0.032,0.033,0.032,0.033,0.040,0.037,0.033,0.033,0.039
"Cote d'Ivoire","Africa","CIV","Subnat","CIVr112","Vallee du Bandama",0.039,0.043,0.036,0.042,0.039,0.047,0.038,0.037,0.039,0.046,0.037,0.030,0.039,0.041,0.032,0.040,0.034,0.043,0.041,0.038,0.037,0.035,0.038,0.033,0.038,0.033,0.034,0.034,0.043,0.043,0.033,0.035,0.036
"Cote d'Ivoire","Africa","CIV","Subnat","CIVr113","Woroba",0.049,0.044,0.044,0.051,0.045,0.053,0.046,0.048,0.046,0.049,0.044,0.039,0.042,0.050,0.044,0.045,0.039,0.046,0.045,0.043,0.045,0.043,0.043,0.036,0.040,0.038,0.039,0.041,0.049,0.048,0.039,0.042,0.045
"Cote d'Ivoire","Africa","CIV","Subnat","CIVr102","Yamoussoukro",0.040,0.040,0.035,0.039,0.033,0.039,0.040,0.031,0.034,0.044,0.030,0.027,0.033,0.036,0.037,0.034,0.032,0.042,0.039,0.036,0.038,0.033,0.036,0.032,0.044,0.032,0.031,0.034,0.040,0.043,0.027,0.037,0.032
"Cote d'Ivoire","Africa","CIV","Subnat","CIVr114","Zanzan",0.032,0.039,0.031,0.036,0.035,0.043,0.035,0.033,0.033,0.040,0.030,0.025,0.032,0.037,0.027,0.031,0.030,0.035,0.035,0.032,0.035,0.029,0.034,0.033,0.032,0.029,0.030,0.029,0.040,0.038,0.029,0.031,0.032
"Croatia","Europe","HRV","National","HRVt","Total",0.029,0.034,0.030,0.032,0.029,0.039,0.038,0.032,0.034,0.038,0.028,0.035,0.039,0.025,0.039,0.036,0.032,0.034,0.034,0.035,0.045,0.022,0.031,0.040,0.047,0.031,0.037,0.034,0.036,0.038,0.032,0.033,0.030
"Croatia","Europe","HRV","Subnat","HRVr101","City of Zagreb",0.026,0.030,0.025,0.028,0.028,0.035,0.033,0.029,0.031,0.035,0.024,0.028,0.036,0.024,0.032,0.033,0.030,0.032,0.029,0.030,0.037,0.018,0.027,0.036,0.044,0.031,0.032,0.033,0.033,0.035,0.031,0.028,0.027
"Croatia","Europe","HRV","Subnat","HRVr107","County of Bjelovar-Bilogora",0.024,0.030,0.025,0.027,0.026,0.031,0.032,0.029,0.030,0.034,0.019,0.030,0.032,0.021,0.031,0.029,0.028,0.029,0.026,0.027,0.038,0.017,0.024,0.032,0.041,0.027,0.031,0.029,0.031,0.032,0.028,0.026,0.026
"Croatia","Europe","HRV","Subnat","HRVr110","County of Brod-Posavina",0.022,0.029,0.023,0.026,0.027,0.029,0.031,0.029,0.026,0.033,0.020,0.035,0.031,0.019,0.033,0.030,0.027,0.028,0.025,0.027,0.038,0.017,0.023,0.027,0.037,0.027,0.029,0.027,0.029,0.027,0.024,0.028,0.025
"Croatia","Europe","HRV","Subnat","HRVr121","County of Dubrovnik-Neretva",0.037,0.043,0.035,0.038,0.033,0.051,0.059,0.034,0.045,0.047,0.044,0.044,0.056,0.042,0.057,0.049,0.039,0.042,0.047,0.057,0.068,0.031,0.045,0.063,0.061,0.036,0.046,0.035,0.049,0.053,0.043,0.050,0.039
"Croatia","Europe","HRV","Subnat","HRVr120","County of Istria",0.042,0.040,0.046,0.042,0.038,0.049,0.047,0.043,0.044,0.040,0.045,0.043,0.048,0.027,0.046,0.040,0.039,0.037,0.049,0.043,0.060,0.029,0.041,0.053,0.066,0.033,0.049,0.051,0.040,0.052,0.039,0.042,0.036
"Croatia","Europe","HRV","Subnat","HRVr113","County of Karlovac",0.034,0.038,0.031,0.036,0.033,0.046,0.041,0.038,0.038,0.044,0.033,0.038,0.045,0.030,0.045,0.046,0.038,0.039,0.038,0.039,0.048,0.025,0.036,0.045,0.055,0.038,0.045,0.041,0.042,0.044,0.035,0.039,0.033
"Croatia","Europe","HRV","Subnat","HRVr105","County of Koprivnica-Krizevc",0.023,0.029,0.024,0.025,0.025,0.031,0.031,0.027,0.030,0.034,0.019,0.027,0.029,0.022,0.028,0.029,0.028,0.028,0.025,0.026,0.036,0.016,0.023,0.032,0.040,0.027,0.029,0.030,0.032,0.032,0.029,0.025,0.026
"Croatia","Europe","HRV","Subnat","HRVr103","County of Krapina-Zagorje",0.026,0.031,0.026,0.028,0.029,0.035,0.033,0.028,0.032,0.036,0.025,0.028,0.034,0.023,0.031,0.032,0.031,0.033,0.028,0.031,0.036,0.019,0.027,0.035,0.043,0.030,0.033,0.032,0.034,0.036,0.032,0.028,0.027
"Croatia","Europe","HRV","Subnat","HRVr116","County of Lika-Senj",0.041,0.044,0.045,0.047,0.037,0.056,0.048,0.044,0.044,0.051,0.041,0.046,0.055,0.035,0.057,0.052,0.042,0.046,0.049,0.049,0.060,0.032,0.045,0.055,0.061,0.042,0.053,0.049,0.051,0.053,0.043,0.045,0.041
"Croatia","Europe","HRV","Subnat","HRVr106","County of Medimurje",0.022,0.028,0.023,0.024,0.026,0.031,0.033,0.025,0.030,0.032,0.021,0.026,0.027,0.020,0.028,0.030,0.028,0.029,0.024,0.027,0.033,0.017,0.023,0.031,0.038,0.027,0.030,0.028,0.031,0.033,0.028,0.025,0.025
"Croatia","Europe","HRV","Subnat","HRVr111","County of Osijek-Baranja",0.019,0.025,0.021,0.022,0.023,0.025,0.027,0.024,0.023,0.032,0.015,0.029,0.025,0.016,0.028,0.027,0.024,0.024,0.021,0.023,0.037,0.015,0.021,0.026,0.031,0.024,0.026,0.024,0.024,0.023,0.021,0.024,0.021
"Croatia","Europe","HRV","Subnat","HRVr109","County of Pozega-Slavonia",0.025,0.031,0.026,0.027,0.028,0.031,0.033,0.030,0.028,0.036,0.020,0.035,0.033,0.020,0.035,0.031,0.029,0.030,0.027,0.028,0.040,0.018,0.024,0.031,0.041,0.028,0.031,0.029,0.031,0.030,0.026,0.028,0.027
"Croatia","Europe","HRV","Subnat","HRVr115","County of Primorje-Gorski Kotar",0.048,0.045,0.051,0.050,0.044,0.059,0.053,0.048,0.052,0.052,0.052,0.052,0.054,0.035,0.057,0.049,0.047,0.047,0.053,0.051,0.063,0.033,0.049,0.060,0.068,0.039,0.057,0.058,0.049,0.057,0.044,0.051,0.044
"Croatia","Europe","HRV","Subnat","HRVr118","County of Sibenik-Knin",0.029,0.035,0.033,0.038,0.028,0.049,0.042,0.034,0.033,0.040,0.036,0.037,0.043,0.028,0.046,0.041,0.028,0.035,0.041,0.042,0.049,0.025,0.035,0.045,0.049,0.033,0.037,0.034,0.041,0.042,0.037,0.038,0.032
"Croatia","Europe","HRV","Subnat","HRVr114","County of Sisak-Moslavina",0.026,0.034,0.025,0.029,0.027,0.036,0.035,0.032,0.031,0.036,0.024,0.034,0.038,0.023,0.036,0.035,0.031,0.032,0.029,0.031,0.041,0.019,0.028,0.035,0.047,0.033,0.035,0.033,0.034,0.036,0.029,0.032,0.028
"Croatia","Europe","HRV","Subnat","HRVr119","County of Split-Dalmatia",0.037,0.042,0.038,0.041,0.032,0.054,0.053,0.039,0.040,0.048,0.043,0.042,0.051,0.038,0.053,0.046,0.033,0.041,0.050,0.052,0.063,0.030,0.041,0.054,0.059,0.037,0.043,0.039,0.045,0.053,0.041,0.046,0.037
"Croatia","Europe","HRV","Subnat","HRVr104","County of Varazdin",0.024,0.031,0.025,0.026,0.028,0.034,0.034,0.027,0.032,0.035,0.022,0.027,0.031,0.022,0.029,0.032,0.030,0.031,0.026,0.029,0.035,0.018,0.025,0.033,0.041,0.029,0.031,0.030,0.034,0.035,0.031,0.027,0.027
"Croatia","Europe","HRV","Subnat","HRVr108","County of Virovitica-Podravina",0.024,0.029,0.024,0.025,0.025,0.030,0.031,0.027,0.028,0.035,0.018,0.031,0.029,0.019,0.031,0.029,0.027,0.028,0.025,0.026,0.040,0.017,0.023,0.031,0.039,0.026,0.030,0.028,0.028,0.028,0.025,0.026,0.025
"Croatia","Europe","HRV","Subnat","HRVr112","County of Vukovar-Srijem",0.019,0.026,0.020,0.021,0.023,0.026,0.027,0.026,0.022,0.031,0.015,0.032,0.025,0.018,0.030,0.029,0.025,0.025,0.021,0.025,0.035,0.015,0.020,0.024,0.031,0.024,0.025,0.021,0.025,0.022,0.020,0.025,0.019
"Croatia","Europe","HRV","Subnat","HRVr117","County of Zadar",0.034,0.037,0.039,0.042,0.032,0.050,0.043,0.037,0.036,0.044,0.037,0.038,0.051,0.028,0.050,0.044,0.033,0.037,0.043,0.045,0.052,0.026,0.037,0.050,0.055,0.036,0.043,0.039,0.045,0.046,0.040,0.040,0.036
"Croatia","Europe","HRV","Subnat","HRVr102","County of Zagreb",0.026,0.030,0.026,0.028,0.028,0.035,0.033,0.029,0.031,0.035,0.024,0.028,0.035,0.024,0.032,0.033,0.030,0.032,0.028,0.030,0.037,0.018,0.027,0.035,0.044,0.031,0.032,0.033,0.033,0.036,0.031,0.028,0.027
"Cuba","America","CUB","National","CUBt","Total",0.031,0.033,0.030,0.034,0.032,0.035,0.033,0.027,0.031,0.034,0.023,0.028,0.031,0.028,0.021,0.038,0.032,0.041,0.031,0.026,0.033,0.031,0.034,0.031,0.029,0.028,0.029,0.038,0.034,0.030,0.036,0.025,0.029
"Cuba","America","CUB","Subnat","CUBr103","C. Habana",0.031,0.039,0.031,0.027,0.028,0.037,0.031,0.029,0.034,0.032,0.024,0.028,0.029,0.028,0.023,0.039,0.027,0.036,0.031,0.023,0.030,0.029,0.033,0.030,0.027,0.026,0.030,0.032,0.036,0.030,0.041,0.026,0.031
"Cuba","America","CUB","Subnat","CUBr109","Camaguey",0.030,0.031,0.032,0.038,0.034,0.030,0.033,0.025,0.029,0.032,0.025,0.028,0.031,0.029,0.017,0.035,0.036,0.043,0.030,0.028,0.037,0.030,0.031,0.029,0.029,0.029,0.030,0.043,0.033,0.033,0.032,0.025,0.027
"Cuba","America","CUB","Subnat","CUBr108","Ciego de Avila",0.031,0.032,0.031,0.033,0.033,0.033,0.034,0.027,0.029,0.035,0.024,0.028,0.031,0.027,0.017,0.035,0.033,0.042,0.029,0.025,0.035,0.030,0.037,0.030,0.030,0.027,0.027,0.044,0.033,0.033,0.033,0.025,0.027
"Cuba","America","CUB","Subnat","CUBr106","Cienfuegos",0.033,0.033,0.029,0.031,0.028,0.037,0.035,0.025,0.034,0.039,0.022,0.026,0.032,0.026,0.018,0.035,0.026,0.036,0.031,0.021,0.029,0.025,0.036,0.025,0.024,0.031,0.024,0.036,0.032,0.026,0.034,0.023,0.027
"Cuba","America","CUB","Subnat","CUBr112","Granma",0.030,0.027,0.030,0.038,0.032,0.027,0.031,0.024,0.027,0.030,0.023,0.026,0.030,0.028,0.019,0.039,0.032,0.042,0.029,0.027,0.036,0.033,0.028,0.028,0.031,0.027,0.027,0.039,0.029,0.030,0.031,0.023,0.028
"Cuba","America","CUB","Subnat","CUBr114","Guantanamo",0.034,0.030,0.029,0.040,0.037,0.029,0.035,0.027,0.037,0.035,0.025,0.033,0.028,0.032,0.026,0.040,0.040,0.048,0.034,0.035,0.040,0.040,0.036,0.035,0.036,0.028,0.043,0.052,0.035,0.034,0.034,0.027,0.030
"Cuba","America","CUB","Subnat","CUBr111","Holguin",0.032,0.029,0.030,0.037,0.035,0.029,0.033,0.025,0.032,0.032,0.023,0.029,0.026,0.031,0.021,0.037,0.037,0.045,0.033,0.031,0.034,0.035,0.031,0.032,0.033,0.028,0.032,0.044,0.030,0.033,0.032,0.025,0.029
"Cuba","America","CUB","Subnat","CUBr115","Isla",0.029,0.036,0.030,0.040,0.029,0.045,0.036,0.029,0.029,0.036,0.023,0.034,0.041,0.028,0.027,0.040,0.035,0.044,0.032,0.025,0.036,0.035,0.033,0.036,0.029,0.030,0.030,0.031,0.045,0.028,0.041,0.025,0.032
"Cuba","America","CUB","Subnat","CUBr110","Las Tunas",0.029,0.028,0.029,0.040,0.034,0.028,0.031,0.024,0.027,0.029,0.023,0.025,0.027,0.028,0.017,0.036,0.034,0.046,0.028,0.028,0.034,0.031,0.027,0.029,0.029,0.028,0.028,0.038,0.030,0.031,0.031,0.022,0.027
"Cuba","America","CUB","Subnat","CUBr104","Matanzas",0.029,0.037,0.030,0.031,0.029,0.041,0.037,0.030,0.032,0.039,0.024,0.030,0.031,0.028,0.021,0.036,0.028,0.039,0.033,0.024,0.029,0.028,0.039,0.028,0.025,0.028,0.027,0.032,0.035,0.028,0.039,0.027,0.029
"Cuba","America","CUB","Subnat","CUBr101","Pinar del Rio",0.032,0.040,0.033,0.036,0.035,0.044,0.032,0.033,0.032,0.034,0.025,0.030,0.042,0.031,0.031,0.041,0.034,0.041,0.036,0.030,0.031,0.034,0.036,0.040,0.036,0.032,0.034,0.035,0.045,0.033,0.046,0.029,0.033
"Cuba","America","CUB","Subnat","CUBr102","Prov. Habana",0.026,0.034,0.026,0.026,0.025,0.037,0.029,0.027,0.030,0.030,0.021,0.025,0.028,0.024,0.021,0.037,0.025,0.034,0.030,0.020,0.026,0.025,0.032,0.028,0.023,0.022,0.027,0.028,0.033,0.026,0.038,0.024,0.028
"Cuba","America","CUB","Subnat","CUBr107","S.Spiritus",0.031,0.032,0.030,0.031,0.029,0.036,0.034,0.026,0.029,0.035,0.023,0.027,0.034,0.025,0.017,0.037,0.028,0.038,0.032,0.023,0.033,0.028,0.039,0.028,0.029,0.028,0.026,0.041,0.034,0.030,0.036,0.025,0.026
"Cuba","America","CUB","Subnat","CUBr113","Santiago de Cuba",0.029,0.029,0.027,0.036,0.034,0.026,0.030,0.024,0.031,0.030,0.021,0.028,0.029,0.029,0.020,0.041,0.034,0.040,0.031,0.028,0.037,0.036,0.029,0.030,0.033,0.025,0.031,0.042,0.028,0.030,0.032,0.024,0.027
"Cuba","America","CUB","Subnat","CUBr105","Villa Clara",0.035,0.037,0.032,0.034,0.033,0.037,0.037,0.031,0.035,0.040,0.027,0.031,0.031,0.032,0.020,0.036,0.030,0.039,0.034,0.028,0.032,0.030,0.045,0.031,0.029,0.035,0.027,0.040,0.035,0.032,0.038,0.027,0.031
"Cyprus","Europe","CYP","National","CYPt","Total",0.008,0.018,0.013,0.009,0.017,0.008,0.014,0.013,0.012,0.009,0.014,0.014,0.013,0.015,0.014,0.010,0.011,0.012,0.007,0.016,0.010,0.014,0.021,0.010,0.011,0.014,0.010,0.011,0.016,0.023,0.015,0.011,0.013
"Czechia","Europe","CZE","National","CZEt","Total",0.022,0.022,0.023,0.024,0.024,0.031,0.026,0.027,0.027,0.025,0.026,0.030,0.031,0.019,0.025,0.028,0.025,0.028,0.025,0.028,0.032,0.023,0.026,0.027,0.026,0.022,0.026,0.027,0.020,0.024,0.029,0.029,0.028
"Czechia","Europe","CZE","Subnat","CZEr106","Jihovychod",0.021,0.022,0.020,0.022,0.022,0.028,0.025,0.026,0.025,0.024,0.024,0.026,0.027,0.019,0.023,0.028,0.025,0.026,0.023,0.027,0.030,0.020,0.023,0.026,0.026,0.020,0.023,0.023,0.020,0.024,0.029,0.026,0.024
"Czechia","Europe","CZE","Subnat","CZEr103","Jihozapad",0.024,0.023,0.024,0.026,0.025,0.033,0.027,0.025,0.027,0.026,0.027,0.031,0.037,0.020,0.027,0.029,0.026,0.029,0.027,0.030,0.030,0.024,0.028,0.028,0.027,0.023,0.027,0.026,0.022,0.025,0.028,0.031,0.031
"Czechia","Europe","CZE","Subnat","CZEr108","Moravskoslezsko",0.027,0.028,0.024,0.025,0.028,0.031,0.032,0.037,0.032,0.029,0.031,0.034,0.030,0.023,0.027,0.034,0.029,0.031,0.028,0.032,0.036,0.026,0.029,0.029,0.031,0.023,0.033,0.033,0.025,0.028,0.034,0.031,0.030
"Czechia","Europe","CZE","Subnat","CZEr101","Praha",0.018,0.018,0.021,0.023,0.020,0.030,0.023,0.022,0.022,0.020,0.021,0.027,0.033,0.016,0.022,0.023,0.021,0.024,0.022,0.025,0.030,0.021,0.025,0.026,0.021,0.019,0.023,0.024,0.016,0.021,0.025,0.027,0.029
"Czechia","Europe","CZE","Subnat","CZEr105","Severovychod",0.024,0.024,0.025,0.027,0.027,0.032,0.026,0.029,0.031,0.026,0.028,0.032,0.031,0.020,0.027,0.029,0.027,0.030,0.027,0.029,0.033,0.024,0.029,0.029,0.024,0.024,0.026,0.030,0.022,0.026,0.031,0.029,0.029
"Czechia","Europe","CZE","Subnat","CZEr104","Severozapad",0.021,0.020,0.023,0.025,0.025,0.030,0.023,0.023,0.027,0.023,0.025,0.029,0.033,0.017,0.026,0.025,0.023,0.027,0.026,0.027,0.030,0.022,0.025,0.027,0.024,0.021,0.026,0.025,0.017,0.022,0.025,0.029,0.026
"Czechia","Europe","CZE","Subnat","CZEr102","Stredni Cechy",0.020,0.020,0.022,0.024,0.022,0.030,0.023,0.023,0.023,0.021,0.023,0.028,0.032,0.017,0.023,0.025,0.023,0.025,0.023,0.026,0.030,0.021,0.025,0.026,0.022,0.020,0.023,0.025,0.017,0.022,0.026,0.027,0.028
"Czechia","Europe","CZE","Subnat","CZEr107","Stredni Morava",0.024,0.025,0.022,0.023,0.026,0.030,0.028,0.032,0.030,0.027,0.028,0.030,0.028,0.020,0.025,0.031,0.028,0.028,0.025,0.028,0.034,0.023,0.026,0.027,0.028,0.022,0.028,0.028,0.022,0.026,0.032,0.028,0.026
"Denmark","Europe","DNK","National","DNKt","Total",0.027,0.023,0.022,0.026,0.027,0.023,0.018,0.022,0.029,0.030,0.027,0.027,0.029,0.022,0.027,0.023,0.028,0.030,0.026,0.025,0.026,0.026,0.028,0.024,0.027,0.031,0.024,0.030,0.021,0.030,0.027,0.026,0.025
"Denmark","Europe","DNK","Subnat","DNKr101","Hovedstaden",0.024,0.024,0.022,0.024,0.026,0.023,0.019,0.021,0.028,0.029,0.024,0.026,0.028,0.021,0.026,0.021,0.026,0.030,0.024,0.023,0.027,0.026,0.025,0.022,0.026,0.027,0.021,0.029,0.018,0.027,0.023,0.025,0.022
"Denmark","Europe","DNK","Subnat","DNKr104","Midtjylland",0.029,0.022,0.023,0.027,0.029,0.023,0.018,0.023,0.031,0.032,0.030,0.028,0.029,0.023,0.028,0.024,0.030,0.030,0.028,0.027,0.025,0.026,0.031,0.025,0.029,0.034,0.026,0.030,0.023,0.033,0.029,0.027,0.028
"Denmark","Europe","DNK","Subnat","DNKr105","Nordjylland",0.028,0.021,0.023,0.025,0.028,0.024,0.019,0.023,0.030,0.032,0.031,0.028,0.028,0.024,0.026,0.024,0.030,0.028,0.028,0.028,0.024,0.026,0.030,0.024,0.030,0.032,0.026,0.030,0.024,0.034,0.028,0.025,0.028
"Denmark","Europe","DNK","Subnat","DNKr102","Sjaelland",0.025,0.023,0.020,0.025,0.025,0.021,0.017,0.019,0.027,0.027,0.024,0.025,0.027,0.019,0.026,0.020,0.024,0.029,0.022,0.022,0.027,0.027,0.023,0.022,0.024,0.028,0.021,0.030,0.018,0.025,0.024,0.026,0.022
"Denmark","Europe","DNK","Subnat","DNKr103","Syddanmark",0.030,0.023,0.022,0.027,0.029,0.023,0.019,0.023,0.031,0.031,0.027,0.029,0.031,0.021,0.029,0.024,0.028,0.032,0.028,0.027,0.026,0.027,0.030,0.026,0.028,0.032,0.026,0.032,0.021,0.031,0.029,0.028,0.026
"Djibouti","Africa","DJI","National","DJIt","Total",0.008,0.008,0.010,0.011,0.008,0.010,0.010,0.012,0.010,0.007,0.009,0.007,0.010,0.008,0.009,0.008,0.013,0.007,0.005,0.005,0.009,0.007,0.005,0.009,0.007,0.006,0.009,0.006,0.008,0.011,0.010,0.006,0.006
"Djibouti","Africa","DJI","Subnat","DJIr101","Djibouti",0.009,0.010,0.012,0.014,0.009,0.012,0.011,0.016,0.009,0.007,0.008,0.006,0.012,0.008,0.012,0.009,0.017,0.007,0.006,0.007,0.009,0.007,0.006,0.010,0.007,0.008,0.009,0.006,0.011,0.014,0.012,0.006,0.005
"Djibouti","Africa","DJI","Subnat","DJIr102","Other Districts",0.006,0.005,0.008,0.007,0.006,0.008,0.009,0.008,0.011,0.007,0.009,0.008,0.007,0.008,0.006,0.007,0.009,0.006,0.004,0.004,0.008,0.006,0.004,0.007,0.007,0.005,0.008,0.005,0.006,0.007,0.008,0.006,0.006
"Dominica","America","DMA","National","DMAt","Total",0.035,0.031,0.033,0.032,0.030,0.037,0.039,0.030,0.043,0.034,0.031,0.029,0.031,0.035,0.047,0.051,0.037,0.034,0.040,0.031,0.045,0.058,0.040,0.040,0.032,0.028,0.041,0.039,0.034,0.034,0.036,0.028,0.036
"Dominican Republic","America","DOM","National","DOMt","Total",0.040,0.030,0.041,0.041,0.029,0.032,0.039,0.026,0.042,0.039,0.029,0.031,0.029,0.036,0.037,0.045,0.035,0.045,0.037,0.035,0.044,0.040,0.042,0.033,0.027,0.026,0.042,0.045,0.030,0.029,0.034,0.031,0.031
"Dominican Republic","America","DOM","Subnat","DOMr101","Region 0 (Distrito Nacional, Santo Domingo, Monte Plata)",0.047,0.037,0.050,0.047,0.033,0.039,0.043,0.031,0.052,0.043,0.033,0.037,0.033,0.041,0.042,0.048,0.039,0.049,0.044,0.040,0.045,0.046,0.045,0.040,0.031,0.029,0.048,0.047,0.039,0.032,0.040,0.038,0.041
"Dominican Republic","America","DOM","Subnat","DOMr102","Region I (Peravia, San Cristobal, San Jose de Ocoa, Azua)",0.041,0.031,0.041,0.043,0.030,0.034,0.036,0.025,0.043,0.036,0.028,0.028,0.029,0.037,0.036,0.045,0.034,0.043,0.039,0.031,0.043,0.040,0.043,0.032,0.026,0.026,0.042,0.042,0.030,0.029,0.037,0.030,0.029
"Dominican Republic","America","DOM","Subnat","DOMr103","Region II (Espaillat, Puerto Plata, Santiago)",0.037,0.027,0.037,0.040,0.027,0.030,0.042,0.026,0.039,0.040,0.029,0.031,0.028,0.034,0.039,0.046,0.036,0.047,0.033,0.040,0.045,0.038,0.041,0.030,0.028,0.029,0.043,0.047,0.027,0.029,0.030,0.029,0.029
"Dominican Republic","America","DOM","Subnat","DOMr104","Region III (Duarte, Maria Trinidad Sanchez, Salcedo, Samana)",0.047,0.035,0.048,0.046,0.034,0.036,0.050,0.030,0.051,0.046,0.035,0.040,0.036,0.040,0.047,0.049,0.043,0.052,0.044,0.045,0.048,0.045,0.048,0.042,0.036,0.034,0.048,0.054,0.037,0.031,0.041,0.040,0.042
"Dominican Republic","America","DOM","Subnat","DOMr105","Region IV (Independencia, Bahoruco, Barahona, Pedernales)",0.037,0.021,0.032,0.038,0.024,0.027,0.031,0.020,0.030,0.029,0.020,0.021,0.023,0.032,0.027,0.042,0.027,0.037,0.027,0.021,0.040,0.037,0.039,0.022,0.017,0.017,0.033,0.033,0.021,0.023,0.026,0.022,0.020
"Dominican Republic","America","DOM","Subnat","DOMr106","Region V (El Seibo, La Altagracia, La Romana, San Pedro de Macoris, Hato Mayor)",0.037,0.029,0.043,0.037,0.029,0.030,0.038,0.025,0.041,0.038,0.027,0.032,0.026,0.036,0.036,0.047,0.033,0.041,0.044,0.032,0.043,0.042,0.036,0.034,0.028,0.024,0.045,0.043,0.032,0.030,0.034,0.030,0.039
"Dominican Republic","America","DOM","Subnat","DOMr107","Region VI (San Juan, Elias Pina)",0.036,0.031,0.040,0.040,0.030,0.032,0.036,0.028,0.041,0.041,0.028,0.031,0.028,0.036,0.031,0.043,0.036,0.041,0.034,0.031,0.041,0.038,0.040,0.034,0.027,0.025,0.039,0.044,0.028,0.034,0.031,0.030,0.027
"Dominican Republic","America","DOM","Subnat","DOMr108","Region VII (Dajabon, Monte Cristi, Santiago Rodriguez, Valverde)",0.027,0.019,0.026,0.031,0.022,0.024,0.030,0.020,0.025,0.030,0.023,0.024,0.020,0.026,0.026,0.032,0.026,0.036,0.024,0.027,0.034,0.026,0.031,0.021,0.022,0.019,0.033,0.036,0.019,0.025,0.019,0.019,0.020
"Dominican Republic","America","DOM","Subnat","DOMr109","Region VIII (La Vega, Monsenor Nouel, Sanchez Ramirez)",0.048,0.037,0.052,0.052,0.035,0.037,0.048,0.031,0.056,0.048,0.036,0.038,0.036,0.045,0.046,0.055,0.043,0.055,0.044,0.047,0.055,0.049,0.052,0.041,0.030,0.035,0.051,0.055,0.036,0.033,0.043,0.039,0.036
"Ecuador","America","ECU","National","ECUt","Total",0.074,0.080,0.095,0.087,0.084,0.083,0.074,0.125,0.131,0.090,0.085,0.085,0.091,0.080,0.074,0.069,0.081,0.077,0.087,0.078,0.083,0.081,0.093,0.080,0.085,0.093,0.083,0.094,0.084,0.093,0.075,0.088,0.077
"Ecuador","America","ECU","Subnat","ECUr101","Coste",0.070,0.081,0.116,0.098,0.088,0.100,0.077,0.183,0.186,0.114,0.098,0.109,0.122,0.100,0.086,0.074,0.097,0.083,0.097,0.081,0.098,0.075,0.109,0.087,0.097,0.117,0.095,0.104,0.078,0.094,0.073,0.088,0.074
"Ecuador","America","ECU","Subnat","ECUr104","Galapagos",0.013,0.016,0.034,0.018,0.009,0.011,0.009,0.046,0.068,0.009,0.012,0.011,0.018,0.006,0.009,0.005,0.008,0.015,0.020,0.009,0.017,0.028,0.027,0.015,0.012,0.018,0.008,0.014,0.013,0.012,0.010,0.019,0.014
"Ecuador","America","ECU","Subnat","ECUr103","Oriente",0.106,0.105,0.101,0.106,0.113,0.093,0.099,0.098,0.100,0.099,0.100,0.089,0.087,0.091,0.088,0.088,0.088,0.091,0.099,0.103,0.091,0.104,0.105,0.102,0.103,0.100,0.104,0.125,0.125,0.129,0.099,0.116,0.101
"Ecuador","America","ECU","Subnat","ECUr102","Sierra",0.106,0.119,0.129,0.129,0.127,0.128,0.113,0.172,0.172,0.139,0.129,0.129,0.137,0.124,0.114,0.110,0.131,0.118,0.131,0.120,0.127,0.116,0.132,0.117,0.130,0.139,0.126,0.136,0.120,0.136,0.116,0.129,0.118
"Egypt, Arab Rep.","Africa","EGY","National","EGYt","Total",0.001,0.002,0.002,0.001,0.002,0.001,0.001,0.001,0.001,0.001,0.001,0.001,0.001,0.001,0.001,0.001,0.001,0.001,0.001,0.001,0.001,0.002,0.001,0.001,0.001,0.002,0.001,0.001,0.001,0.002,0.002,0.001,0.001
"Egypt, Arab Rep.","Africa","EGY","Subnat","EGYr102","Alexandria",0.002,0.005,0.004,0.002,0.005,0.002,0.003,0.002,0.002,0.001,0.003,0.002,0.003,0.003,0.003,0.002,0.002,0.002,0.003,0.002,0.001,0.003,0.003,0.003,0.002,0.005,0.002,0.002,0.003,0.003,0.005,0.004,0.003
"Egypt, Arab Rep.","Africa","EGY","Subnat","EGYr118","Assuit",0.000,0.001,0.000,0.000,0.001,0.000,0.000,0.000,0.000,0.000,0.000,0.000,0.000,0.000,0.000,0.000,0.000,0.000,0.000,0.000,0.000,0.000,0.000,0.000,0.001,0.000,0.000,0.000,0.000,0.000,0.001,0.000,0.000
"Egypt, Arab Rep.","Africa","EGY","Subnat","EGYr121","Aswan",0.000,0.000,0.000,0.000,0.000,0.000,0.000,0.000,0.000,0.000,0.000,0.000,0.000,0.000,0.000,0.000,0.000,0.000,0.000,0.000,0.000,0.000,0.000,0.000,0.000,0.000,0.000,0.000,0.000,0.000,0.000,0.000,0.000
"Egypt, Arab Rep.","Africa","EGY","Subnat","EGYr112","Behera",0.001,0.003,0.003,0.001,0.003,0.001,0.002,0.002,0.001,0.001,0.002,0.001,0.002,0.001,0.002,0.001,0.001,0.001,0.001,0.001,0.001,0.002,0.002,0.002,0.001,0.003,0.001,0.001,0.002,0.002,0.003,0.002,0.002
"Egypt, Arab Rep.","Africa","EGY","Subnat","EGYr115","Beni Suef",0.000,0.001,0.000,0.000,0.001,0.000,0.000,0.000,0.000,0.000,0.000,0.000,0.000,0.000,0.000,0.001,0.000,0.000,0.000,0.000,0.000,0.001,0.000,0.000,0.000,0.000,0.000,0.000,0.001,0.000,0.002,0.000,0.001
"Egypt, Arab Rep.","Africa","EGY","Subnat","EGYr101","Cairo",0.001,0.001,0.001,0.001,0.001,0.001,0.001,0.001,0.001,0.000,0.001,0.000,0.001,0.000,0.001,0.001,0.001,0.001,0.000,0.000,0.001,0.001,0.001,0.001,0.001,0.001,0.001,0.001,0.001,0.002,0.003,0.001,0.001
"Egypt, Arab Rep.","Africa","EGY","Subnat","EGYr106","Dakahlia",0.002,0.004,0.004,0.003,0.004,0.001,0.003,0.003,0.003,0.001,0.003,0.001,0.003,0.002,0.002,0.001,0.002,0.002,0.002,0.002,0.001,0.003,0.002,0.002,0.002,0.004,0.001,0.001,0.002,0.004,0.004,0.003,0.002
"Egypt, Arab Rep.","Africa","EGY","Subnat","EGYr105","Damietta",0.003,0.007,0.007,0.004,0.006,0.003,0.004,0.005,0.004,0.002,0.005,0.003,0.005,0.004,0.004,0.003,0.004,0.004,0.004,0.003,0.002,0.005,0.004,0.004,0.003,0.006,0.003,0.002,0.004,0.005,0.005,0.004,0.004
"Egypt, Arab Rep.","Africa","EGY","Subnat","EGYr116","Fayoum",0.000,0.001,0.000,0.000,0.001,0.000,0.000,0.000,0.000,0.000,0.000,0.000,0.000,0.000,0.000,0.001,0.000,0.000,0.000,0.000,0.000,0.001,0.000,0.000,0.000,0.001,0.000,0.000,0.000,0.001,0.002,0.000,0.000
"Egypt, Arab Rep.","Africa","EGY","Subnat","EGYr122","Frontier governorates (Red Sea, New Valley, Matroh, North Sainai, South Sainai)",0.000,0.001,0.000,0.000,0.001,0.000,0.000,0.000,0.000,0.000,0.000,0.000,0.000,0.000,0.000,0.000,0.000,0.000,0.000,0.000,0.000,0.000,0.000,0.000,0.000,0.000,0.000,0.000,0.000,0.000,0.001,0.000,0.000
"Egypt, Arab Rep.","Africa","EGY","Subnat","EGYr110","Gharbia",0.002,0.003,0.003,0.002,0.003,0.001,0.002,0.002,0.002,0.001,0.002,0.001,0.002,0.001,0.001,0.001,0.002,0.001,0.002,0.001,0.001,0.003,0.002,0.001,0.001,0.003,0.001,0.001,0.002,0.003,0.003,0.002,0.002
"Egypt, Arab Rep.","Africa","EGY","Subnat","EGYr114","Giza",0.000,0.001,0.000,0.000,0.001,0.000,0.000,0.000,0.000,0.000,0.000,0.000,0.000,0.000,0.000,0.001,0.000,0.000,0.000,0.000,0.000,0.001,0.000,0.000,0.000,0.000,0.000,0.000,0.000,0.001,0.002,0.000,0.000
"Egypt, Arab Rep.","Africa","EGY","Subnat","EGYr113","Ismailia",0.002,0.002,0.002,0.002,0.002,0.001,0.001,0.002,0.001,0.000,0.002,0.001,0.001,0.001,0.001,0.001,0.001,0.001,0.001,0.001,0.001,0.001,0.001,0.001,0.001,0.002,0.001,0.001,0.002,0.002,0.003,0.001,0.001
"Egypt, Arab Rep.","Africa","EGY","Subnat","EGYr109","Kafr El-Sheikh",0.003,0.007,0.006,0.003,0.006,0.003,0.004,0.004,0.004,0.001,0.005,0.003,0.005,0.004,0.004,0.003,0.003,0.003,0.003,0.003,0.002,0.005,0.004,0.004,0.002,0.006,0.003,0.002,0.004,0.005,0.006,0.004,0.004
"Egypt, Arab Rep.","Africa","EGY","Subnat","EGYr108","Kalyubia",0.001,0.002,0.001,0.001,0.001,0.001,0.001,0.001,0.001,0.000,0.001,0.000,0.001,0.000,0.001,0.001,0.001,0.001,0.001,0.000,0.001,0.002,0.001,0.001,0.001,0.001,0.001,0.001,0.001,0.002,0.002,0.001,0.001
"Egypt, Arab Rep.","Africa","EGY","Subnat","EGYr111","Menoufia",0.001,0.002,0.002,0.001,0.002,0.001,0.001,0.001,0.001,0.000,0.001,0.000,0.001,0.001,0.001,0.001,0.001,0.001,0.001,0.001,0.001,0.002,0.001,0.001,0.001,0.002,0.001,0.001,0.001,0.002,0.002,0.001,0.001
"Egypt, Arab Rep.","Africa","EGY","Subnat","EGYr117","Menya",0.000,0.000,0.000,0.000,0.001,0.000,0.000,0.000,0.000,0.000,0.000,0.000,0.000,0.000,0.000,0.000,0.000,0.000,0.000,0.000,0.000,0.000,0.000,0.000,0.000,0.000,0.000,0.000,0.000,0.000,0.001,0.000,0.000
"Egypt, Arab Rep.","Africa","EGY","Subnat","EGYr103","Port Said",0.003,0.005,0.005,0.003,0.004,0.002,0.003,0.004,0.003,0.001,0.004,0.002,0.003,0.002,0.002,0.002,0.002,0.002,0.002,0.002,0.001,0.003,0.003,0.002,0.002,0.004,0.002,0.001,0.003,0.004,0.004,0.002,0.003
"Egypt, Arab Rep.","Africa","EGY","Subnat","EGYr120","Qena",0.000,0.000,0.000,0.000,0.001,0.000,0.000,0.000,0.000,0.000,0.000,0.000,0.000,0.000,0.000,0.000,0.000,0.000,0.000,0.000,0.001,0.000,0.000,0.000,0.000,0.000,0.000,0.000,0.000,0.000,0.000,0.000,0.000
"Egypt, Arab Rep.","Africa","EGY","Subnat","EGYr107","Sharkia",0.002,0.002,0.002,0.002,0.002,0.001,0.001,0.002,0.002,0.001,0.001,0.001,0.002,0.001,0.001,0.001,0.001,0.001,0.001,0.001,0.001,0.002,0.001,0.001,0.001,0.002,0.001,0.001,0.001,0.003,0.003,0.001,0.001
"Egypt, Arab Rep.","Africa","EGY","Subnat","EGYr119","Souhag",0.000,0.000,0.000,0.000,0.001,0.000,0.000,0.000,0.000,0.000,0.000,0.000,0.000,0.000,0.000,0.000,0.000,0.000,0.000,0.000,0.001,0.000,0.000,0.000,0.001,0.000,0.000,0.000,0.000,0.000,0.000,0.000,0.000
"Egypt, Arab Rep.","Africa","EGY","Subnat","EGYr104","Suez",0.001,0.002,0.001,0.001,0.001,0.001,0.001,0.001,0.001,0.000,0.001,0.001,0.001,0.001,0.001,0.001,0.001,0.001,0.001,0.000,0.001,0.001,0.001,0.001,0.001,0.001,0.001,0.001,0.001,0.002,0.002,0.001,0.001
"El Salvador","America","SLV","National","SLVt","Total",0.044,0.040,0.046,0.055,0.037,0.070,0.060,0.044,0.062,0.063,0.044,0.037,0.043,0.047,0.047,0.067,0.051,0.054,0.067,0.042,0.075,0.061,0.041,0.046,0.045,0.043,0.041,0.054,0.047,0.047,0.064,0.049,0.064
"El Salvador","America","SLV","Subnat","SLVr102","Central I",0.040,0.037,0.039,0.048,0.033,0.059,0.051,0.041,0.052,0.054,0.039,0.032,0.039,0.040,0.041,0.058,0.044,0.046,0.058,0.039,0.062,0.054,0.033,0.043,0.041,0.040,0.034,0.047,0.043,0.042,0.058,0.042,0.059
"El Salvador","America","SLV","Subnat","SLVr103","Central II",0.046,0.042,0.049,0.060,0.038,0.072,0.064,0.048,0.065,0.063,0.045,0.038,0.048,0.049,0.051,0.070,0.051,0.057,0.070,0.045,0.079,0.061,0.042,0.048,0.046,0.044,0.046,0.057,0.048,0.051,0.067,0.053,0.068
"El Salvador","America","SLV","Subnat","SLVr101","Occidental",0.044,0.041,0.044,0.052,0.037,0.068,0.056,0.044,0.057,0.060,0.043,0.037,0.041,0.045,0.044,0.063,0.050,0.052,0.064,0.042,0.070,0.062,0.040,0.046,0.045,0.044,0.036,0.050,0.051,0.048,0.061,0.045,0.062
"El Salvador","America","SLV","Subnat","SLVr104","Oriental",0.046,0.038,0.051,0.062,0.039,0.080,0.069,0.042,0.073,0.074,0.047,0.042,0.046,0.055,0.051,0.075,0.056,0.062,0.077,0.044,0.088,0.066,0.047,0.046,0.047,0.044,0.049,0.062,0.047,0.047,0.071,0.057,0.068
"Equatorial Guinea","Africa","GNQ","National","GNQt","Total",0.098,0.092,0.085,0.099,0.102,0.094,0.095,0.095,0.098,0.116,0.105,0.090,0.099,0.104,0.102,0.083,0.096,0.103,0.100,0.104,0.088,0.096,0.097,0.089,0.103,0.090,0.102,0.105,0.099,0.113,0.098,0.102,0.090
"Equatorial Guinea","Africa","GNQ","Subnat","GNQr101","Annobon, Bioko",0.123,0.117,0.120,0.117,0.128,0.111,0.111,0.122,0.109,0.143,0.146,0.123,0.132,0.117,0.141,0.120,0.135,0.146,0.141,0.168,0.122,0.143,0.124,0.122,0.148,0.132,0.138,0.164,0.122,0.165,0.121,0.147,0.125
"Equatorial Guinea","Africa","GNQ","Subnat","GNQr102","Centro Sur",0.110,0.100,0.089,0.113,0.111,0.106,0.106,0.107,0.114,0.126,0.112,0.100,0.107,0.119,0.110,0.085,0.106,0.106,0.106,0.105,0.095,0.099,0.105,0.095,0.104,0.092,0.107,0.105,0.106,0.114,0.105,0.100,0.093
"Equatorial Guinea","Africa","GNQ","Subnat","GNQr103","Kie Ntem",0.071,0.066,0.060,0.076,0.072,0.070,0.068,0.066,0.070,0.086,0.069,0.063,0.067,0.076,0.070,0.059,0.064,0.071,0.071,0.067,0.063,0.067,0.068,0.063,0.073,0.061,0.074,0.071,0.073,0.077,0.072,0.069,0.060
"Equatorial Guinea","Africa","GNQ","Subnat","GNQr104","Litoral",0.103,0.102,0.091,0.105,0.115,0.104,0.113,0.106,0.119,0.130,0.121,0.097,0.112,0.125,0.110,0.085,0.103,0.114,0.104,0.104,0.091,0.094,0.114,0.096,0.112,0.091,0.110,0.108,0.111,0.119,0.112,0.114,0.104
"Equatorial Guinea","Africa","GNQ","Subnat","GNQr105","Wele Nzas",0.083,0.075,0.065,0.087,0.083,0.081,0.076,0.076,0.077,0.093,0.077,0.069,0.075,0.084,0.077,0.065,0.072,0.080,0.078,0.076,0.070,0.075,0.076,0.071,0.079,0.073,0.082,0.078,0.083,0.087,0.081,0.077,0.068
"Eritrea","Africa","ERI","National","ERIt","Total",0.010,0.013,0.017,0.015,0.018,0.018,0.018,0.019,0.016,0.014,0.013,0.016,0.013,0.016,0.014,0.016,0.018,0.015,0.012,0.012,0.015,0.013,0.013,0.013,0.016,0.011,0.017,0.014,0.017,0.019,0.013,0.011,0.012
"Eritrea","Africa","ERI","Subnat","ERIr104","Anseba",0.003,0.006,0.008,0.008,0.011,0.012,0.010,0.010,0.009,0.008,0.005,0.006,0.006,0.008,0.006,0.008,0.008,0.009,0.006,0.005,0.007,0.005,0.004,0.007,0.008,0.005,0.008,0.006,0.009,0.010,0.006,0.005,0.006
"Eritrea","Africa","ERI","Subnat","ERIr106","Debub (Southern)",0.016,0.020,0.024,0.024,0.026,0.026,0.028,0.025,0.027,0.022,0.020,0.027,0.018,0.024,0.022,0.026,0.029,0.024,0.020,0.020,0.026,0.021,0.023,0.021,0.025,0.017,0.028,0.024,0.026,0.029,0.020,0.018,0.022
"Eritrea","Africa","ERI","Subnat","ERIr101","Debubawi Keyih Bahri (Southern Red Sea)",0.006,0.004,0.008,0.006,0.005,0.006,0.006,0.007,0.008,0.006,0.005,0.006,0.006,0.007,0.007,0.006,0.006,0.004,0.003,0.003,0.005,0.004,0.003,0.006,0.004,0.004,0.008,0.004,0.004,0.005,0.006,0.005,0.004
"Eritrea","Africa","ERI","Subnat","ERIr105","Gash Barka",0.006,0.009,0.014,0.012,0.017,0.017,0.018,0.016,0.014,0.015,0.010,0.012,0.010,0.016,0.011,0.013,0.015,0.016,0.010,0.009,0.014,0.009,0.010,0.011,0.015,0.008,0.013,0.011,0.014,0.017,0.011,0.007,0.009
"Eritrea","Africa","ERI","Subnat","ERIr102","Maekel (Central including Asmara)",0.019,0.028,0.034,0.032,0.039,0.033,0.033,0.039,0.028,0.028,0.028,0.033,0.026,0.032,0.028,0.032,0.037,0.031,0.025,0.028,0.032,0.029,0.032,0.026,0.034,0.025,0.032,0.029,0.035,0.041,0.027,0.024,0.026
"Eritrea","Africa","ERI","Subnat","ERIr103","Semenawi Keyih Bahri (Northern Red Sea)",0.009,0.012,0.014,0.011,0.010,0.013,0.013,0.015,0.010,0.007,0.010,0.010,0.012,0.010,0.010,0.010,0.014,0.009,0.008,0.008,0.008,0.009,0.008,0.009,0.009,0.008,0.012,0.008,0.012,0.011,0.008,0.006,0.007
"Estonia","Europe","EST","National","ESTt","Total",0.028,0.025,0.021,0.024,0.024,0.025,0.020,0.023,0.027,0.022,0.025,0.026,0.020,0.023,0.026,0.021,0.019,0.025,0.030,0.026,0.027,0.024,0.031,0.021,0.023,0.023,0.027,0.028,0.019,0.026,0.026,0.025,0.023
"Estonia","Europe","EST","Subnat","ESTr103","Kesk-Eesti",0.028,0.025,0.021,0.024,0.023,0.026,0.020,0.022,0.027,0.022,0.025,0.026,0.020,0.023,0.026,0.021,0.018,0.026,0.031,0.026,0.026,0.024,0.032,0.021,0.023,0.023,0.027,0.028,0.019,0.026,0.027,0.025,0.023
"Estonia","Europe","EST","Subnat","ESTr104","Kirde-Eesti",0.028,0.026,0.022,0.023,0.022,0.025,0.020,0.025,0.028,0.021,0.027,0.027,0.019,0.027,0.027,0.023,0.019,0.023,0.031,0.027,0.027,0.024,0.031,0.024,0.024,0.022,0.030,0.028,0.020,0.026,0.025,0.027,0.023
"Estonia","Europe","EST","Subnat","ESTr102","Laane-Eesti",0.028,0.024,0.021,0.025,0.024,0.024,0.020,0.021,0.026,0.023,0.023,0.027,0.021,0.019,0.025,0.021,0.020,0.027,0.028,0.025,0.027,0.025,0.030,0.020,0.022,0.022,0.023,0.027,0.020,0.027,0.027,0.024,0.022
"Estonia","Europe","EST","Subnat","ESTr105","Louna-Eesti",0.030,0.025,0.021,0.025,0.024,0.024,0.021,0.025,0.027,0.022,0.025,0.027,0.020,0.025,0.026,0.021,0.020,0.024,0.031,0.028,0.028,0.022,0.030,0.021,0.024,0.023,0.028,0.027,0.019,0.024,0.025,0.025,0.022
"Estonia","Europe","EST","Subnat","ESTr101","Pohja-Eesti",0.027,0.025,0.022,0.024,0.024,0.025,0.020,0.020,0.027,0.023,0.024,0.025,0.020,0.022,0.026,0.020,0.018,0.026,0.030,0.025,0.025,0.025,0.032,0.020,0.023,0.023,0.026,0.028,0.019,0.027,0.028,0.025,0.022
"Eswatini","Africa","SWZ","National","SWZt","Total",0.032,0.030,0.019,0.024,0.022,0.031,0.032,0.039,0.033,0.032,0.049,0.036,0.022,0.022,0.034,0.027,0.035,0.023,0.026,0.030,0.035,0.028,0.031,0.031,0.029,0.020,0.023,0.031,0.026,0.026,0.030,0.035,0.034
"Eswatini","Africa","SWZ","Subnat","SWZr101","Hhohho",0.036,0.034,0.021,0.027,0.025,0.033,0.036,0.041,0.040,0.034,0.056,0.041,0.024,0.022,0.039,0.032,0.041,0.028,0.030,0.033,0.039,0.030,0.032,0.033,0.033,0.022,0.025,0.035,0.028,0.031,0.036,0.039,0.036
"Eswatini","Africa","SWZ","Subnat","SWZr104","Lubombo",0.026,0.023,0.014,0.018,0.016,0.023,0.023,0.031,0.024,0.027,0.040,0.031,0.017,0.016,0.026,0.019,0.027,0.017,0.020,0.023,0.027,0.023,0.024,0.025,0.024,0.014,0.017,0.025,0.021,0.019,0.022,0.026,0.025
"Eswatini","Africa","SWZ","Subnat","SWZr102","Manzini",0.036,0.035,0.022,0.027,0.026,0.035,0.036,0.043,0.038,0.033,0.055,0.039,0.026,0.024,0.037,0.031,0.040,0.026,0.029,0.035,0.039,0.032,0.033,0.033,0.032,0.023,0.026,0.033,0.029,0.030,0.033,0.039,0.038
"Eswatini","Africa","SWZ","Subnat","SWZr103","Shiselweni",0.031,0.030,0.020,0.025,0.022,0.033,0.033,0.040,0.031,0.034,0.046,0.035,0.023,0.023,0.035,0.027,0.034,0.022,0.024,0.032,0.035,0.028,0.034,0.031,0.028,0.020,0.025,0.030,0.027,0.025,0.027,0.034,0.037
"Ethiopia","Africa","ETH","National","ETHt","Total",0.035,0.034,0.034,0.038,0.035,0.035,0.042,0.040,0.036,0.033,0.032,0.036,0.031,0.033,0.034,0.036,0.039,0.034,0.032,0.028,0.038,0.033,0.033,0.036,0.036,0.030,0.033,0.033,0.037,0.039,0.036,0.029,0.028
"Ethiopia","Africa","ETH","Subnat","ETHr110","Addis",0.068,0.049,0.054,0.072,0.055,0.057,0.069,0.052,0.064,0.054,0.059,0.060,0.059,0.058,0.065,0.070,0.060,0.057,0.055,0.049,0.070,0.059,0.054,0.065,0.059,0.051,0.057,0.054,0.074,0.057,0.064,0.059,0.052
"Ethiopia","Africa","ETH","Subnat","ETHr102","Affar",0.010,0.007,0.010,0.012,0.007,0.011,0.011,0.011,0.012,0.008,0.009,0.009,0.008,0.009,0.009,0.009,0.009,0.006,0.005,0.004,0.010,0.006,0.003,0.009,0.008,0.005,0.011,0.007,0.007,0.009,0.009,0.008,0.005
"Ethiopia","Africa","ETH","Subnat","ETHr103","Amhara",0.049,0.050,0.051,0.060,0.053,0.052,0.065,0.058,0.058,0.052,0.055,0.055,0.049,0.052,0.051,0.059,0.057,0.054,0.049,0.044,0.057,0.051,0.053,0.053,0.056,0.046,0.057,0.057,0.057,0.064,0.054,0.050,0.047
"Ethiopia","Africa","ETH","Subnat","ETHr106","Ben-Gumz",0.045,0.056,0.052,0.055,0.049,0.053,0.063,0.057,0.052,0.054,0.050,0.051,0.041,0.041,0.046,0.048,0.050,0.048,0.050,0.040,0.051,0.046,0.049,0.047,0.057,0.041,0.042,0.047,0.042,0.051,0.043,0.041,0.044
"Ethiopia","Africa","ETH","Subnat","ETHr111","Dire Dawa",0.023,0.021,0.022,0.027,0.018,0.020,0.028,0.027,0.025,0.021,0.017,0.023,0.017,0.017,0.024,0.020,0.027,0.018,0.017,0.014,0.028,0.014,0.012,0.023,0.022,0.011,0.023,0.016,0.023,0.027,0.022,0.018,0.011
"Ethiopia","Africa","ETH","Subnat","ETHr108","Gambela",0.034,0.046,0.040,0.033,0.046,0.038,0.047,0.045,0.035,0.035,0.030,0.039,0.030,0.035,0.030,0.033,0.039,0.039,0.039,0.030,0.036,0.038,0.042,0.036,0.034,0.032,0.027,0.032,0.030,0.043,0.034,0.026,0.030
"Ethiopia","Africa","ETH","Subnat","ETHr109","Harari",0.020,0.023,0.019,0.022,0.020,0.020,0.027,0.030,0.021,0.019,0.019,0.023,0.020,0.020,0.021,0.025,0.029,0.023,0.018,0.016,0.027,0.019,0.020,0.027,0.024,0.018,0.021,0.018,0.026,0.028,0.024,0.017,0.013
"Ethiopia","Africa","ETH","Subnat","ETHr104","Oromiya",0.044,0.040,0.042,0.043,0.042,0.042,0.047,0.048,0.044,0.039,0.039,0.042,0.039,0.039,0.042,0.044,0.048,0.041,0.040,0.036,0.047,0.040,0.040,0.046,0.045,0.040,0.041,0.041,0.045,0.046,0.044,0.036,0.035
"Ethiopia","Africa","ETH","Subnat","ETHr107","SNNP",0.050,0.048,0.046,0.043,0.048,0.046,0.055,0.058,0.047,0.040,0.039,0.049,0.046,0.046,0.046,0.044,0.057,0.048,0.044,0.041,0.052,0.048,0.047,0.050,0.048,0.046,0.042,0.045,0.051,0.054,0.057,0.036,0.038
"Ethiopia","Africa","ETH","Subnat","ETHr105","Somali",0.012,0.011,0.009,0.009,0.014,0.012,0.011,0.019,0.008,0.007,0.010,0.008,0.011,0.011,0.011,0.010,0.014,0.009,0.008,0.008,0.010,0.010,0.009,0.014,0.010,0.014,0.008,0.008,0.014,0.014,0.011,0.006,0.004
"Ethiopia","Africa","ETH","Subnat","ETHr101","Tigray",0.026,0.029,0.033,0.036,0.035,0.035,0.040,0.035,0.036,0.033,0.028,0.034,0.026,0.033,0.029,0.034,0.038,0.034,0.029,0.026,0.034,0.030,0.031,0.032,0.036,0.026,0.037,0.033,0.038,0.040,0.031,0.027,0.028
"Fiji","Asia/Pacific","FJI","National","FJIt","Total",0.076,0.068,0.063,0.059,0.059,0.058,0.072,0.084,0.047,0.095,0.085,0.067,0.077,0.065,0.068,0.072,0.066,0.089,0.082,0.084,0.075,0.087,0.105,0.077,0.064,0.061,0.083,0.080,0.086,0.094,0.093,0.094,0.096
"Fiji","Asia/Pacific","FJI","Subnat","FJIr108","Ba",0.064,0.056,0.050,0.052,0.052,0.045,0.067,0.074,0.034,0.087,0.080,0.058,0.063,0.048,0.053,0.057,0.049,0.078,0.078,0.085,0.056,0.081,0.112,0.067,0.048,0.049,0.072,0.065,0.073,0.077,0.075,0.089,0.101
"Fiji","Asia/Pacific","FJI","Subnat","FJIr106","Cakaudrove, Bua",0.071,0.077,0.067,0.055,0.061,0.056,0.071,0.078,0.048,0.097,0.092,0.071,0.074,0.067,0.071,0.083,0.072,0.099,0.081,0.082,0.077,0.082,0.102,0.088,0.068,0.062,0.079,0.086,0.089,0.100,0.087,0.095,0.090
"Fiji","Asia/Pacific","FJI","Subnat","FJIr105","Kadavu, Lau, Lomaiviti, Rotuma",0.061,0.049,0.051,0.045,0.040,0.048,0.057,0.067,0.036,0.077,0.075,0.058,0.058,0.057,0.060,0.061,0.054,0.075,0.074,0.066,0.064,0.075,0.079,0.071,0.051,0.047,0.067,0.068,0.080,0.079,0.082,0.081,0.087
"Fiji","Asia/Pacific","FJI","Subnat","FJIr107","Macuata",0.067,0.069,0.060,0.050,0.058,0.051,0.069,0.077,0.046,0.088,0.087,0.066,0.069,0.061,0.067,0.073,0.071,0.098,0.077,0.079,0.070,0.078,0.098,0.087,0.065,0.058,0.078,0.086,0.087,0.100,0.081,0.097,0.090
"Fiji","Asia/Pacific","FJI","Subnat","FJIr109","Nadroga or Navosa",0.066,0.059,0.047,0.056,0.047,0.045,0.066,0.068,0.036,0.090,0.084,0.062,0.071,0.049,0.056,0.060,0.052,0.081,0.081,0.081,0.061,0.084,0.104,0.066,0.050,0.053,0.071,0.067,0.075,0.076,0.082,0.088,0.095
"Fiji","Asia/Pacific","FJI","Subnat","FJIr101","Naitasiri",0.097,0.085,0.079,0.074,0.076,0.075,0.086,0.102,0.062,0.116,0.094,0.079,0.096,0.082,0.083,0.086,0.082,0.103,0.095,0.100,0.095,0.104,0.122,0.087,0.078,0.078,0.100,0.097,0.099,0.113,0.114,0.104,0.106
"Fiji","Asia/Pacific","FJI","Subnat","FJIr110","Ra",0.078,0.069,0.064,0.057,0.061,0.056,0.070,0.095,0.044,0.098,0.084,0.064,0.069,0.064,0.066,0.069,0.062,0.084,0.081,0.088,0.069,0.087,0.111,0.074,0.065,0.059,0.088,0.074,0.083,0.096,0.091,0.093,0.107
"Fiji","Asia/Pacific","FJI","Subnat","FJIr102","Rewa",0.091,0.072,0.074,0.066,0.067,0.072,0.079,0.095,0.057,0.099,0.083,0.071,0.089,0.079,0.078,0.078,0.072,0.091,0.085,0.086,0.089,0.092,0.108,0.078,0.072,0.068,0.090,0.088,0.090,0.100,0.110,0.097,0.095
"Fiji","Asia/Pacific","FJI","Subnat","FJIr103","Serua, Namosi",0.078,0.073,0.060,0.065,0.059,0.060,0.076,0.079,0.048,0.098,0.085,0.067,0.085,0.063,0.067,0.072,0.065,0.088,0.084,0.085,0.076,0.091,0.106,0.073,0.062,0.064,0.085,0.080,0.084,0.092,0.101,0.093,0.091
"Fiji","Asia/Pacific","FJI","Subnat","FJIr104","Tailevu",0.094,0.073,0.080,0.067,0.071,0.074,0.080,0.103,0.059,0.105,0.087,0.074,0.091,0.082,0.084,0.081,0.078,0.095,0.089,0.091,0.093,0.094,0.113,0.083,0.078,0.072,0.095,0.089,0.095,0.108,0.111,0.100,0.102
"Finland","Europe","FIN","National","FINt","Total",0.024,0.023,0.024,0.021,0.021,0.022,0.021,0.020,0.026,0.022,0.024,0.023,0.018,0.020,0.023,0.022,0.020,0.024,0.027,0.020,0.021,0.024,0.029,0.022,0.022,0.024,0.023,0.025,0.019,0.025,0.025,0.024,0.022
"FInland","Europe","ALA","Subnat","FINr105","Aland",0.024,0.020,0.020,0.019,0.020,0.019,0.018,0.019,0.022,0.020,0.023,0.022,0.017,0.017,0.017,0.018,0.018,0.021,0.024,0.019,0.021,0.020,0.028,0.019,0.019,0.019,0.018,0.019,0.015,0.025,0.019,0.019,0.019
"Finland","Europe","FIN","Subnat","FINr103","Etela-Suomi",0.025,0.024,0.023,0.021,0.023,0.023,0.022,0.021,0.026,0.022,0.025,0.023,0.018,0.021,0.025,0.023,0.020,0.025,0.029,0.021,0.021,0.025,0.029,0.022,0.022,0.024,0.024,0.026,0.019,0.026,0.026,0.024,0.023
"Finland","Europe","FIN","Subnat","FINr102","Helsinki-Uusimaa",0.026,0.023,0.023,0.021,0.023,0.023,0.022,0.020,0.027,0.022,0.024,0.024,0.018,0.020,0.027,0.023,0.020,0.025,0.029,0.021,0.022,0.025,0.031,0.021,0.023,0.023,0.024,0.028,0.020,0.026,0.027,0.024,0.023
"Finland","Europe","FIN","Subnat","FINr101","Lansi-Suomi",0.023,0.024,0.026,0.022,0.021,0.021,0.021,0.021,0.026,0.022,0.024,0.023,0.019,0.020,0.023,0.022,0.020,0.024,0.028,0.019,0.022,0.025,0.029,0.022,0.021,0.026,0.023,0.025,0.019,0.025,0.026,0.025,0.024
"Finland","Europe","FIN","Subnat","FINr104","Pohjois-ja Ita-Suomi",0.020,0.024,0.026,0.021,0.020,0.022,0.021,0.020,0.026,0.022,0.025,0.021,0.019,0.020,0.024,0.024,0.020,0.025,0.025,0.020,0.021,0.025,0.027,0.023,0.023,0.028,0.026,0.025,0.021,0.025,0.028,0.026,0.024
"France","Europe","FRA","National","FRAt","Total",0.031,0.028,0.031,0.034,0.037,0.034,0.032,0.030,0.031,0.037,0.036,0.035,0.036,0.029,0.031,0.028,0.034,0.033,0.036,0.031,0.034,0.028,0.034,0.036,0.036,0.030,0.034,0.031,0.036,0.033,0.033,0.036,0.032
"France","Europe","FRA","Subnat","FRAr110","Alsace",0.033,0.027,0.032,0.034,0.038,0.040,0.032,0.032,0.034,0.044,0.037,0.041,0.041,0.026,0.032,0.030,0.037,0.037,0.034,0.033,0.040,0.029,0.036,0.039,0.034,0.027,0.036,0.033,0.028,0.032,0.030,0.038,0.032
"France","Europe","FRA","Subnat","FRAr115","Aquitaine",0.030,0.027,0.035,0.033,0.035,0.029,0.033,0.033,0.028,0.035,0.036,0.029,0.032,0.032,0.028,0.025,0.031,0.030,0.035,0.032,0.031,0.024,0.030,0.038,0.034,0.027,0.032,0.031,0.037,0.035,0.035,0.033,0.027
"France","Europe","FRA","Subnat","FRAr119","Auvergne",0.033,0.027,0.035,0.035,0.041,0.034,0.036,0.028,0.033,0.038,0.035,0.036,0.033,0.029,0.033,0.030,0.033,0.034,0.040,0.030,0.036,0.027,0.032,0.036,0.034,0.026,0.036,0.031,0.033,0.032,0.029,0.036,0.028
"France","Europe","FRA","Subnat","FRAr106","Basse-Normandie",0.024,0.022,0.025,0.028,0.034,0.029,0.022,0.026,0.029,0.034,0.035,0.033,0.031,0.023,0.025,0.024,0.028,0.029,0.029,0.026,0.025,0.023,0.030,0.029,0.034,0.025,0.026,0.027,0.027,0.032,0.030,0.030,0.028
"France","Europe","FRA","Subnat","FRAr107","Bourgogne",0.031,0.025,0.031,0.031,0.036,0.035,0.030,0.027,0.030,0.039,0.034,0.037,0.032,0.026,0.029,0.027,0.032,0.032,0.034,0.029,0.034,0.026,0.034,0.037,0.032,0.027,0.036,0.030,0.031,0.029,0.028,0.035,0.029
"France","Europe","FRA","Subnat","FRAr113","Bretagne",0.024,0.024,0.024,0.028,0.032,0.029,0.022,0.025,0.029,0.033,0.034,0.032,0.032,0.025,0.025,0.022,0.028,0.028,0.030,0.029,0.026,0.022,0.031,0.029,0.034,0.023,0.025,0.025,0.027,0.031,0.032,0.027,0.027
"France","Europe","FRA","Subnat","FRAr105","Centre",0.020,0.020,0.023,0.025,0.031,0.027,0.023,0.024,0.024,0.032,0.029,0.030,0.028,0.023,0.023,0.020,0.025,0.026,0.026,0.024,0.024,0.021,0.027,0.029,0.028,0.022,0.027,0.023,0.026,0.026,0.024,0.028,0.023
"France","Europe","FRA","Subnat","FRAr102","Champagne-Ardenne",0.029,0.024,0.029,0.030,0.033,0.034,0.026,0.029,0.030,0.036,0.035,0.037,0.033,0.024,0.027,0.024,0.031,0.032,0.032,0.028,0.031,0.025,0.032,0.033,0.031,0.025,0.033,0.029,0.029,0.029,0.030,0.035,0.028
"France","Europe","FRA","Subnat","FRAr122","Corse",0.022,0.025,0.028,0.024,0.022,0.024,0.038,0.023,0.023,0.026,0.028,0.021,0.028,0.022,0.029,0.025,0.020,0.023,0.035,0.029,0.038,0.025,0.027,0.034,0.030,0.025,0.030,0.021,0.039,0.029,0.028,0.028,0.024
"France","Europe","FRA","Subnat","FRAr111","Franche-Comte",0.045,0.037,0.048,0.044,0.050,0.051,0.040,0.040,0.043,0.058,0.046,0.052,0.049,0.034,0.042,0.038,0.048,0.049,0.046,0.041,0.046,0.035,0.049,0.049,0.045,0.037,0.049,0.042,0.043,0.044,0.040,0.049,0.040
"France","Europe","GUF","Subnat","FRAr127","French Guyana",0.066,0.048,0.049,0.061,0.057,0.048,0.065,0.057,0.048,0.062,0.071,0.055,0.061,0.050,0.055,0.062,0.072,0.068,0.064,0.049,0.071,0.066,0.065,0.072,0.058,0.063,0.062,0.077,0.082,0.055,0.082,0.099,0.102
"France","Europe","FRA","Subnat","FRAr104","Haute-Normandie",0.023,0.022,0.025,0.029,0.031,0.026,0.022,0.024,0.028,0.032,0.034,0.033,0.030,0.022,0.026,0.024,0.027,0.030,0.027,0.025,0.025,0.023,0.029,0.027,0.031,0.024,0.026,0.027,0.027,0.030,0.027,0.032,0.027
"France","Europe","FRA","Subnat","FRAr101","Ile de France",0.020,0.019,0.022,0.026,0.028,0.026,0.020,0.024,0.024,0.029,0.030,0.031,0.028,0.019,0.022,0.020,0.024,0.025,0.024,0.023,0.024,0.021,0.025,0.025,0.028,0.020,0.026,0.024,0.026,0.028,0.025,0.028,0.022
"France","Europe","FRA","Subnat","FRAr120","Languedoc-Roussillon",0.027,0.028,0.034,0.035,0.036,0.031,0.047,0.031,0.025,0.033,0.031,0.030,0.036,0.034,0.029,0.030,0.029,0.026,0.037,0.026,0.033,0.031,0.026,0.036,0.037,0.026,0.031,0.025,0.045,0.031,0.031,0.028,0.028
"France","Europe","FRA","Subnat","FRAr117","Limousin",0.035,0.030,0.036,0.038,0.043,0.036,0.037,0.034,0.034,0.041,0.040,0.039,0.035,0.033,0.034,0.029,0.037,0.037,0.041,0.035,0.038,0.028,0.035,0.039,0.036,0.029,0.037,0.035,0.036,0.036,0.034,0.039,0.031
"France","Europe","FRA","Subnat","FRAr109","Lorraine",0.033,0.025,0.031,0.032,0.037,0.038,0.028,0.031,0.033,0.040,0.036,0.038,0.037,0.025,0.029,0.028,0.035,0.036,0.034,0.030,0.036,0.027,0.035,0.036,0.033,0.026,0.035,0.032,0.029,0.031,0.031,0.038,0.031
"France","Europe","MYT","Subnat","FRAr129","Mayotte",0.033,0.048,0.027,0.033,0.041,0.029,0.034,0.026,0.031,0.027,0.025,0.031,0.037,0.037,0.040,0.029,0.037,0.027,0.042,0.027,0.026,0.033,0.036,0.030,0.044,0.035,0.037,0.036,0.033,0.034,0.026,0.023,0.030
"France","Europe","FRA","Subnat","FRAr116","Midi-Pyrenees",0.033,0.031,0.039,0.034,0.039,0.034,0.041,0.032,0.030,0.039,0.036,0.033,0.037,0.033,0.033,0.031,0.031,0.033,0.038,0.032,0.034,0.028,0.031,0.040,0.037,0.030,0.033,0.033,0.041,0.037,0.034,0.035,0.030
"France","Europe","FRA","Subnat","FRAr108","Nord",0.023,0.023,0.028,0.029,0.028,0.025,0.022,0.025,0.030,0.029,0.032,0.034,0.031,0.021,0.024,0.024,0.028,0.028,0.028,0.026,0.026,0.022,0.031,0.026,0.028,0.024,0.027,0.024,0.024,0.027,0.027,0.032,0.026
"France","Europe","FRA","Subnat","FRAr112","Pays de la Loire",0.020,0.021,0.021,0.024,0.033,0.026,0.021,0.023,0.026,0.032,0.030,0.030,0.029,0.024,0.021,0.019,0.027,0.025,0.026,0.025,0.022,0.019,0.028,0.027,0.030,0.021,0.023,0.021,0.028,0.027,0.028,0.026,0.022
"France","Europe","FRA","Subnat","FRAr103","Picardie",0.023,0.021,0.027,0.029,0.027,0.027,0.022,0.025,0.027,0.029,0.032,0.034,0.030,0.020,0.023,0.022,0.027,0.027,0.028,0.025,0.025,0.022,0.027,0.026,0.028,0.022,0.027,0.024,0.025,0.028,0.026,0.031,0.026
"France","Europe","FRA","Subnat","FRAr114","Poitou-Charentes",0.022,0.022,0.027,0.027,0.033,0.027,0.024,0.026,0.026,0.034,0.031,0.028,0.028,0.025,0.023,0.018,0.030,0.027,0.029,0.027,0.025,0.021,0.029,0.031,0.029,0.023,0.027,0.022,0.031,0.030,0.029,0.027,0.023
"France","Europe","FRA","Subnat","FRAr121","Provence-Alpes-Cote dAzur",0.026,0.024,0.031,0.033,0.033,0.031,0.041,0.025,0.024,0.031,0.035,0.026,0.035,0.026,0.024,0.021,0.024,0.021,0.035,0.030,0.035,0.028,0.028,0.036,0.037,0.025,0.030,0.020,0.042,0.034,0.025,0.028,0.025
"France","Europe","REU","Subnat","FRAr128","Reunion",0.047,0.044,0.037,0.066,0.046,0.070,0.043,0.044,0.046,0.038,0.047,0.046,0.063,0.052,0.052,0.051,0.064,0.058,0.057,0.058,0.049,0.046,0.047,0.057,0.054,0.069,0.050,0.047,0.077,0.041,0.051,0.049,0.062
"France","Europe","FRA","Subnat","FRAr118","Rhone-Alpes",0.041,0.035,0.045,0.046,0.046,0.045,0.046,0.036,0.038,0.049,0.044,0.044,0.045,0.034,0.037,0.033,0.038,0.041,0.046,0.036,0.041,0.035,0.043,0.046,0.045,0.036,0.043,0.034,0.044,0.043,0.037,0.046,0.035
"French Polynesia","Asia/Pacific","PYF","National","PYFt","Total",0.043,0.040,0.048,0.043,0.045,0.047,0.042,0.044,0.068,0.039,0.046,0.055,0.040,0.044,0.051,0.047,0.051,0.057,0.038,0.046,0.054,0.032,0.051,0.051,0.054,0.041,0.061,0.055,0.051,0.053,0.045,0.038,0.048
"Gabon","Africa","GAB","National","GABt","Total",0.071,0.067,0.063,0.070,0.074,0.074,0.073,0.071,0.071,0.079,0.070,0.064,0.070,0.071,0.067,0.059,0.067,0.071,0.070,0.068,0.061,0.065,0.070,0.063,0.066,0.062,0.068,0.072,0.072,0.078,0.075,0.072,0.068
"Gabon","Africa","GAB","Subnat","GABr101","Estuaire",0.087,0.082,0.078,0.084,0.092,0.087,0.091,0.090,0.091,0.100,0.092,0.083,0.091,0.097,0.088,0.072,0.087,0.093,0.089,0.086,0.076,0.082,0.093,0.083,0.086,0.078,0.084,0.090,0.092,0.098,0.095,0.092,0.084
"Gabon","Africa","GAB","Subnat","GABr102","Haut Ogooue",0.059,0.056,0.055,0.056,0.062,0.064,0.063,0.060,0.054,0.062,0.054,0.046,0.055,0.052,0.051,0.047,0.051,0.051,0.051,0.053,0.049,0.052,0.051,0.045,0.049,0.049,0.050,0.052,0.049,0.057,0.058,0.054,0.056
"Gabon","Africa","GAB","Subnat","GABr103","Moyen Ogooue",0.077,0.072,0.070,0.078,0.082,0.081,0.078,0.079,0.078,0.085,0.075,0.073,0.077,0.081,0.077,0.064,0.076,0.077,0.079,0.074,0.066,0.073,0.079,0.071,0.073,0.071,0.075,0.082,0.080,0.086,0.082,0.080,0.076
"Gabon","Africa","GAB","Subnat","GABr104","Ngounie",0.089,0.079,0.079,0.087,0.091,0.091,0.091,0.086,0.090,0.099,0.093,0.084,0.089,0.089,0.084,0.077,0.085,0.090,0.092,0.088,0.077,0.085,0.092,0.082,0.083,0.077,0.084,0.091,0.091,0.093,0.089,0.089,0.083
"Gabon","Africa","GAB","Subnat","GABr105","Nyanga",0.065,0.065,0.059,0.062,0.068,0.068,0.063,0.064,0.071,0.078,0.072,0.062,0.069,0.068,0.059,0.056,0.063,0.075,0.067,0.068,0.058,0.061,0.066,0.064,0.063,0.059,0.062,0.067,0.072,0.073,0.072,0.068,0.062
"Gabon","Africa","GAB","Subnat","GABr106","Ogooue Ivindo",0.059,0.053,0.048,0.057,0.061,0.061,0.058,0.056,0.053,0.064,0.051,0.047,0.051,0.054,0.052,0.047,0.051,0.052,0.053,0.053,0.050,0.051,0.052,0.047,0.056,0.047,0.053,0.056,0.054,0.065,0.060,0.059,0.053
"Gabon","Africa","GAB","Subnat","GABr107","Ogooue Lolo",0.065,0.058,0.055,0.065,0.067,0.067,0.065,0.066,0.059,0.066,0.059,0.054,0.060,0.058,0.057,0.052,0.055,0.055,0.058,0.056,0.053,0.057,0.058,0.050,0.056,0.053,0.058,0.061,0.060,0.070,0.069,0.065,0.060
"Gabon","Africa","GAB","Subnat","GABr108","Ogooue Maritime",0.078,0.079,0.072,0.076,0.080,0.085,0.084,0.081,0.083,0.088,0.082,0.076,0.086,0.084,0.075,0.065,0.082,0.091,0.083,0.082,0.066,0.075,0.086,0.077,0.074,0.073,0.080,0.085,0.088,0.086,0.082,0.081,0.079
"Gabon","Africa","GAB","Subnat","GABr109","Woleu Ntem",0.062,0.056,0.052,0.064,0.065,0.066,0.061,0.060,0.056,0.070,0.056,0.051,0.053,0.059,0.057,0.049,0.054,0.059,0.058,0.055,0.054,0.054,0.055,0.052,0.059,0.052,0.064,0.060,0.061,0.070,0.063,0.063,0.055
"Gambia, The","Africa","GMB","National","GMBt","Total",0.023,0.022,0.022,0.024,0.028,0.028,0.026,0.022,0.018,0.026,0.024,0.022,0.015,0.023,0.017,0.020,0.019,0.017,0.027,0.025,0.027,0.019,0.027,0.027,0.018,0.023,0.022,0.020,0.023,0.021,0.030,0.024,0.030
"Gambia, The","Africa","GMB","Subnat","GMBr101","Banjul",0.022,0.019,0.020,0.021,0.025,0.031,0.021,0.021,0.017,0.023,0.025,0.023,0.015,0.022,0.016,0.020,0.019,0.017,0.028,0.026,0.027,0.019,0.028,0.028,0.017,0.024,0.023,0.020,0.020,0.019,0.031,0.024,0.034
"Gambia, The","Africa","GMB","Subnat","GMBr108","Basse",0.022,0.021,0.030,0.022,0.031,0.023,0.030,0.021,0.017,0.028,0.022,0.019,0.014,0.023,0.017,0.019,0.016,0.015,0.024,0.021,0.025,0.016,0.023,0.020,0.016,0.020,0.019,0.019,0.022,0.023,0.028,0.018,0.021
"Gambia, The","Africa","GMB","Subnat","GMBr103","Brikama",0.026,0.026,0.022,0.028,0.028,0.032,0.026,0.024,0.022,0.029,0.029,0.027,0.016,0.026,0.020,0.024,0.023,0.019,0.031,0.028,0.032,0.022,0.033,0.034,0.021,0.028,0.026,0.025,0.026,0.023,0.037,0.030,0.039
"Gambia, The","Africa","GMB","Subnat","GMBr107","Janjabureh",0.023,0.021,0.024,0.022,0.030,0.024,0.029,0.022,0.018,0.027,0.021,0.020,0.016,0.022,0.017,0.019,0.017,0.017,0.025,0.022,0.026,0.017,0.024,0.022,0.016,0.020,0.020,0.018,0.021,0.022,0.026,0.021,0.024
"Gambia, The","Africa","GMB","Subnat","GMBr102","Kanifing",0.020,0.019,0.019,0.020,0.023,0.027,0.020,0.019,0.018,0.021,0.024,0.022,0.015,0.020,0.015,0.019,0.018,0.016,0.028,0.023,0.025,0.017,0.026,0.029,0.015,0.023,0.021,0.019,0.018,0.021,0.030,0.024,0.032
"Gambia, The","Africa","GMB","Subnat","GMBr105","Kerewan",0.024,0.022,0.020,0.025,0.027,0.031,0.025,0.022,0.018,0.026,0.025,0.023,0.015,0.025,0.017,0.021,0.020,0.017,0.028,0.027,0.029,0.021,0.030,0.029,0.019,0.025,0.024,0.022,0.024,0.020,0.032,0.025,0.033
"Gambia, The","Africa","GMB","Subnat","GMBr106","Kuntaur",0.022,0.020,0.021,0.022,0.028,0.023,0.026,0.021,0.017,0.026,0.021,0.020,0.015,0.022,0.016,0.019,0.017,0.015,0.024,0.023,0.026,0.016,0.024,0.021,0.016,0.020,0.019,0.018,0.021,0.020,0.026,0.021,0.024
"Gambia, The","Africa","GMB","Subnat","GMBr104","Mansakonko",0.025,0.025,0.021,0.028,0.028,0.031,0.028,0.023,0.020,0.029,0.026,0.024,0.016,0.027,0.019,0.022,0.021,0.018,0.028,0.027,0.030,0.022,0.031,0.031,0.021,0.026,0.025,0.024,0.028,0.021,0.034,0.026,0.033
"Georgia","Europe","GEO","National","GEOt","Total",0.042,0.041,0.045,0.041,0.041,0.044,0.042,0.045,0.038,0.045,0.035,0.042,0.046,0.041,0.043,0.050,0.046,0.046,0.040,0.044,0.044,0.045,0.041,0.043,0.044,0.041,0.050,0.042,0.043,0.035,0.037,0.044,0.040
"Georgia","Europe","GEO","Subnat","GEOr101","Abkhazia",0.054,0.055,0.063,0.052,0.060,0.068,0.055,0.061,0.052,0.057,0.045,0.065,0.052,0.054,0.063,0.065,0.067,0.058,0.055,0.062,0.059,0.055,0.051,0.060,0.052,0.049,0.062,0.060,0.055,0.046,0.046,0.062,0.058
"Georgia","Europe","GEO","Subnat","GEOr102","Ajaria",0.054,0.058,0.066,0.061,0.057,0.065,0.057,0.061,0.058,0.071,0.057,0.066,0.074,0.061,0.065,0.073,0.067,0.074,0.056,0.070,0.064,0.071,0.065,0.067,0.071,0.063,0.081,0.061,0.067,0.055,0.059,0.069,0.064
"Georgia","Europe","GEO","Subnat","GEOr103","Guria",0.050,0.054,0.059,0.055,0.051,0.062,0.053,0.060,0.051,0.069,0.049,0.060,0.067,0.057,0.061,0.069,0.063,0.066,0.053,0.058,0.056,0.065,0.059,0.062,0.066,0.056,0.075,0.057,0.063,0.048,0.054,0.060,0.058
"Georgia","Europe","GEO","Subnat","GEOr104","Imereti Racha-Lochkhumi Kvemo Svaneti",0.050,0.050,0.059,0.051,0.045,0.053,0.046,0.053,0.045,0.054,0.040,0.051,0.053,0.048,0.053,0.057,0.056,0.055,0.050,0.050,0.048,0.055,0.046,0.055,0.049,0.045,0.059,0.053,0.047,0.042,0.042,0.052,0.050
"Georgia","Europe","GEO","Subnat","GEOr105","Kakheti",0.033,0.026,0.029,0.025,0.032,0.023,0.026,0.031,0.021,0.023,0.022,0.022,0.029,0.028,0.024,0.029,0.028,0.027,0.024,0.027,0.028,0.028,0.026,0.024,0.024,0.027,0.029,0.021,0.027,0.019,0.021,0.023,0.020
"Georgia","Europe","GEO","Subnat","GEOr106","Kvemo Kartli",0.029,0.026,0.027,0.030,0.029,0.023,0.030,0.027,0.024,0.029,0.022,0.023,0.032,0.027,0.025,0.031,0.026,0.029,0.025,0.026,0.031,0.029,0.027,0.025,0.030,0.030,0.032,0.025,0.029,0.022,0.024,0.025,0.024
"Georgia","Europe","GEO","Subnat","GEOr107","Mtskheta-Mtianeti",0.035,0.029,0.032,0.029,0.031,0.033,0.037,0.035,0.028,0.029,0.027,0.028,0.036,0.031,0.028,0.041,0.033,0.032,0.030,0.035,0.032,0.031,0.030,0.030,0.031,0.033,0.035,0.030,0.032,0.025,0.027,0.032,0.027
"Georgia","Europe","GEO","Subnat","GEOr108","Samegrelo-Zemo Svateni",0.056,0.056,0.063,0.053,0.054,0.062,0.054,0.061,0.051,0.058,0.046,0.061,0.058,0.054,0.061,0.066,0.064,0.060,0.057,0.057,0.059,0.056,0.053,0.063,0.055,0.049,0.064,0.062,0.055,0.047,0.046,0.061,0.058
"Georgia","Europe","GEO","Subnat","GEOr109","Samtskhe-Javakheti",0.038,0.038,0.041,0.037,0.036,0.037,0.039,0.038,0.035,0.043,0.031,0.036,0.043,0.038,0.038,0.045,0.040,0.042,0.033,0.040,0.041,0.041,0.037,0.036,0.041,0.042,0.046,0.037,0.042,0.035,0.036,0.038,0.035
"Georgia","Europe","GEO","Subnat","GEOr110","Shida Kartli",0.035,0.033,0.036,0.034,0.031,0.034,0.038,0.036,0.030,0.036,0.027,0.030,0.038,0.032,0.031,0.041,0.037,0.035,0.032,0.034,0.035,0.035,0.032,0.032,0.034,0.034,0.038,0.034,0.033,0.027,0.028,0.035,0.030
"Georgia","Europe","GEO","Subnat","GEOr111","Tbilisi",0.025,0.023,0.024,0.025,0.026,0.022,0.028,0.027,0.020,0.025,0.020,0.021,0.030,0.025,0.021,0.031,0.025,0.027,0.025,0.026,0.030,0.025,0.027,0.022,0.027,0.027,0.028,0.022,0.025,0.017,0.019,0.023,0.022
"Germany","Europe","DEU","National","DEUt","Total",0.027,0.022,0.026,0.030,0.030,0.029,0.023,0.025,0.032,0.028,0.028,0.032,0.034,0.020,0.027,0.026,0.025,0.033,0.027,0.028,0.031,0.025,0.028,0.028,0.027,0.026,0.026,0.030,0.020,0.027,0.026,0.031,0.026
"Germany","Europe","DEU","Subnat","DEUr101","Baden-Wurttemberg",0.034,0.028,0.035,0.036,0.038,0.042,0.031,0.032,0.037,0.043,0.038,0.042,0.044,0.024,0.032,0.033,0.034,0.040,0.035,0.035,0.038,0.030,0.035,0.038,0.034,0.029,0.036,0.036,0.029,0.035,0.032,0.040,0.033
"Germany","Europe","DEU","Subnat","DEUr102","Bayern",0.032,0.029,0.032,0.035,0.034,0.039,0.031,0.031,0.036,0.038,0.037,0.040,0.041,0.024,0.032,0.035,0.032,0.038,0.033,0.035,0.037,0.030,0.033,0.036,0.031,0.028,0.033,0.035,0.029,0.033,0.033,0.038,0.034
"Germany","Europe","DEU","Subnat","DEUr103","Berlin",0.024,0.017,0.019,0.026,0.026,0.023,0.018,0.020,0.023,0.020,0.021,0.025,0.028,0.015,0.021,0.022,0.019,0.027,0.021,0.024,0.028,0.023,0.024,0.024,0.022,0.021,0.019,0.027,0.015,0.019,0.019,0.025,0.019
"Germany","Europe","DEU","Subnat","DEUr104","Brandenburg",0.023,0.018,0.020,0.026,0.026,0.024,0.019,0.021,0.024,0.021,0.022,0.025,0.029,0.015,0.022,0.022,0.019,0.028,0.022,0.023,0.029,0.023,0.024,0.024,0.023,0.021,0.020,0.027,0.015,0.020,0.020,0.025,0.020
"Germany","Europe","DEU","Subnat","DEUr105","Bremen",0.028,0.023,0.026,0.033,0.030,0.026,0.019,0.023,0.034,0.026,0.028,0.034,0.032,0.020,0.030,0.026,0.025,0.034,0.029,0.027,0.027,0.026,0.029,0.026,0.026,0.030,0.026,0.030,0.018,0.028,0.027,0.031,0.026
"Germany","Europe","DEU","Subnat","DEUr106","Hamburg",0.029,0.025,0.024,0.031,0.028,0.024,0.020,0.024,0.032,0.025,0.026,0.032,0.034,0.019,0.028,0.024,0.025,0.034,0.027,0.026,0.028,0.027,0.026,0.025,0.024,0.028,0.025,0.031,0.018,0.026,0.025,0.028,0.024
"Germany","Europe","DEU","Subnat","DEUr107","Hessen",0.026,0.021,0.027,0.030,0.030,0.029,0.023,0.025,0.033,0.028,0.029,0.031,0.034,0.019,0.027,0.025,0.026,0.035,0.026,0.029,0.029,0.022,0.028,0.029,0.027,0.024,0.026,0.029,0.021,0.026,0.025,0.031,0.028
"Germany","Europe","DEU","Subnat","DEUr108","Mecklenburg-Vorpommern",0.024,0.021,0.021,0.026,0.026,0.022,0.019,0.022,0.028,0.023,0.023,0.027,0.028,0.018,0.024,0.022,0.022,0.029,0.023,0.023,0.028,0.027,0.023,0.023,0.025,0.024,0.020,0.030,0.016,0.024,0.021,0.025,0.021
"Germany","Europe","DEU","Subnat","DEUr109","Niedersachsen",0.027,0.023,0.027,0.032,0.030,0.026,0.021,0.024,0.033,0.026,0.027,0.032,0.032,0.020,0.029,0.025,0.025,0.035,0.028,0.027,0.028,0.025,0.028,0.026,0.027,0.029,0.025,0.032,0.018,0.027,0.026,0.030,0.025
"Germany","Europe","DEU","Subnat","DEUr110","Nordrhein-Westfalen",0.030,0.026,0.031,0.037,0.034,0.030,0.025,0.028,0.039,0.033,0.034,0.035,0.036,0.025,0.032,0.030,0.029,0.037,0.031,0.032,0.032,0.027,0.032,0.029,0.031,0.030,0.029,0.034,0.023,0.030,0.029,0.036,0.030
"Germany","Europe","DEU","Subnat","DEUr111","Rheinland-Pfalz",0.027,0.021,0.027,0.029,0.029,0.031,0.023,0.026,0.031,0.030,0.032,0.032,0.032,0.021,0.025,0.025,0.027,0.031,0.028,0.029,0.030,0.022,0.029,0.030,0.029,0.024,0.029,0.028,0.022,0.028,0.026,0.032,0.029
"Germany","Europe","DEU","Subnat","DEUr112","Saarland",0.033,0.024,0.029,0.032,0.035,0.037,0.025,0.031,0.034,0.036,0.037,0.036,0.037,0.024,0.028,0.027,0.032,0.034,0.032,0.030,0.034,0.025,0.033,0.034,0.033,0.025,0.032,0.031,0.026,0.031,0.031,0.036,0.032
"Germany","Europe","DEU","Subnat","DEUr113","Sachsen",0.024,0.022,0.026,0.029,0.028,0.033,0.026,0.026,0.031,0.025,0.027,0.031,0.034,0.019,0.028,0.028,0.025,0.031,0.028,0.031,0.035,0.025,0.029,0.031,0.026,0.024,0.027,0.029,0.018,0.024,0.025,0.031,0.025
"Germany","Europe","DEU","Subnat","DEUr114","Sachsen-Anhalt",0.021,0.018,0.023,0.025,0.025,0.022,0.020,0.021,0.025,0.021,0.022,0.027,0.028,0.016,0.022,0.020,0.019,0.030,0.022,0.024,0.028,0.020,0.023,0.026,0.023,0.022,0.020,0.025,0.015,0.021,0.021,0.026,0.020
"Germany","Europe","DEU","Subnat","DEUr115","Schleswig-Holstein",0.030,0.024,0.023,0.029,0.029,0.024,0.020,0.024,0.034,0.027,0.025,0.031,0.035,0.020,0.029,0.024,0.026,0.032,0.028,0.026,0.028,0.028,0.029,0.026,0.027,0.029,0.026,0.032,0.019,0.028,0.026,0.030,0.026
"Germany","Europe","DEU","Subnat","DEUr116","Thuringen",0.023,0.019,0.026,0.027,0.028,0.028,0.022,0.025,0.031,0.027,0.026,0.029,0.033,0.019,0.027,0.025,0.024,0.033,0.025,0.029,0.031,0.022,0.026,0.029,0.026,0.022,0.025,0.027,0.018,0.024,0.024,0.031,0.024
"Ghana","Africa","GHA","National","GHAt","Total",0.036,0.042,0.036,0.040,0.040,0.041,0.037,0.037,0.033,0.043,0.033,0.031,0.037,0.037,0.032,0.034,0.033,0.037,0.036,0.036,0.038,0.035,0.038,0.032,0.041,0.033,0.040,0.038,0.043,0.044,0.033,0.036,0.036
"Ghana","Africa","GHA","Subnat","GHAr106","Ashanti",0.038,0.042,0.034,0.045,0.039,0.043,0.037,0.036,0.035,0.044,0.031,0.026,0.040,0.034,0.032,0.034,0.031,0.037,0.038,0.039,0.039,0.036,0.039,0.034,0.043,0.031,0.039,0.038,0.046,0.047,0.032,0.035,0.037
"Ghana","Africa","GHA","Subnat","GHAr107","Brong Ahafo",0.035,0.042,0.031,0.041,0.036,0.042,0.036,0.034,0.034,0.042,0.030,0.024,0.035,0.034,0.031,0.032,0.029,0.033,0.035,0.034,0.037,0.035,0.035,0.033,0.036,0.030,0.036,0.032,0.043,0.043,0.030,0.033,0.032
"Ghana","Africa","GHA","Subnat","GHAr102","Central",0.047,0.051,0.046,0.053,0.051,0.051,0.049,0.046,0.037,0.048,0.045,0.044,0.047,0.045,0.042,0.043,0.043,0.051,0.045,0.046,0.047,0.044,0.050,0.041,0.057,0.040,0.054,0.051,0.054,0.055,0.040,0.048,0.044
"Ghana","Africa","GHA","Subnat","GHAr105","Eastern",0.040,0.046,0.038,0.048,0.049,0.046,0.042,0.042,0.036,0.046,0.036,0.035,0.042,0.038,0.036,0.039,0.036,0.041,0.042,0.042,0.042,0.039,0.044,0.038,0.047,0.035,0.048,0.045,0.049,0.051,0.034,0.039,0.038
"Ghana","Africa","GHA","Subnat","GHAr103","Greater Accra",0.024,0.030,0.024,0.027,0.035,0.028,0.028,0.030,0.019,0.032,0.023,0.028,0.027,0.028,0.023,0.029,0.025,0.029,0.028,0.028,0.030,0.026,0.029,0.023,0.035,0.028,0.034,0.035,0.033,0.035,0.022,0.031,0.028
"Ghana","Africa","GHA","Subnat","GHAr108","Northern",0.031,0.039,0.033,0.035,0.034,0.038,0.033,0.032,0.034,0.042,0.029,0.024,0.031,0.036,0.025,0.029,0.028,0.031,0.032,0.029,0.033,0.028,0.031,0.027,0.031,0.028,0.035,0.030,0.040,0.036,0.031,0.027,0.034
"Ghana","Africa","GHA","Subnat","GHAr110","Upper East",0.023,0.026,0.029,0.024,0.027,0.027,0.025,0.025,0.026,0.034,0.024,0.024,0.025,0.025,0.017,0.022,0.023,0.024,0.022,0.023,0.026,0.020,0.028,0.020,0.023,0.026,0.024,0.024,0.028,0.025,0.030,0.023,0.027
"Ghana","Africa","GHA","Subnat","GHAr109","Upper West",0.026,0.032,0.031,0.028,0.029,0.031,0.028,0.031,0.030,0.035,0.027,0.025,0.026,0.036,0.021,0.028,0.024,0.024,0.026,0.026,0.031,0.026,0.028,0.024,0.025,0.026,0.028,0.026,0.031,0.029,0.033,0.024,0.027
"Ghana","Africa","GHA","Subnat","GHAr104","Volta",0.045,0.052,0.042,0.048,0.047,0.051,0.045,0.045,0.040,0.055,0.040,0.034,0.043,0.044,0.042,0.040,0.040,0.046,0.041,0.041,0.046,0.043,0.046,0.039,0.048,0.038,0.052,0.046,0.051,0.057,0.036,0.041,0.044
"Ghana","Africa","GHA","Subnat","GHAr101","Western",0.052,0.057,0.050,0.056,0.051,0.053,0.053,0.047,0.043,0.055,0.046,0.046,0.053,0.049,0.046,0.045,0.048,0.056,0.050,0.048,0.051,0.050,0.051,0.046,0.062,0.045,0.052,0.056,0.057,0.059,0.044,0.055,0.047
"Gibraltar","Europe","GIB","National","GIBt","Total",0.026,0.024,0.018,0.025,0.014,0.019,0.044,0.030,0.016,0.018,0.024,0.021,0.021,0.028,0.020,0.016,0.023,0.019,0.030,0.023,0.047,0.024,0.019,0.018,0.017,0.017,0.023,0.016,0.028,0.011,0.019,0.019,0.020
"Greece","Europe","GRC","National","GRCt","Total",0.019,0.024,0.018,0.020,0.024,0.024,0.028,0.023,0.025,0.026,0.017,0.023,0.028,0.029,0.024,0.027,0.024,0.022,0.019,0.031,0.029,0.023,0.028,0.026,0.029,0.028,0.025,0.025,0.029,0.029,0.023,0.029,0.024
"Greece","Europe","GRC","Subnat","GRCr105","Anatoliki Makedonia, Thraki",0.022,0.024,0.020,0.020,0.022,0.027,0.029,0.027,0.030,0.027,0.017,0.022,0.031,0.026,0.026,0.032,0.027,0.028,0.017,0.033,0.033,0.021,0.028,0.028,0.036,0.032,0.022,0.028,0.027,0.028,0.026,0.036,0.020
"Greece","Europe","GRC","Subnat","GRCr101","Attiki",0.007,0.015,0.009,0.010,0.016,0.012,0.014,0.014,0.017,0.013,0.008,0.015,0.019,0.021,0.012,0.016,0.014,0.009,0.012,0.014,0.013,0.017,0.014,0.013,0.016,0.015,0.010,0.013,0.018,0.019,0.015,0.012,0.013
"Greece","Europe","GRC","Subnat","GRCr111","Dytiki Ellada",0.028,0.030,0.023,0.028,0.029,0.034,0.038,0.030,0.030,0.039,0.024,0.032,0.035,0.038,0.031,0.040,0.031,0.031,0.024,0.045,0.042,0.027,0.038,0.042,0.037,0.035,0.042,0.031,0.041,0.036,0.027,0.045,0.030
"Greece","Europe","GRC","Subnat","GRCr107","Dytiki Makedonia",0.018,0.024,0.020,0.020,0.021,0.025,0.027,0.020,0.024,0.024,0.016,0.019,0.027,0.025,0.025,0.026,0.024,0.022,0.018,0.030,0.030,0.021,0.027,0.022,0.026,0.028,0.027,0.025,0.031,0.025,0.021,0.029,0.028
"Greece","Europe","GRC","Subnat","GRCr110","Ionia Nisia",0.028,0.030,0.023,0.025,0.031,0.033,0.038,0.030,0.029,0.039,0.027,0.028,0.041,0.040,0.036,0.037,0.028,0.030,0.029,0.047,0.039,0.030,0.040,0.046,0.042,0.035,0.041,0.034,0.036,0.044,0.029,0.046,0.027
"Greece","Europe","GRC","Subnat","GRCr108","Ipeiros",0.031,0.039,0.030,0.034,0.034,0.042,0.050,0.033,0.036,0.044,0.029,0.033,0.041,0.043,0.045,0.049,0.038,0.037,0.033,0.052,0.065,0.029,0.049,0.049,0.047,0.046,0.052,0.038,0.050,0.042,0.033,0.056,0.040
"Greece","Europe","GRC","Subnat","GRCr106","Kentriki Makedonia",0.019,0.022,0.017,0.017,0.024,0.025,0.026,0.019,0.024,0.024,0.015,0.019,0.032,0.025,0.024,0.024,0.026,0.023,0.018,0.030,0.028,0.020,0.023,0.022,0.034,0.028,0.021,0.025,0.026,0.028,0.023,0.027,0.027
"Greece","Europe","GRC","Subnat","GRCr104","Kriti",0.009,0.018,0.013,0.014,0.019,0.012,0.021,0.018,0.017,0.011,0.014,0.017,0.017,0.022,0.015,0.014,0.016,0.016,0.014,0.018,0.014,0.019,0.020,0.014,0.017,0.019,0.011,0.016,0.015,0.023,0.019,0.012,0.018
"Greece","Europe","GRC","Subnat","GRCr103","Notio Aigaio",0.014,0.017,0.012,0.016,0.025,0.021,0.022,0.020,0.025,0.020,0.014,0.022,0.025,0.023,0.018,0.023,0.018,0.019,0.014,0.028,0.026,0.019,0.024,0.024,0.027,0.025,0.015,0.022,0.021,0.030,0.017,0.023,0.016
"Greece","Europe","GRC","Subnat","GRCr113","Peloponnisos",0.017,0.022,0.016,0.018,0.022,0.021,0.024,0.021,0.022,0.024,0.018,0.022,0.024,0.031,0.018,0.027,0.021,0.017,0.016,0.027,0.022,0.023,0.021,0.024,0.024,0.023,0.020,0.020,0.027,0.027,0.019,0.023,0.018
"Greece","Europe","GRC","Subnat","GRCr112","Sterea Ellada",0.017,0.027,0.017,0.021,0.027,0.023,0.025,0.023,0.026,0.025,0.015,0.026,0.028,0.030,0.022,0.027,0.026,0.019,0.019,0.029,0.027,0.026,0.027,0.021,0.025,0.028,0.023,0.025,0.033,0.027,0.026,0.026,0.024
"Greece","Europe","GRC","Subnat","GRCr109","Thessalia",0.022,0.029,0.020,0.025,0.031,0.028,0.028,0.026,0.027,0.028,0.017,0.023,0.030,0.031,0.025,0.026,0.030,0.023,0.021,0.031,0.030,0.027,0.031,0.023,0.029,0.030,0.027,0.031,0.037,0.029,0.027,0.030,0.031
"Greece","Europe","GRC","Subnat","GRCr102","Voreio Aigaio",0.009,0.017,0.010,0.013,0.018,0.013,0.017,0.014,0.018,0.013,0.012,0.018,0.016,0.023,0.016,0.014,0.013,0.012,0.013,0.019,0.015,0.019,0.019,0.016,0.015,0.017,0.011,0.014,0.015,0.024,0.014,0.012,0.015
"Greenland","America","GRL","National","GRLt","Total",0.014,0.015,0.014,0.014,0.013,0.013,0.017,0.016,0.013,0.015,0.015,0.015,0.015,0.016,0.015,0.016,0.013,0.014,0.016,0.012,0.014,0.013,0.015,0.015,0.016,0.014,0.015,0.016,0.015,0.013,0.015,0.016,0.017
"Grenada","America","GRD","National","GRDt","Total",0.036,0.038,0.035,0.036,0.031,0.039,0.042,0.034,0.047,0.043,0.044,0.041,0.038,0.040,0.051,0.057,0.041,0.044,0.044,0.037,0.052,0.056,0.045,0.039,0.035,0.031,0.040,0.051,0.038,0.032,0.036,0.036,0.049
"Guatemala","America","GTM","National","GTMt","Total",0.061,0.053,0.060,0.062,0.048,0.075,0.066,0.063,0.071,0.068,0.058,0.054,0.053,0.057,0.055,0.070,0.068,0.061,0.068,0.052,0.075,0.069,0.056,0.067,0.063,0.057,0.054,0.064,0.055,0.053,0.074,0.055,0.070
"Guatemala","America","GTM","Subnat","GTMr105","Central",0.057,0.051,0.060,0.063,0.049,0.085,0.065,0.069,0.075,0.074,0.058,0.051,0.056,0.058,0.055,0.080,0.067,0.069,0.067,0.051,0.084,0.070,0.051,0.063,0.059,0.054,0.057,0.064,0.058,0.057,0.075,0.053,0.072
"Guatemala","America","GTM","Subnat","GTMr101","Metropolitan",0.039,0.031,0.038,0.043,0.031,0.057,0.045,0.045,0.054,0.047,0.039,0.032,0.031,0.036,0.034,0.051,0.048,0.041,0.049,0.036,0.057,0.048,0.035,0.042,0.040,0.036,0.031,0.043,0.036,0.037,0.053,0.035,0.049
"Guatemala","America","GTM","Subnat","GTMr102","North",0.081,0.067,0.073,0.076,0.058,0.081,0.084,0.074,0.083,0.082,0.071,0.068,0.068,0.070,0.069,0.078,0.086,0.071,0.083,0.065,0.085,0.084,0.072,0.085,0.082,0.077,0.069,0.080,0.064,0.062,0.094,0.066,0.085
"Guatemala","America","GTM","Subnat","GTMr107","North-Occidental",0.062,0.055,0.067,0.068,0.047,0.081,0.073,0.070,0.080,0.070,0.064,0.063,0.058,0.059,0.057,0.072,0.073,0.062,0.081,0.054,0.091,0.078,0.068,0.088,0.076,0.065,0.057,0.075,0.055,0.055,0.079,0.061,0.077
"Guatemala","America","GTM","Subnat","GTMr103","North-Oriental",0.075,0.065,0.069,0.069,0.055,0.068,0.073,0.067,0.076,0.072,0.069,0.065,0.061,0.063,0.067,0.073,0.078,0.062,0.074,0.060,0.072,0.073,0.065,0.075,0.073,0.069,0.062,0.074,0.062,0.056,0.078,0.059,0.076
"Guatemala","America","GTM","Subnat","GTMr108","Peten",0.052,0.042,0.049,0.050,0.037,0.052,0.050,0.048,0.050,0.053,0.044,0.045,0.041,0.043,0.043,0.047,0.056,0.045,0.052,0.037,0.051,0.052,0.046,0.058,0.050,0.043,0.045,0.050,0.040,0.036,0.055,0.041,0.050
"Guatemala","America","GTM","Subnat","GTMr106","South-Occidental",0.080,0.073,0.083,0.080,0.069,0.111,0.087,0.084,0.093,0.090,0.077,0.070,0.074,0.083,0.075,0.096,0.087,0.087,0.086,0.071,0.096,0.094,0.074,0.085,0.083,0.075,0.075,0.081,0.078,0.075,0.098,0.083,0.099
"Guatemala","America","GTM","Subnat","GTMr104","South-Oriental",0.042,0.037,0.043,0.046,0.036,0.064,0.050,0.047,0.057,0.056,0.043,0.036,0.038,0.041,0.039,0.061,0.052,0.049,0.055,0.039,0.062,0.057,0.038,0.044,0.042,0.040,0.035,0.047,0.046,0.043,0.057,0.039,0.056
"Guinea","Africa","GIN","National","GINt","Total",0.061,0.062,0.065,0.067,0.069,0.060,0.062,0.058,0.058,0.064,0.064,0.058,0.055,0.064,0.059,0.063,0.056,0.059,0.061,0.061,0.063,0.056,0.065,0.056,0.057,0.062,0.063,0.062,0.067,0.066,0.067,0.058,0.063
"Guinea","Africa","GIN","Subnat","GINr101","Boke",0.056,0.062,0.058,0.059,0.063,0.054,0.053,0.054,0.049,0.061,0.055,0.055,0.045,0.059,0.053,0.054,0.051,0.050,0.055,0.055,0.059,0.052,0.056,0.053,0.050,0.062,0.061,0.057,0.068,0.059,0.068,0.053,0.057
"Guinea","Africa","GIN","Subnat","GINr102","Conakry",0.075,0.084,0.100,0.087,0.101,0.075,0.078,0.072,0.090,0.092,0.089,0.081,0.083,0.096,0.076,0.100,0.075,0.099,0.086,0.080,0.087,0.078,0.098,0.076,0.080,0.088,0.103,0.094,0.104,0.103,0.111,0.080,0.097
"Guinea","Africa","GIN","Subnat","GINr103","Faranah",0.053,0.054,0.055,0.059,0.058,0.051,0.053,0.050,0.047,0.052,0.056,0.044,0.047,0.052,0.049,0.051,0.046,0.047,0.050,0.050,0.051,0.047,0.053,0.044,0.047,0.049,0.048,0.050,0.051,0.050,0.049,0.048,0.051
"Guinea","Africa","GIN","Subnat","GINr104","Kankan",0.050,0.050,0.049,0.054,0.054,0.050,0.050,0.045,0.043,0.050,0.051,0.042,0.045,0.046,0.044,0.046,0.042,0.042,0.047,0.047,0.048,0.043,0.045,0.043,0.043,0.045,0.044,0.047,0.046,0.046,0.047,0.041,0.047
"Guinea","Africa","GIN","Subnat","GINr105","Kindia",0.072,0.076,0.080,0.078,0.086,0.072,0.073,0.072,0.071,0.082,0.075,0.075,0.067,0.078,0.074,0.077,0.071,0.076,0.074,0.079,0.081,0.069,0.078,0.072,0.075,0.080,0.086,0.075,0.091,0.084,0.087,0.079,0.080
"Guinea","Africa","GIN","Subnat","GINr106","Labe",0.051,0.051,0.052,0.060,0.061,0.049,0.050,0.048,0.044,0.050,0.055,0.048,0.043,0.053,0.048,0.046,0.045,0.043,0.047,0.050,0.054,0.046,0.055,0.046,0.043,0.053,0.049,0.048,0.052,0.052,0.053,0.044,0.048
"Guinea","Africa","GIN","Subnat","GINr107","Mamou",0.062,0.063,0.065,0.068,0.069,0.058,0.067,0.058,0.056,0.063,0.063,0.060,0.054,0.062,0.059,0.061,0.058,0.055,0.059,0.062,0.063,0.057,0.066,0.061,0.056,0.064,0.058,0.059,0.061,0.066,0.068,0.060,0.063
"Guinea","Africa","GIN","Subnat","GINr108","N Zerekore",0.067,0.059,0.060,0.069,0.062,0.068,0.068,0.061,0.064,0.062,0.065,0.060,0.060,0.064,0.070,0.067,0.059,0.060,0.068,0.063,0.065,0.058,0.065,0.056,0.059,0.055,0.057,0.063,0.065,0.067,0.055,0.060,0.061
"Guinea-Bissau","Africa","GNB","National","GNBt","Total",0.043,0.046,0.042,0.044,0.046,0.045,0.043,0.042,0.039,0.050,0.046,0.047,0.033,0.049,0.039,0.040,0.036,0.037,0.048,0.043,0.048,0.038,0.050,0.047,0.037,0.055,0.052,0.042,0.055,0.042,0.062,0.044,0.053
"Guinea-Bissau","Africa","GNB","Subnat","GNBr106","Bafata",0.040,0.042,0.040,0.043,0.045,0.040,0.042,0.035,0.032,0.045,0.039,0.037,0.029,0.045,0.034,0.033,0.030,0.031,0.041,0.037,0.037,0.035,0.040,0.036,0.033,0.042,0.042,0.039,0.049,0.038,0.052,0.036,0.042
"Guinea-Bissau","Africa","GNB","Subnat","GNBr104","Biombo",0.042,0.044,0.039,0.039,0.041,0.044,0.043,0.040,0.040,0.051,0.047,0.051,0.032,0.048,0.037,0.038,0.035,0.036,0.046,0.046,0.049,0.035,0.052,0.050,0.032,0.058,0.054,0.040,0.056,0.039,0.066,0.046,0.058
"Guinea-Bissau","Africa","GNB","Subnat","GNBr109","Bissau",0.043,0.046,0.042,0.041,0.044,0.046,0.043,0.041,0.042,0.052,0.047,0.050,0.031,0.050,0.039,0.040,0.034,0.036,0.046,0.047,0.050,0.037,0.053,0.050,0.035,0.058,0.057,0.041,0.059,0.041,0.063,0.046,0.055
"Guinea-Bissau","Africa","GNB","Subnat","GNBr105","Bolama",0.044,0.048,0.043,0.040,0.047,0.045,0.044,0.049,0.045,0.047,0.054,0.056,0.041,0.053,0.041,0.049,0.040,0.044,0.055,0.045,0.058,0.039,0.058,0.057,0.041,0.062,0.058,0.046,0.052,0.044,0.079,0.047,0.062
"Guinea-Bissau","Africa","GNB","Subnat","GNBr108","Cacheu",0.038,0.041,0.036,0.039,0.038,0.043,0.037,0.037,0.033,0.045,0.044,0.044,0.028,0.043,0.033,0.033,0.034,0.033,0.047,0.042,0.047,0.033,0.047,0.044,0.032,0.049,0.046,0.037,0.051,0.036,0.059,0.041,0.055
"Guinea-Bissau","Africa","GNB","Subnat","GNBr107","Gabu",0.042,0.044,0.039,0.041,0.046,0.039,0.042,0.037,0.033,0.045,0.037,0.036,0.029,0.041,0.034,0.034,0.032,0.031,0.041,0.036,0.035,0.032,0.037,0.036,0.032,0.038,0.035,0.039,0.050,0.038,0.047,0.035,0.039
"Guinea-Bissau","Africa","GNB","Subnat","GNBr103","Oio",0.037,0.040,0.038,0.042,0.042,0.043,0.040,0.035,0.033,0.045,0.042,0.038,0.026,0.043,0.033,0.032,0.030,0.031,0.041,0.038,0.042,0.037,0.045,0.040,0.034,0.046,0.048,0.036,0.051,0.036,0.054,0.039,0.047
"Guinea-Bissau","Africa","GNB","Subnat","GNBr102","Quinara",0.046,0.049,0.050,0.050,0.050,0.049,0.046,0.045,0.045,0.056,0.050,0.052,0.036,0.055,0.044,0.045,0.039,0.040,0.052,0.047,0.052,0.043,0.057,0.053,0.041,0.068,0.063,0.047,0.060,0.048,0.066,0.050,0.056
"Guinea-Bissau","Africa","GNB","Subnat","GNBr101","Tombali",0.053,0.057,0.056,0.057,0.059,0.053,0.051,0.054,0.050,0.063,0.057,0.060,0.042,0.064,0.053,0.054,0.048,0.049,0.060,0.053,0.062,0.050,0.065,0.058,0.050,0.075,0.067,0.055,0.065,0.057,0.076,0.056,0.065
"Guyana","America","GUY","National","GUYt","Total",0.072,0.058,0.052,0.064,0.059,0.054,0.067,0.057,0.065,0.067,0.072,0.054,0.072,0.060,0.064,0.067,0.076,0.077,0.074,0.058,0.077,0.075,0.079,0.074,0.066,0.065,0.074,0.078,0.079,0.070,0.072,0.092,0.092
"Guyana","America","GUY","Subnat","GUYr101","Barima-Waini",0.067,0.057,0.053,0.059,0.053,0.047,0.061,0.059,0.061,0.060,0.065,0.050,0.068,0.053,0.058,0.061,0.064,0.067,0.070,0.054,0.063,0.066,0.070,0.067,0.062,0.060,0.058,0.069,0.064,0.055,0.056,0.082,0.085
"Guyana","America","GUY","Subnat","GUYr107","Cuyuni-Mazaruni",0.068,0.054,0.049,0.058,0.054,0.047,0.063,0.055,0.057,0.061,0.064,0.048,0.066,0.055,0.053,0.056,0.066,0.065,0.071,0.054,0.070,0.065,0.068,0.068,0.059,0.063,0.064,0.073,0.070,0.064,0.067,0.085,0.093
"Guyana","America","GUY","Subnat","GUYr104","Demerara-Mahaica",0.080,0.060,0.054,0.067,0.063,0.060,0.072,0.065,0.072,0.071,0.081,0.057,0.082,0.063,0.071,0.072,0.082,0.088,0.081,0.067,0.082,0.082,0.087,0.081,0.072,0.072,0.083,0.086,0.090,0.074,0.080,0.099,0.100
"Guyana","America","GUY","Subnat","GUYr106","East Berbice-Corentyne",0.069,0.058,0.046,0.066,0.062,0.059,0.068,0.049,0.061,0.078,0.078,0.056,0.069,0.065,0.068,0.074,0.080,0.080,0.078,0.058,0.088,0.084,0.083,0.078,0.065,0.062,0.079,0.083,0.083,0.077,0.074,0.100,0.092
"Guyana","America","GUY","Subnat","GUYr103","Essequibo Islands-West Demerara",0.080,0.062,0.060,0.070,0.064,0.059,0.074,0.067,0.071,0.070,0.079,0.058,0.080,0.063,0.069,0.071,0.083,0.084,0.080,0.067,0.078,0.084,0.086,0.078,0.073,0.074,0.082,0.086,0.086,0.073,0.078,0.095,0.100
"Guyana","America","GUY","Subnat","GUYr105","Mahaica-Berbice",0.079,0.061,0.053,0.066,0.062,0.061,0.071,0.062,0.073,0.072,0.080,0.058,0.086,0.063,0.071,0.074,0.084,0.088,0.081,0.065,0.084,0.082,0.087,0.084,0.073,0.074,0.085,0.086,0.093,0.076,0.084,0.103,0.097
"Guyana","America","GUY","Subnat","GUYr102","Pomeroon-Supenaam",0.083,0.067,0.064,0.074,0.068,0.060,0.078,0.071,0.079,0.075,0.081,0.063,0.083,0.068,0.074,0.078,0.088,0.085,0.083,0.070,0.078,0.085,0.086,0.082,0.076,0.072,0.075,0.087,0.081,0.075,0.075,0.099,0.103
"Guyana","America","GUY","Subnat","GUYr108","Potaro-Siparuni",0.059,0.047,0.045,0.054,0.048,0.046,0.060,0.046,0.053,0.056,0.056,0.047,0.056,0.053,0.053,0.056,0.065,0.066,0.060,0.046,0.073,0.061,0.067,0.064,0.057,0.058,0.066,0.065,0.073,0.064,0.066,0.081,0.082
"Guyana","America","GUY","Subnat","GUYr110","Upper Demerara-Berbice",0.069,0.054,0.051,0.063,0.055,0.049,0.063,0.051,0.059,0.064,0.067,0.052,0.067,0.054,0.060,0.062,0.072,0.072,0.071,0.055,0.074,0.070,0.078,0.073,0.064,0.066,0.076,0.072,0.079,0.071,0.076,0.090,0.088
"Guyana","America","GUY","Subnat","GUYr109","Upper Takutu-Upper Essequibo",0.061,0.055,0.047,0.062,0.059,0.058,0.059,0.044,0.060,0.067,0.066,0.051,0.062,0.064,0.062,0.067,0.073,0.071,0.067,0.046,0.081,0.073,0.074,0.069,0.059,0.049,0.069,0.075,0.073,0.071,0.065,0.085,0.082
"Haiti","America","HTI","National","HTIt","Total",0.033,0.023,0.029,0.033,0.028,0.029,0.034,0.022,0.033,0.033,0.023,0.027,0.025,0.030,0.027,0.039,0.029,0.038,0.034,0.027,0.041,0.035,0.036,0.027,0.024,0.021,0.037,0.038,0.025,0.029,0.027,0.026,0.025
"Haiti","America","HTI","Subnat","HTIr105","Artibonite",0.028,0.023,0.025,0.029,0.028,0.026,0.029,0.021,0.031,0.029,0.019,0.024,0.023,0.026,0.023,0.035,0.026,0.032,0.031,0.023,0.035,0.030,0.031,0.026,0.025,0.020,0.031,0.037,0.025,0.030,0.023,0.021,0.023
"Haiti","America","HTI","Subnat","HTIr106","Centre",0.026,0.020,0.029,0.030,0.023,0.022,0.027,0.019,0.030,0.030,0.019,0.022,0.020,0.024,0.020,0.031,0.024,0.031,0.025,0.022,0.032,0.028,0.029,0.023,0.018,0.016,0.030,0.034,0.018,0.024,0.020,0.019,0.018
"Haiti","America","HTI","Subnat","HTIr108","Grande-Anse, Nippes",0.038,0.023,0.029,0.038,0.031,0.032,0.037,0.025,0.034,0.035,0.026,0.031,0.031,0.036,0.030,0.045,0.030,0.043,0.040,0.029,0.050,0.043,0.040,0.032,0.029,0.024,0.047,0.041,0.028,0.033,0.033,0.034,0.032
"Haiti","America","HTI","Subnat","HTIr103","North",0.040,0.031,0.036,0.041,0.037,0.037,0.046,0.033,0.041,0.044,0.031,0.038,0.033,0.040,0.037,0.046,0.039,0.050,0.039,0.038,0.048,0.042,0.046,0.036,0.039,0.029,0.046,0.052,0.036,0.039,0.034,0.032,0.034
"Haiti","America","HTI","Subnat","HTIr104","North-East",0.027,0.019,0.026,0.032,0.024,0.026,0.032,0.020,0.027,0.031,0.022,0.026,0.021,0.028,0.027,0.035,0.027,0.036,0.027,0.028,0.037,0.029,0.036,0.021,0.023,0.019,0.034,0.039,0.020,0.026,0.021,0.019,0.021
"Haiti","America","HTI","Subnat","HTIr109","North-West",0.023,0.016,0.016,0.022,0.023,0.019,0.024,0.016,0.022,0.022,0.015,0.018,0.017,0.021,0.018,0.028,0.020,0.028,0.024,0.021,0.031,0.024,0.025,0.019,0.021,0.019,0.030,0.029,0.024,0.025,0.018,0.016,0.019
"Haiti","America","HTI","Subnat","HTIr107","South",0.035,0.020,0.024,0.035,0.028,0.027,0.033,0.019,0.028,0.028,0.021,0.024,0.029,0.028,0.026,0.044,0.025,0.038,0.033,0.022,0.046,0.039,0.037,0.025,0.020,0.017,0.040,0.035,0.023,0.024,0.029,0.027,0.025
"Haiti","America","HTI","Subnat","HTIr102","South-East",0.040,0.026,0.037,0.037,0.031,0.034,0.037,0.023,0.039,0.037,0.026,0.028,0.027,0.035,0.032,0.046,0.031,0.040,0.043,0.028,0.046,0.042,0.044,0.031,0.022,0.021,0.039,0.035,0.023,0.029,0.031,0.033,0.027
"Haiti","America","HTI","Subnat","HTIr101","West (incl Metropolitain area)",0.038,0.027,0.036,0.037,0.031,0.033,0.038,0.025,0.040,0.038,0.025,0.028,0.027,0.035,0.029,0.043,0.033,0.041,0.039,0.031,0.045,0.041,0.040,0.032,0.024,0.023,0.040,0.040,0.025,0.033,0.030,0.031,0.028
"Honduras","America","HND","National","HNDt","Total",0.059,0.047,0.048,0.061,0.042,0.065,0.065,0.051,0.067,0.068,0.051,0.051,0.049,0.058,0.051,0.069,0.060,0.058,0.068,0.050,0.069,0.064,0.052,0.057,0.057,0.051,0.054,0.066,0.052,0.046,0.069,0.049,0.063
"Honduras","America","HND","Subnat","HNDr101","Atlantida",0.089,0.061,0.059,0.074,0.048,0.074,0.101,0.062,0.083,0.090,0.066,0.078,0.066,0.091,0.073,0.090,0.080,0.078,0.093,0.067,0.083,0.074,0.064,0.079,0.080,0.064,0.074,0.080,0.067,0.049,0.085,0.063,0.071
"Honduras","America","HND","Subnat","HNDr106","Choluteca",0.046,0.041,0.044,0.072,0.041,0.083,0.069,0.046,0.083,0.082,0.053,0.046,0.049,0.061,0.045,0.071,0.061,0.069,0.070,0.048,0.094,0.083,0.053,0.052,0.053,0.047,0.056,0.070,0.051,0.048,0.073,0.055,0.078
"Honduras","America","HND","Subnat","HNDr102","Colon",0.067,0.041,0.038,0.054,0.035,0.052,0.061,0.046,0.065,0.061,0.046,0.058,0.050,0.058,0.049,0.074,0.056,0.063,0.065,0.047,0.068,0.060,0.051,0.060,0.051,0.051,0.058,0.070,0.056,0.039,0.063,0.043,0.052
"Honduras","America","HND","Subnat","HNDr103","Comayagua",0.054,0.046,0.046,0.055,0.041,0.066,0.060,0.052,0.063,0.066,0.049,0.049,0.045,0.055,0.051,0.064,0.059,0.049,0.064,0.047,0.060,0.057,0.049,0.051,0.057,0.049,0.049,0.063,0.047,0.045,0.065,0.046,0.062
"Honduras","America","HND","Subnat","HNDr104","Copan",0.070,0.066,0.069,0.071,0.059,0.076,0.074,0.066,0.076,0.078,0.075,0.066,0.061,0.069,0.068,0.075,0.076,0.064,0.082,0.062,0.073,0.075,0.066,0.075,0.074,0.067,0.066,0.077,0.063,0.061,0.084,0.065,0.078
"Honduras","America","HND","Subnat","HNDr105","Cortes",0.085,0.062,0.061,0.068,0.051,0.070,0.080,0.063,0.075,0.082,0.062,0.067,0.060,0.071,0.071,0.076,0.075,0.061,0.076,0.057,0.069,0.070,0.065,0.072,0.075,0.064,0.066,0.074,0.057,0.047,0.076,0.056,0.069
"Honduras","America","HND","Subnat","HNDr107","El Paraiso",0.037,0.032,0.029,0.050,0.028,0.048,0.044,0.037,0.051,0.047,0.029,0.028,0.038,0.035,0.031,0.049,0.038,0.047,0.046,0.035,0.055,0.046,0.039,0.038,0.039,0.040,0.041,0.055,0.042,0.034,0.055,0.031,0.052
"Honduras","America","HND","Subnat","HNDr108","Francisco Morazan",0.040,0.035,0.033,0.053,0.032,0.058,0.050,0.041,0.058,0.055,0.036,0.034,0.038,0.044,0.036,0.057,0.043,0.049,0.052,0.039,0.063,0.052,0.042,0.040,0.044,0.040,0.042,0.060,0.044,0.038,0.062,0.038,0.058
"Honduras","America","HND","Subnat","HNDr109","Gracias a Dios",0.078,0.061,0.051,0.069,0.048,0.057,0.066,0.056,0.069,0.061,0.054,0.061,0.059,0.060,0.061,0.073,0.063,0.067,0.068,0.060,0.062,0.066,0.058,0.069,0.064,0.062,0.066,0.073,0.064,0.053,0.070,0.058,0.068
"Honduras","America","HND","Subnat","HNDr110","Intibuca",0.050,0.044,0.047,0.055,0.041,0.071,0.061,0.049,0.064,0.069,0.049,0.045,0.041,0.050,0.045,0.065,0.056,0.053,0.069,0.047,0.068,0.061,0.049,0.049,0.054,0.049,0.045,0.062,0.046,0.049,0.064,0.048,0.059
"Honduras","America","HND","Subnat","HNDr111","Islas de la Bahia",0.061,0.037,0.035,0.047,0.027,0.042,0.057,0.035,0.063,0.060,0.041,0.050,0.038,0.062,0.044,0.070,0.054,0.061,0.059,0.044,0.056,0.055,0.044,0.057,0.050,0.042,0.050,0.058,0.049,0.029,0.063,0.038,0.048
"Honduras","America","HND","Subnat","HNDr112","La Paz",0.042,0.040,0.041,0.057,0.039,0.073,0.061,0.049,0.068,0.070,0.045,0.042,0.043,0.050,0.042,0.068,0.053,0.053,0.067,0.045,0.070,0.061,0.045,0.044,0.052,0.043,0.045,0.061,0.045,0.051,0.067,0.046,0.062
"Honduras","America","HND","Subnat","HNDr113","Lempira",0.050,0.045,0.048,0.054,0.042,0.066,0.060,0.048,0.059,0.065,0.051,0.043,0.044,0.049,0.046,0.064,0.057,0.051,0.068,0.046,0.066,0.063,0.047,0.051,0.053,0.046,0.044,0.063,0.045,0.047,0.067,0.049,0.059
"Honduras","America","HND","Subnat","HNDr114","Ocotepeque",0.060,0.053,0.061,0.062,0.054,0.075,0.066,0.060,0.069,0.070,0.062,0.050,0.052,0.058,0.058,0.072,0.069,0.057,0.072,0.058,0.067,0.071,0.058,0.064,0.062,0.059,0.053,0.067,0.059,0.060,0.074,0.059,0.072
"Honduras","America","HND","Subnat","HNDr115","Olancho",0.048,0.034,0.031,0.050,0.029,0.043,0.046,0.040,0.048,0.043,0.031,0.035,0.039,0.035,0.035,0.051,0.040,0.045,0.048,0.037,0.050,0.044,0.039,0.043,0.039,0.041,0.042,0.056,0.042,0.033,0.053,0.033,0.048
"Honduras","America","HND","Subnat","HNDr116","Santa Barbara",0.071,0.060,0.060,0.066,0.053,0.069,0.072,0.062,0.072,0.076,0.061,0.063,0.057,0.065,0.063,0.073,0.069,0.058,0.076,0.056,0.072,0.070,0.063,0.069,0.071,0.062,0.062,0.072,0.056,0.051,0.077,0.056,0.069
"Honduras","America","HND","Subnat","HNDr117","Valle",0.048,0.037,0.051,0.070,0.044,0.086,0.074,0.046,0.080,0.083,0.054,0.047,0.050,0.060,0.048,0.076,0.062,0.064,0.072,0.043,0.093,0.077,0.052,0.049,0.047,0.044,0.053,0.069,0.051,0.049,0.075,0.057,0.071
"Honduras","America","HND","Subnat","HNDr118","Yoro",0.069,0.051,0.053,0.063,0.042,0.066,0.075,0.055,0.068,0.070,0.053,0.057,0.054,0.064,0.057,0.072,0.066,0.059,0.070,0.055,0.066,0.058,0.055,0.060,0.062,0.053,0.056,0.067,0.053,0.042,0.069,0.049,0.059
"Hungary","Europe","HUN","National","HUNt","Total",0.018,0.022,0.019,0.019,0.019,0.025,0.026,0.020,0.026,0.030,0.017,0.024,0.022,0.016,0.025,0.027,0.021,0.022,0.021,0.023,0.034,0.015,0.019,0.026,0.029,0.020,0.026,0.023,0.023,0.024,0.024,0.020,0.020
"Hungary","Europe","HUN","Subnat","HUNr107","Del-Alfold",0.015,0.022,0.018,0.017,0.017,0.023,0.024,0.019,0.022,0.031,0.014,0.024,0.020,0.015,0.024,0.027,0.021,0.020,0.019,0.021,0.033,0.014,0.017,0.025,0.028,0.019,0.025,0.021,0.022,0.023,0.023,0.020,0.018
"Hungary","Europe","HUN","Subnat","HUNr104","Del-Dunantul",0.019,0.023,0.021,0.021,0.021,0.026,0.026,0.022,0.027,0.032,0.015,0.025,0.023,0.017,0.026,0.026,0.023,0.023,0.021,0.022,0.036,0.014,0.019,0.027,0.034,0.021,0.026,0.026,0.026,0.026,0.023,0.022,0.021
"Hungary","Europe","HUN","Subnat","HUNr106","Eszak-Alfold",0.016,0.023,0.018,0.018,0.018,0.025,0.026,0.020,0.028,0.030,0.018,0.027,0.022,0.017,0.024,0.028,0.022,0.021,0.021,0.022,0.035,0.016,0.019,0.025,0.025,0.019,0.026,0.024,0.022,0.022,0.025,0.021,0.019
"Hungary","Europe","HUN","Subnat","HUNr105","Eszak-Magyarorszag",0.019,0.023,0.018,0.017,0.019,0.024,0.027,0.020,0.027,0.029,0.019,0.026,0.022,0.017,0.025,0.027,0.020,0.022,0.021,0.023,0.037,0.017,0.020,0.026,0.025,0.020,0.027,0.025,0.022,0.024,0.026,0.021,0.019
"Hungary","Europe","HUN","Subnat","HUNr102","Kozep-Dunantul",0.018,0.021,0.020,0.019,0.020,0.026,0.027,0.020,0.026,0.029,0.018,0.022,0.023,0.015,0.024,0.027,0.021,0.022,0.020,0.024,0.034,0.015,0.018,0.025,0.032,0.021,0.026,0.023,0.025,0.025,0.023,0.020,0.020
"Hungary","Europe","HUN","Subnat","HUNr101","Kozep-Magyarorszag",0.017,0.021,0.018,0.017,0.017,0.023,0.025,0.017,0.026,0.030,0.017,0.024,0.022,0.015,0.023,0.026,0.018,0.020,0.021,0.021,0.035,0.014,0.017,0.025,0.028,0.020,0.026,0.022,0.022,0.023,0.023,0.018,0.018
"Hungary","Europe","HUN","Subnat","HUNr103","Nyugat-Dunantul",0.020,0.024,0.021,0.021,0.021,0.028,0.029,0.023,0.026,0.029,0.020,0.021,0.024,0.016,0.025,0.027,0.024,0.025,0.022,0.026,0.032,0.017,0.020,0.028,0.032,0.022,0.027,0.023,0.026,0.027,0.025,0.022,0.023
"Iceland","Europe","ISL","National","ISLt","Total",0.047,0.053,0.054,0.047,0.047,0.042,0.042,0.049,0.046,0.045,0.042,0.045,0.050,0.050,0.050,0.044,0.051,0.051,0.045,0.047,0.037,0.050,0.047,0.048,0.052,0.053,0.045,0.049,0.054,0.045,0.052,0.044,0.051
"India","Asia/Pacific","IND","National","INDt","Total",0.061,0.055,0.046,0.056,0.055,0.056,0.055,0.054,0.058,0.050,0.051,0.051,0.049,0.054,0.053,0.052,0.051,0.060,0.056,0.051,0.062,0.056,0.051,0.056,0.050,0.054,0.053,0.057,0.051,0.058,0.058,0.055,0.055
"India","Asia/Pacific","IND","Subnat","INDr136","Andaman and Nicobar Islands",0.062,0.067,0.060,0.066,0.074,0.069,0.074,0.059,0.075,0.080,0.084,0.074,0.060,0.065,0.065,0.082,0.068,0.076,0.081,0.073,0.079,0.085,0.073,0.085,0.073,0.071,0.076,0.081,0.076,0.065,0.073,0.083,0.087
"India","Asia/Pacific","IND","Subnat","INDr101","Andhra Pradesh",0.043,0.033,0.022,0.027,0.027,0.030,0.034,0.024,0.031,0.021,0.032,0.030,0.021,0.028,0.029,0.035,0.031,0.038,0.034,0.028,0.045,0.025,0.028,0.036,0.028,0.034,0.030,0.031,0.027,0.035,0.043,0.038,0.035
"India","Asia/Pacific","IND","Subnat","INDr125","Arunachal Pradesh",0.171,0.179,0.138,0.147,0.124,0.161,0.154,0.138,0.168,0.131,0.151,0.127,0.135,0.141,0.141,0.125,0.114,0.135,0.141,0.135,0.176,0.127,0.161,0.115,0.131,0.136,0.130,0.136,0.130,0.136,0.152,0.120,0.144
"India","Asia/Pacific","IND","Subnat","INDr102","Assam",0.115,0.111,0.084,0.122,0.095,0.119,0.102,0.095,0.098,0.094,0.099,0.092,0.102,0.094,0.113,0.079,0.070,0.107,0.092,0.081,0.118,0.088,0.099,0.080,0.086,0.098,0.098,0.105,0.075,0.090,0.088,0.068,0.085
"India","Asia/Pacific","IND","Subnat","INDr103","Bihar",0.052,0.036,0.030,0.042,0.036,0.048,0.045,0.049,0.048,0.052,0.047,0.045,0.042,0.053,0.042,0.038,0.042,0.056,0.050,0.045,0.039,0.049,0.039,0.045,0.040,0.038,0.047,0.043,0.037,0.050,0.055,0.052,0.037
"India","Asia/Pacific","IND","Subnat","INDr131","Chandigarth",0.032,0.022,0.019,0.022,0.033,0.040,0.030,0.032,0.039,0.018,0.023,0.025,0.023,0.024,0.017,0.028,0.018,0.020,0.032,0.023,0.039,0.024,0.018,0.029,0.021,0.031,0.020,0.029,0.028,0.031,0.025,0.020,0.024
"India","Asia/Pacific","IND","Subnat","INDr129","Chhattisgarh",0.064,0.045,0.038,0.040,0.065,0.045,0.035,0.046,0.048,0.046,0.039,0.053,0.037,0.059,0.042,0.046,0.046,0.051,0.047,0.040,0.049,0.051,0.050,0.056,0.047,0.043,0.053,0.043,0.047,0.054,0.055,0.046,0.052
"India","Asia/Pacific","IND","Subnat","INDr132","Dadra and Nagar Haveli",0.058,0.046,0.043,0.058,0.050,0.031,0.040,0.038,0.043,0.041,0.037,0.051,0.042,0.046,0.050,0.057,0.065,0.058,0.056,0.041,0.050,0.046,0.035,0.060,0.044,0.035,0.049,0.057,0.042,0.065,0.058,0.060,0.060
"India","Asia/Pacific","IND","Subnat","INDr134","Daman and Diu",0.043,0.039,0.039,0.044,0.042,0.026,0.031,0.038,0.038,0.033,0.029,0.040,0.035,0.047,0.045,0.049,0.051,0.060,0.051,0.037,0.048,0.042,0.029,0.059,0.040,0.033,0.045,0.051,0.038,0.060,0.050,0.059,0.055
"India","Asia/Pacific","IND","Subnat","INDr104","Goa",0.104,0.103,0.090,0.088,0.117,0.084,0.092,0.091,0.097,0.084,0.087,0.075,0.075,0.083,0.082,0.105,0.125,0.124,0.093,0.112,0.108,0.116,0.093,0.110,0.102,0.067,0.095,0.081,0.100,0.120,0.116,0.112,0.100
"India","Asia/Pacific","IND","Subnat","INDr105","Gujarat",0.024,0.011,0.021,0.016,0.026,0.011,0.015,0.023,0.020,0.013,0.013,0.020,0.014,0.025,0.025,0.027,0.034,0.033,0.025,0.022,0.033,0.029,0.018,0.030,0.020,0.019,0.020,0.030,0.014,0.031,0.029,0.025,0.026
"India","Asia/Pacific","IND","Subnat","INDr106","Haryana",0.023,0.015,0.017,0.016,0.025,0.027,0.026,0.029,0.027,0.017,0.017,0.020,0.013,0.025,0.018,0.022,0.016,0.019,0.026,0.015,0.030,0.024,0.020,0.025,0.017,0.026,0.019,0.020,0.022,0.022,0.022,0.022,0.025
"India","Asia/Pacific","IND","Subnat","INDr107","Himachal Pradesh",0.054,0.040,0.046,0.040,0.060,0.053,0.049,0.050,0.046,0.038,0.038,0.036,0.038,0.044,0.033,0.042,0.045,0.037,0.046,0.038,0.050,0.043,0.041,0.048,0.041,0.049,0.034,0.049,0.042,0.052,0.039,0.040,0.045
"India","Asia/Pacific","IND","Subnat","INDr108","Jammu and Kashmir",0.038,0.033,0.036,0.033,0.041,0.038,0.037,0.033,0.029,0.029,0.026,0.025,0.026,0.033,0.025,0.030,0.038,0.025,0.031,0.028,0.033,0.031,0.030,0.032,0.031,0.037,0.024,0.035,0.030,0.036,0.028,0.029,0.030
"India","Asia/Pacific","IND","Subnat","INDr128","Jharkhand",0.049,0.041,0.029,0.040,0.048,0.043,0.041,0.049,0.043,0.046,0.036,0.040,0.043,0.049,0.036,0.036,0.040,0.052,0.046,0.040,0.029,0.051,0.039,0.042,0.038,0.042,0.045,0.044,0.039,0.043,0.051,0.049,0.033
"India","Asia/Pacific","IND","Subnat","INDr109","Karnataka",0.036,0.040,0.035,0.037,0.037,0.033,0.041,0.032,0.039,0.032,0.039,0.029,0.029,0.029,0.033,0.041,0.038,0.045,0.041,0.047,0.046,0.043,0.034,0.041,0.038,0.034,0.035,0.037,0.037,0.045,0.046,0.050,0.047
"India","Asia/Pacific","IND","Subnat","INDr110","Kerala",0.079,0.092,0.094,0.086,0.090,0.086,0.094,0.085,0.090,0.083,0.080,0.079,0.072,0.083,0.087,0.089,0.093,0.106,0.089,0.103,0.110,0.104,0.077,0.096,0.094,0.087,0.065,0.088,0.099,0.097,0.091,0.102,0.104
"India","Asia/Pacific","IND","Subnat","INDr135","Lakshadweep",0.040,0.044,0.047,0.043,0.043,0.043,0.046,0.053,0.057,0.050,0.038,0.047,0.045,0.042,0.056,0.045,0.045,0.057,0.055,0.052,0.063,0.057,0.036,0.042,0.048,0.049,0.033,0.050,0.049,0.058,0.057,0.063,0.064
"India","Asia/Pacific","IND","Subnat","INDr111","Madhya Pradesh",0.044,0.033,0.026,0.035,0.039,0.031,0.036,0.044,0.031,0.036,0.027,0.033,0.028,0.038,0.031,0.033,0.038,0.033,0.035,0.033,0.032,0.043,0.037,0.049,0.030,0.033,0.043,0.029,0.033,0.048,0.035,0.036,0.042
"India","Asia/Pacific","IND","Subnat","INDr112","Maharashtra",0.046,0.036,0.032,0.041,0.043,0.034,0.033,0.035,0.038,0.037,0.036,0.033,0.035,0.034,0.035,0.040,0.046,0.041,0.038,0.040,0.047,0.036,0.034,0.053,0.036,0.032,0.042,0.035,0.035,0.051,0.048,0.041,0.049
"India","Asia/Pacific","IND","Subnat","INDr113","Manipur",0.072,0.069,0.057,0.076,0.068,0.072,0.069,0.067,0.075,0.073,0.067,0.071,0.065,0.065,0.064,0.051,0.050,0.070,0.063,0.052,0.068,0.069,0.065,0.072,0.053,0.073,0.072,0.080,0.067,0.056,0.059,0.046,0.051
"India","Asia/Pacific","IND","Subnat","INDr114","Meghalaya",0.117,0.120,0.078,0.137,0.092,0.128,0.110,0.096,0.112,0.106,0.115,0.095,0.122,0.101,0.124,0.091,0.083,0.123,0.100,0.098,0.119,0.092,0.101,0.083,0.091,0.121,0.106,0.129,0.081,0.101,0.109,0.082,0.093
"India","Asia/Pacific","IND","Subnat","INDr115","Mizoram",0.072,0.068,0.060,0.072,0.064,0.062,0.074,0.061,0.071,0.062,0.064,0.064,0.062,0.062,0.066,0.052,0.053,0.076,0.057,0.057,0.067,0.063,0.062,0.062,0.047,0.075,0.071,0.075,0.056,0.054,0.055,0.057,0.050
"India","Asia/Pacific","IND","Subnat","INDr116","Nagaland",0.089,0.087,0.071,0.096,0.079,0.089,0.080,0.079,0.083,0.079,0.088,0.084,0.082,0.078,0.089,0.065,0.066,0.088,0.079,0.070,0.090,0.084,0.081,0.075,0.070,0.083,0.092,0.093,0.072,0.075,0.074,0.062,0.069
"India","Asia/Pacific","IND","Subnat","INDr124","New Delhi",0.025,0.015,0.017,0.016,0.022,0.026,0.030,0.030,0.029,0.022,0.021,0.020,0.015,0.029,0.017,0.025,0.017,0.021,0.026,0.015,0.030,0.023,0.019,0.026,0.016,0.027,0.026,0.024,0.022,0.024,0.023,0.026,0.027
"India","Asia/Pacific","IND","Subnat","INDr117","Orissa",0.070,0.051,0.039,0.045,0.066,0.051,0.033,0.045,0.048,0.045,0.041,0.058,0.042,0.058,0.044,0.049,0.052,0.056,0.055,0.045,0.049,0.054,0.054,0.056,0.054,0.048,0.048,0.054,0.056,0.059,0.058,0.050,0.049
"India","Asia/Pacific","IND","Subnat","INDr133","Puducherry",0.045,0.044,0.037,0.049,0.042,0.038,0.055,0.042,0.047,0.038,0.039,0.043,0.034,0.039,0.050,0.058,0.046,0.058,0.052,0.054,0.062,0.051,0.040,0.039,0.049,0.054,0.033,0.052,0.041,0.047,0.056,0.063,0.052
"India","Asia/Pacific","IND","Subnat","INDr118","Punjab",0.031,0.023,0.022,0.022,0.031,0.034,0.030,0.034,0.031,0.019,0.019,0.024,0.017,0.026,0.019,0.023,0.021,0.022,0.027,0.018,0.026,0.025,0.020,0.027,0.022,0.033,0.018,0.024,0.027,0.028,0.025,0.024,0.027
"India","Asia/Pacific","IND","Subnat","INDr119","Rajasthan",0.020,0.010,0.016,0.012,0.019,0.016,0.018,0.017,0.014,0.011,0.011,0.013,0.007,0.016,0.011,0.011,0.016,0.015,0.015,0.010,0.020,0.018,0.016,0.018,0.014,0.016,0.018,0.016,0.014,0.021,0.014,0.014,0.019
"India","Asia/Pacific","IND","Subnat","INDr120","Sikkim",0.141,0.133,0.099,0.125,0.123,0.136,0.131,0.134,0.139,0.110,0.136,0.115,0.125,0.141,0.130,0.120,0.118,0.137,0.139,0.139,0.147,0.141,0.142,0.134,0.137,0.137,0.148,0.136,0.143,0.138,0.158,0.141,0.140
"India","Asia/Pacific","IND","Subnat","INDr121","Tamil Nadu",0.031,0.034,0.029,0.035,0.033,0.032,0.041,0.034,0.034,0.029,0.032,0.031,0.026,0.029,0.038,0.044,0.035,0.041,0.042,0.039,0.044,0.038,0.028,0.030,0.038,0.047,0.024,0.038,0.032,0.034,0.039,0.050,0.041
"India","Asia/Pacific","IND","Subnat","INDr130","Telangana",0.049,0.030,0.023,0.026,0.033,0.035,0.030,0.023,0.035,0.027,0.035,0.027,0.025,0.033,0.028,0.035,0.036,0.034,0.036,0.027,0.051,0.026,0.030,0.045,0.030,0.026,0.039,0.032,0.031,0.039,0.043,0.035,0.043
"India","Asia/Pacific","IND","Subnat","INDr126","Tripura",0.079,0.076,0.053,0.097,0.064,0.072,0.074,0.067,0.088,0.064,0.063,0.071,0.072,0.061,0.082,0.057,0.055,0.078,0.060,0.058,0.064,0.060,0.058,0.065,0.046,0.076,0.075,0.079,0.054,0.052,0.059,0.055,0.048
"India","Asia/Pacific","IND","Subnat","INDr123","Uttar Pradesh",0.043,0.029,0.026,0.031,0.029,0.031,0.042,0.040,0.037,0.030,0.030,0.033,0.029,0.045,0.029,0.032,0.026,0.035,0.046,0.029,0.036,0.036,0.032,0.042,0.028,0.029,0.035,0.032,0.033,0.040,0.036,0.037,0.034
"India","Asia/Pacific","IND","Subnat","INDr127","Uttaranchal",0.068,0.050,0.052,0.058,0.063,0.061,0.062,0.059,0.059,0.051,0.060,0.047,0.055,0.058,0.044,0.056,0.048,0.057,0.062,0.047,0.070,0.058,0.050,0.066,0.050,0.052,0.052,0.057,0.062,0.057,0.050,0.064,0.058
"India","Asia/Pacific","IND","Subnat","INDr122","West Bengal",0.072,0.060,0.048,0.072,0.057,0.067,0.061,0.066,0.062,0.062,0.058,0.058,0.064,0.062,0.058,0.057,0.050,0.072,0.066,0.057,0.052,0.067,0.053,0.056,0.054,0.065,0.060,0.067,0.054,0.064,0.067,0.064,0.049
"Indonesia","Asia/Pacific","IDN","National","IDNt","Total",0.086,0.084,0.094,0.089,0.087,0.108,0.098,0.067,0.108,0.099,0.099,0.095,0.080,0.089,0.083,0.090,0.084,0.096,0.099,0.084,0.117,0.091,0.094,0.107,0.089,0.081,0.111,0.106,0.091,0.079,0.105,0.103,0.106
"Indonesia","Asia/Pacific","IDN","Subnat","IDNr116","Bali",0.068,0.071,0.083,0.065,0.073,0.092,0.073,0.057,0.100,0.092,0.091,0.075,0.073,0.073,0.069,0.079,0.071,0.073,0.081,0.068,0.115,0.083,0.084,0.097,0.073,0.064,0.107,0.098,0.076,0.068,0.081,0.096,0.098
"Indonesia","Asia/Pacific","IDN","Subnat","IDNr109","Bangka Belitung",0.084,0.083,0.107,0.092,0.077,0.111,0.092,0.053,0.116,0.095,0.097,0.097,0.074,0.093,0.080,0.086,0.067,0.095,0.090,0.071,0.114,0.079,0.078,0.095,0.071,0.065,0.112,0.100,0.087,0.078,0.099,0.094,0.102
"Indonesia","Asia/Pacific","IDN","Subnat","IDNr115","Banten",0.090,0.083,0.104,0.094,0.074,0.106,0.097,0.054,0.128,0.094,0.088,0.095,0.068,0.070,0.078,0.076,0.078,0.075,0.088,0.079,0.115,0.073,0.078,0.106,0.089,0.078,0.115,0.085,0.071,0.059,0.102,0.083,0.096
"Indonesia","Asia/Pacific","IDN","Subnat","IDNr107","Bengkulu",0.132,0.117,0.129,0.129,0.106,0.118,0.127,0.074,0.139,0.111,0.106,0.103,0.119,0.124,0.115,0.125,0.102,0.115,0.120,0.107,0.130,0.092,0.108,0.125,0.114,0.108,0.135,0.118,0.131,0.099,0.128,0.121,0.110
"Indonesia","Asia/Pacific","IDN","Subnat","IDNr112","Central Java",0.083,0.087,0.110,0.085,0.085,0.115,0.096,0.066,0.122,0.102,0.098,0.093,0.070,0.078,0.084,0.084,0.077,0.083,0.081,0.082,0.136,0.090,0.082,0.104,0.086,0.080,0.119,0.096,0.073,0.073,0.103,0.105,0.107
"Indonesia","Asia/Pacific","IDN","Subnat","IDNr121","Central Kalimantan",0.089,0.089,0.102,0.094,0.094,0.114,0.100,0.067,0.106,0.097,0.098,0.101,0.084,0.100,0.089,0.102,0.087,0.108,0.105,0.089,0.125,0.092,0.101,0.104,0.084,0.088,0.121,0.106,0.100,0.086,0.118,0.109,0.119
"Indonesia","Asia/Pacific","IDN","Subnat","IDNr125","Central Sulawesi",0.089,0.086,0.089,0.088,0.097,0.121,0.116,0.074,0.113,0.108,0.119,0.106,0.087,0.099,0.088,0.101,0.094,0.113,0.123,0.090,0.130,0.110,0.116,0.125,0.103,0.095,0.118,0.128,0.109,0.093,0.126,0.126,0.125
"Indonesia","Asia/Pacific","IDN","Subnat","IDNr101","DI Aceh",0.094,0.107,0.090,0.113,0.112,0.116,0.115,0.119,0.103,0.104,0.102,0.100,0.103,0.097,0.105,0.099,0.106,0.109,0.115,0.105,0.106,0.105,0.110,0.115,0.107,0.121,0.106,0.126,0.112,0.107,0.122,0.113,0.117
"Indonesia","Asia/Pacific","IDN","Subnat","IDNr113","DI Yogyakarta",0.069,0.063,0.095,0.065,0.065,0.094,0.075,0.046,0.107,0.080,0.082,0.079,0.058,0.064,0.068,0.071,0.065,0.077,0.068,0.063,0.110,0.072,0.071,0.083,0.069,0.065,0.112,0.082,0.059,0.060,0.089,0.091,0.092
"Indonesia","Asia/Pacific","IDN","Subnat","IDNr110","DKI Jakarta",0.074,0.068,0.088,0.078,0.067,0.089,0.082,0.048,0.096,0.070,0.070,0.069,0.065,0.063,0.059,0.060,0.059,0.064,0.065,0.061,0.093,0.055,0.063,0.084,0.076,0.064,0.101,0.069,0.056,0.058,0.084,0.081,0.071
"Indonesia","Asia/Pacific","IDN","Subnat","IDNr114","East Java",0.068,0.067,0.081,0.061,0.070,0.090,0.069,0.052,0.097,0.082,0.083,0.071,0.059,0.066,0.067,0.069,0.068,0.068,0.071,0.062,0.112,0.075,0.072,0.091,0.068,0.063,0.101,0.085,0.063,0.061,0.080,0.089,0.091
"Indonesia","Asia/Pacific","IDN","Subnat","IDNr123","East Kalimantan",0.087,0.086,0.083,0.091,0.089,0.102,0.101,0.074,0.081,0.109,0.107,0.101,0.077,0.092,0.082,0.097,0.094,0.108,0.119,0.096,0.111,0.112,0.113,0.117,0.101,0.090,0.109,0.116,0.106,0.087,0.107,0.113,0.123
"Indonesia","Asia/Pacific","IDN","Subnat","IDNr118","East Nusa Tenggara",0.053,0.048,0.046,0.048,0.051,0.064,0.057,0.045,0.061,0.067,0.066,0.059,0.046,0.050,0.046,0.050,0.060,0.051,0.061,0.045,0.074,0.061,0.056,0.070,0.049,0.044,0.058,0.066,0.050,0.044,0.055,0.068,0.070
"Indonesia","Asia/Pacific","IDN","Subnat","IDNr128","Gorontalo",0.087,0.077,0.083,0.079,0.084,0.116,0.123,0.073,0.110,0.115,0.123,0.112,0.083,0.100,0.092,0.106,0.095,0.114,0.129,0.093,0.133,0.116,0.115,0.123,0.098,0.084,0.109,0.129,0.105,0.080,0.123,0.123,0.130
"Indonesia","Asia/Pacific","IDN","Subnat","IDNr130","Irian Jaya (Papua and Papua Barat)",0.129,0.116,0.123,0.116,0.128,0.149,0.136,0.098,0.156,0.147,0.143,0.136,0.113,0.130,0.115,0.139,0.129,0.139,0.148,0.129,0.149,0.148,0.149,0.164,0.138,0.115,0.171,0.165,0.139,0.135,0.158,0.154,0.144
"Indonesia","Asia/Pacific","IDN","Subnat","IDNr105","Jambi",0.093,0.093,0.112,0.107,0.094,0.116,0.103,0.069,0.105,0.096,0.096,0.105,0.091,0.100,0.092,0.094,0.086,0.102,0.096,0.091,0.117,0.093,0.094,0.107,0.089,0.077,0.112,0.104,0.103,0.081,0.100,0.098,0.100
"Indonesia","Asia/Pacific","IDN","Subnat","IDNr108","Lampung",0.084,0.085,0.100,0.091,0.079,0.097,0.088,0.051,0.109,0.087,0.088,0.097,0.069,0.082,0.077,0.087,0.073,0.082,0.084,0.080,0.113,0.073,0.076,0.104,0.083,0.066,0.112,0.092,0.086,0.069,0.098,0.085,0.102
"Indonesia","Asia/Pacific","IDN","Subnat","IDNr129","Maluku",0.080,0.064,0.069,0.070,0.076,0.104,0.105,0.065,0.112,0.114,0.108,0.102,0.066,0.081,0.073,0.089,0.084,0.093,0.110,0.080,0.116,0.103,0.100,0.121,0.079,0.067,0.100,0.125,0.089,0.076,0.105,0.115,0.116
"Indonesia","Asia/Pacific","IDN","Subnat","IDNr124","North Sulawesi",0.081,0.070,0.075,0.074,0.078,0.108,0.124,0.066,0.104,0.117,0.120,0.112,0.073,0.097,0.089,0.103,0.092,0.113,0.129,0.092,0.120,0.113,0.111,0.118,0.094,0.071,0.105,0.131,0.100,0.073,0.120,0.124,0.133
"Indonesia","Asia/Pacific","IDN","Subnat","IDNr102","North Sumatra",0.088,0.107,0.095,0.114,0.111,0.114,0.103,0.094,0.100,0.107,0.096,0.101,0.102,0.098,0.097,0.086,0.110,0.113,0.115,0.104,0.108,0.108,0.111,0.106,0.107,0.109,0.098,0.118,0.109,0.094,0.108,0.098,0.108
"Indonesia","Asia/Pacific","IDN","Subnat","IDNr104","Riau (incl. Riau islands)",0.079,0.093,0.093,0.097,0.089,0.100,0.089,0.072,0.086,0.086,0.083,0.093,0.078,0.089,0.082,0.076,0.085,0.099,0.094,0.087,0.094,0.093,0.092,0.091,0.088,0.077,0.085,0.092,0.090,0.074,0.086,0.081,0.089
"Indonesia","Asia/Pacific","IDN","Subnat","IDNr122","South Kalimantan",0.074,0.072,0.087,0.079,0.077,0.100,0.086,0.054,0.091,0.090,0.093,0.080,0.067,0.087,0.077,0.090,0.073,0.095,0.091,0.069,0.116,0.077,0.083,0.095,0.077,0.072,0.105,0.092,0.087,0.070,0.100,0.096,0.094
"Indonesia","Asia/Pacific","IDN","Subnat","IDNr126","South Sulawesi (incl Sulawesi Barat)",0.097,0.088,0.101,0.096,0.104,0.127,0.117,0.075,0.134,0.116,0.122,0.104,0.089,0.108,0.091,0.102,0.089,0.113,0.114,0.089,0.142,0.099,0.110,0.126,0.098,0.096,0.132,0.122,0.100,0.093,0.124,0.125,0.124
"Indonesia","Asia/Pacific","IDN","Subnat","IDNr106","South Sumatra",0.083,0.084,0.099,0.095,0.081,0.104,0.088,0.058,0.100,0.089,0.092,0.098,0.076,0.091,0.079,0.089,0.073,0.089,0.087,0.083,0.112,0.082,0.083,0.107,0.083,0.067,0.110,0.099,0.092,0.075,0.096,0.089,0.096
"Indonesia","Asia/Pacific","IDN","Subnat","IDNr127","Southeast Sulawesi",0.079,0.071,0.080,0.077,0.083,0.108,0.092,0.063,0.115,0.105,0.108,0.089,0.072,0.082,0.068,0.085,0.076,0.090,0.099,0.069,0.122,0.086,0.088,0.105,0.083,0.072,0.107,0.109,0.088,0.084,0.105,0.107,0.103
"Indonesia","Asia/Pacific","IDN","Subnat","IDNr111","West Java",0.094,0.090,0.120,0.102,0.088,0.120,0.101,0.063,0.131,0.099,0.096,0.102,0.077,0.084,0.084,0.091,0.077,0.084,0.090,0.085,0.136,0.084,0.088,0.108,0.094,0.083,0.130,0.096,0.079,0.070,0.114,0.104,0.108
"Indonesia","Asia/Pacific","IDN","Subnat","IDNr120","West Kalimantan",0.102,0.105,0.111,0.106,0.104,0.124,0.111,0.083,0.127,0.111,0.109,0.109,0.099,0.108,0.094,0.105,0.101,0.114,0.115,0.104,0.126,0.100,0.104,0.106,0.088,0.102,0.122,0.112,0.106,0.097,0.126,0.107,0.120
"Indonesia","Asia/Pacific","IDN","Subnat","IDNr117","West Nusa Tenggara",0.057,0.053,0.056,0.047,0.058,0.070,0.059,0.045,0.067,0.071,0.067,0.056,0.052,0.054,0.047,0.056,0.053,0.053,0.059,0.046,0.080,0.062,0.065,0.073,0.051,0.050,0.075,0.074,0.051,0.049,0.055,0.071,0.069
"Indonesia","Asia/Pacific","IDN","Subnat","IDNr103","West Sumatra",0.111,0.126,0.119,0.138,0.117,0.132,0.118,0.086,0.126,0.116,0.112,0.113,0.130,0.126,0.118,0.111,0.117,0.140,0.125,0.114,0.133,0.112,0.123,0.127,0.129,0.123,0.123,0.127,0.130,0.102,0.126,0.115,0.112
"Iran, Islamic Rep.","Asia/Pacific","IRN","National","IRNt","Total",0.011,0.016,0.017,0.017,0.017,0.013,0.017,0.015,0.014,0.013,0.013,0.012,0.015,0.015,0.016,0.014,0.015,0.015,0.010,0.015,0.011,0.016,0.015,0.014,0.013,0.015,0.014,0.012,0.016,0.019,0.017,0.010,0.011
"Iran, Islamic Rep.","Asia/Pacific","IRN","Subnat","IRNr125","Ardebil",0.018,0.020,0.022,0.024,0.022,0.017,0.018,0.020,0.017,0.018,0.020,0.018,0.020,0.022,0.022,0.018,0.018,0.020,0.018,0.019,0.019,0.024,0.021,0.020,0.020,0.022,0.024,0.017,0.021,0.019,0.021,0.014,0.018
"Iran, Islamic Rep.","Asia/Pacific","IRN","Subnat","IRNr119","Bushehr",0.005,0.015,0.012,0.008,0.007,0.013,0.013,0.015,0.010,0.011,0.009,0.006,0.011,0.009,0.016,0.008,0.009,0.006,0.005,0.010,0.002,0.009,0.008,0.006,0.009,0.008,0.005,0.013,0.006,0.014,0.010,0.003,0.010
"Iran, Islamic Rep.","Asia/Pacific","IRN","Subnat","IRNr115","Chaharmahal and Bakhtiyari",0.015,0.025,0.025,0.030,0.027,0.015,0.023,0.020,0.023,0.020,0.016,0.019,0.024,0.024,0.030,0.024,0.027,0.023,0.011,0.021,0.014,0.023,0.024,0.020,0.019,0.023,0.019,0.016,0.020,0.033,0.024,0.016,0.020
"Iran, Islamic Rep.","Asia/Pacific","IRN","Subnat","IRNr104","EastAzarbayejan",0.014,0.017,0.018,0.020,0.020,0.015,0.016,0.015,0.013,0.013,0.014,0.014,0.017,0.019,0.018,0.015,0.016,0.018,0.013,0.017,0.017,0.019,0.017,0.016,0.016,0.019,0.018,0.013,0.021,0.017,0.018,0.011,0.014
"Iran, Islamic Rep.","Asia/Pacific","IRN","Subnat","IRNr111","Esfahan",0.005,0.007,0.006,0.007,0.006,0.005,0.008,0.005,0.006,0.006,0.005,0.004,0.006,0.006,0.008,0.005,0.007,0.006,0.004,0.007,0.003,0.006,0.006,0.006,0.006,0.006,0.004,0.004,0.007,0.008,0.008,0.004,0.004
"Iran, Islamic Rep.","Asia/Pacific","IRN","Subnat","IRNr108","Fars",0.005,0.013,0.012,0.011,0.007,0.013,0.012,0.011,0.010,0.010,0.008,0.005,0.009,0.010,0.014,0.008,0.009,0.008,0.004,0.009,0.003,0.009,0.009,0.007,0.008,0.009,0.005,0.013,0.007,0.014,0.010,0.004,0.009
"Iran, Islamic Rep.","Asia/Pacific","IRN","Subnat","IRNr102","Gilan",0.042,0.039,0.051,0.050,0.047,0.040,0.049,0.049,0.047,0.039,0.049,0.044,0.044,0.047,0.050,0.041,0.042,0.045,0.043,0.043,0.035,0.057,0.045,0.046,0.039,0.047,0.055,0.040,0.047,0.048,0.049,0.037,0.039
"Iran, Islamic Rep.","Asia/Pacific","IRN","Subnat","IRNr128","Golestan",0.014,0.019,0.021,0.020,0.021,0.020,0.021,0.018,0.019,0.019,0.018,0.019,0.020,0.019,0.019,0.019,0.015,0.017,0.014,0.020,0.015,0.018,0.019,0.019,0.014,0.017,0.021,0.013,0.018,0.023,0.017,0.013,0.015
"Iran, Islamic Rep.","Asia/Pacific","IRN","Subnat","IRNr114","Hamedan",0.009,0.012,0.014,0.013,0.017,0.010,0.015,0.011,0.012,0.010,0.011,0.008,0.012,0.013,0.013,0.012,0.014,0.013,0.008,0.012,0.010,0.014,0.012,0.012,0.011,0.012,0.012,0.012,0.017,0.017,0.017,0.009,0.008
"Iran, Islamic Rep.","Asia/Pacific","IRN","Subnat","IRNr123","Hormozgan",0.003,0.007,0.011,0.007,0.003,0.010,0.009,0.011,0.007,0.004,0.003,0.001,0.003,0.003,0.004,0.005,0.005,0.005,0.004,0.006,0.003,0.005,0.004,0.004,0.006,0.005,0.003,0.009,0.003,0.011,0.009,0.002,0.007
"Iran, Islamic Rep.","Asia/Pacific","IRN","Subnat","IRNr117","Ilam",0.013,0.021,0.020,0.022,0.025,0.010,0.021,0.017,0.015,0.011,0.015,0.014,0.016,0.017,0.015,0.015,0.021,0.014,0.008,0.012,0.012,0.014,0.016,0.018,0.016,0.019,0.017,0.011,0.024,0.025,0.018,0.008,0.009
"Iran, Islamic Rep.","Asia/Pacific","IRN","Subnat","IRNr109","Kerman",0.004,0.006,0.007,0.007,0.004,0.007,0.007,0.007,0.005,0.005,0.003,0.002,0.003,0.003,0.004,0.005,0.004,0.004,0.003,0.005,0.002,0.005,0.004,0.005,0.005,0.006,0.003,0.006,0.003,0.007,0.007,0.002,0.005
"Iran, Islamic Rep.","Asia/Pacific","IRN","Subnat","IRNr106","Kermanshah",0.015,0.021,0.021,0.021,0.025,0.014,0.022,0.019,0.017,0.013,0.013,0.013,0.019,0.019,0.017,0.017,0.024,0.017,0.011,0.017,0.016,0.019,0.019,0.019,0.017,0.019,0.019,0.016,0.027,0.024,0.021,0.010,0.013
"Iran, Islamic Rep.","Asia/Pacific","IRN","Subnat","IRNr110","Khorasan-e-Razavi",0.007,0.011,0.011,0.010,0.007,0.007,0.009,0.009,0.010,0.009,0.006,0.005,0.008,0.009,0.009,0.008,0.007,0.008,0.005,0.010,0.006,0.008,0.009,0.006,0.006,0.008,0.007,0.008,0.008,0.012,0.011,0.004,0.006
"Iran, Islamic Rep.","Asia/Pacific","IRN","Subnat","IRNr107","Khuzestan",0.010,0.020,0.020,0.022,0.022,0.011,0.023,0.019,0.015,0.015,0.013,0.016,0.018,0.017,0.019,0.016,0.018,0.015,0.008,0.014,0.009,0.015,0.016,0.013,0.015,0.016,0.015,0.011,0.020,0.023,0.019,0.009,0.011
"Iran, Islamic Rep.","Asia/Pacific","IRN","Subnat","IRNr118","Kohgiluyeh and Boyerahmad",0.016,0.035,0.029,0.033,0.024,0.020,0.031,0.025,0.028,0.023,0.018,0.023,0.028,0.026,0.038,0.025,0.027,0.024,0.011,0.025,0.013,0.025,0.028,0.018,0.022,0.021,0.019,0.020,0.024,0.036,0.027,0.015,0.021
"Iran, Islamic Rep.","Asia/Pacific","IRN","Subnat","IRNr113","Kordestan",0.013,0.017,0.020,0.018,0.020,0.014,0.017,0.016,0.014,0.011,0.012,0.012,0.017,0.018,0.016,0.015,0.020,0.015,0.011,0.017,0.014,0.016,0.017,0.016,0.014,0.017,0.016,0.013,0.023,0.018,0.019,0.010,0.012
"Iran, Islamic Rep.","Asia/Pacific","IRN","Subnat","IRNr116","Lorestan",0.017,0.023,0.028,0.029,0.031,0.014,0.026,0.020,0.021,0.016,0.018,0.017,0.023,0.024,0.023,0.022,0.026,0.023,0.012,0.020,0.016,0.022,0.020,0.020,0.020,0.025,0.023,0.017,0.027,0.032,0.026,0.013,0.015
"Iran, Islamic Rep.","Asia/Pacific","IRN","Subnat","IRNr101","Markazi",0.007,0.010,0.012,0.011,0.013,0.008,0.013,0.007,0.010,0.008,0.009,0.008,0.010,0.010,0.011,0.010,0.011,0.011,0.007,0.010,0.008,0.011,0.010,0.009,0.009,0.010,0.008,0.009,0.014,0.014,0.015,0.007,0.006
"Iran, Islamic Rep.","Asia/Pacific","IRN","Subnat","IRNr103","Mazandaran",0.029,0.034,0.041,0.036,0.040,0.039,0.041,0.039,0.037,0.034,0.043,0.037,0.039,0.037,0.043,0.038,0.035,0.039,0.034,0.041,0.031,0.040,0.042,0.039,0.033,0.038,0.042,0.031,0.039,0.041,0.040,0.033,0.031
"Iran, Islamic Rep.","Asia/Pacific","IRN","Subnat","IRNr129","North Khorasan",0.008,0.013,0.014,0.014,0.011,0.010,0.013,0.011,0.012,0.011,0.009,0.008,0.013,0.013,0.012,0.012,0.009,0.011,0.007,0.013,0.010,0.012,0.011,0.010,0.009,0.010,0.013,0.009,0.011,0.017,0.013,0.007,0.009
"Iran, Islamic Rep.","Asia/Pacific","IRN","Subnat","IRNr127","Qazvin",0.013,0.014,0.018,0.018,0.022,0.013,0.020,0.013,0.015,0.011,0.014,0.014,0.017,0.018,0.017,0.016,0.018,0.019,0.011,0.017,0.014,0.021,0.017,0.015,0.014,0.018,0.018,0.014,0.020,0.020,0.022,0.012,0.011
"Iran, Islamic Rep.","Asia/Pacific","IRN","Subnat","IRNr126","Qom",0.006,0.007,0.009,0.008,0.009,0.005,0.011,0.004,0.006,0.006,0.006,0.006,0.007,0.007,0.008,0.006,0.007,0.008,0.005,0.008,0.004,0.009,0.007,0.006,0.005,0.007,0.005,0.006,0.010,0.010,0.012,0.005,0.004
"Iran, Islamic Rep.","Asia/Pacific","IRN","Subnat","IRNr121","Semnan",0.004,0.007,0.006,0.007,0.005,0.006,0.007,0.004,0.006,0.005,0.005,0.004,0.006,0.005,0.006,0.005,0.005,0.006,0.004,0.006,0.004,0.006,0.006,0.004,0.004,0.005,0.005,0.004,0.005,0.008,0.007,0.003,0.003
"Iran, Islamic Rep.","Asia/Pacific","IRN","Subnat","IRNr112","Sistanand Baluchestan",0.004,0.005,0.005,0.002,0.003,0.005,0.005,0.008,0.005,0.003,0.001,0.001,0.001,0.002,0.003,0.005,0.003,0.004,0.004,0.004,0.002,0.004,0.003,0.004,0.004,0.004,0.002,0.004,0.001,0.006,0.006,0.002,0.004
"Iran, Islamic Rep.","Asia/Pacific","IRN","Subnat","IRNr130","South Khorasan",0.006,0.010,0.009,0.006,0.004,0.006,0.008,0.006,0.006,0.006,0.003,0.002,0.004,0.004,0.004,0.006,0.004,0.005,0.004,0.006,0.003,0.004,0.005,0.004,0.004,0.005,0.003,0.004,0.004,0.007,0.007,0.002,0.004
"Iran, Islamic Rep.","Asia/Pacific","IRN","Subnat","IRNr124","Tehran and Alborz",0.010,0.013,0.014,0.015,0.017,0.010,0.016,0.009,0.013,0.010,0.011,0.011,0.013,0.012,0.014,0.012,0.012,0.015,0.009,0.013,0.010,0.017,0.013,0.012,0.009,0.013,0.012,0.010,0.015,0.015,0.017,0.011,0.008
"Iran, Islamic Rep.","Asia/Pacific","IRN","Subnat","IRNr105","WestAzarbayejan",0.015,0.018,0.021,0.020,0.021,0.015,0.016,0.015,0.014,0.013,0.013,0.014,0.019,0.021,0.018,0.015,0.018,0.017,0.013,0.018,0.016,0.018,0.017,0.017,0.016,0.019,0.018,0.014,0.023,0.018,0.019,0.012,0.013
"Iran, Islamic Rep.","Asia/Pacific","IRN","Subnat","IRNr122","Yazd",0.003,0.006,0.004,0.004,0.002,0.005,0.005,0.003,0.003,0.004,0.003,0.003,0.003,0.003,0.005,0.003,0.004,0.003,0.003,0.004,0.002,0.003,0.004,0.003,0.003,0.003,0.001,0.003,0.003,0.004,0.005,0.002,0.002
"Iran, Islamic Rep.","Asia/Pacific","IRN","Subnat","IRNr120","Zanjan",0.013,0.014,0.017,0.019,0.019,0.013,0.019,0.013,0.014,0.011,0.013,0.012,0.015,0.017,0.016,0.015,0.017,0.018,0.011,0.016,0.014,0.018,0.017,0.014,0.015,0.018,0.016,0.013,0.021,0.018,0.020,0.010,0.012
"Iraq","Asia/Pacific","IRQ","National","IRQt","Total",0.006,0.011,0.011,0.012,0.012,0.007,0.011,0.010,0.007,0.006,0.007,0.008,0.010,0.009,0.009,0.008,0.012,0.007,0.006,0.007,0.007,0.008,0.008,0.011,0.009,0.011,0.009,0.006,0.015,0.013,0.010,0.004,0.006
"Iraq","Asia/Pacific","IRQ","Subnat","IRQr107","Anbar",0.003,0.003,0.004,0.004,0.004,0.004,0.005,0.005,0.003,0.002,0.003,0.004,0.003,0.003,0.003,0.003,0.004,0.003,0.003,0.002,0.003,0.003,0.003,0.005,0.004,0.005,0.003,0.002,0.007,0.005,0.004,0.001,0.003
"Iraq","Asia/Pacific","IRQ","Subnat","IRQr109","Babylon",0.002,0.004,0.004,0.005,0.005,0.004,0.005,0.005,0.004,0.003,0.003,0.003,0.004,0.003,0.003,0.003,0.006,0.003,0.003,0.002,0.003,0.003,0.004,0.007,0.005,0.007,0.004,0.003,0.009,0.006,0.005,0.001,0.002
"Iraq","Asia/Pacific","IRQ","Subnat","IRQr108","Baghdad",0.003,0.005,0.005,0.008,0.005,0.004,0.006,0.006,0.004,0.003,0.004,0.005,0.005,0.004,0.004,0.004,0.006,0.004,0.003,0.002,0.004,0.004,0.006,0.008,0.005,0.008,0.006,0.004,0.012,0.008,0.006,0.002,0.004
"Iraq","Asia/Pacific","IRQ","Subnat","IRQr118","Basra",0.002,0.006,0.004,0.006,0.005,0.003,0.009,0.009,0.004,0.006,0.004,0.004,0.004,0.003,0.006,0.005,0.005,0.004,0.002,0.003,0.002,0.003,0.006,0.007,0.005,0.005,0.004,0.002,0.009,0.007,0.006,0.002,0.004
"Iraq","Asia/Pacific","IRQ","Subnat","IRQr106","Diala",0.007,0.013,0.011,0.014,0.013,0.007,0.012,0.011,0.008,0.006,0.007,0.008,0.012,0.008,0.008,0.007,0.012,0.007,0.005,0.006,0.007,0.008,0.009,0.011,0.009,0.014,0.009,0.007,0.019,0.014,0.011,0.003,0.006
"Iraq","Asia/Pacific","IRQ","Subnat","IRQr101","Dohouk",0.023,0.030,0.038,0.036,0.037,0.023,0.032,0.025,0.022,0.016,0.022,0.023,0.030,0.036,0.026,0.026,0.037,0.025,0.019,0.027,0.023,0.030,0.028,0.030,0.025,0.028,0.032,0.021,0.038,0.039,0.029,0.018,0.021
"Iraq","Asia/Pacific","IRQ","Subnat","IRQr105","Erbil",0.018,0.029,0.034,0.031,0.032,0.019,0.026,0.022,0.019,0.013,0.019,0.019,0.027,0.030,0.023,0.022,0.032,0.020,0.015,0.023,0.019,0.024,0.023,0.026,0.022,0.025,0.026,0.018,0.034,0.032,0.024,0.014,0.017
"Iraq","Asia/Pacific","IRQ","Subnat","IRQr110","Kerbela",0.002,0.003,0.003,0.004,0.003,0.003,0.005,0.004,0.003,0.002,0.002,0.003,0.003,0.003,0.002,0.003,0.005,0.002,0.003,0.002,0.003,0.003,0.003,0.005,0.003,0.005,0.003,0.002,0.008,0.003,0.003,0.001,0.002
"Iraq","Asia/Pacific","IRQ","Subnat","IRQr117","Maysan",0.004,0.009,0.007,0.010,0.011,0.005,0.010,0.011,0.006,0.006,0.007,0.006,0.006,0.005,0.008,0.006,0.009,0.006,0.004,0.004,0.003,0.004,0.007,0.011,0.009,0.011,0.006,0.004,0.014,0.012,0.010,0.003,0.005
"Iraq","Asia/Pacific","IRQ","Subnat","IRQr115","Muthanna",0.002,0.004,0.003,0.004,0.004,0.004,0.005,0.005,0.003,0.004,0.003,0.002,0.003,0.002,0.003,0.005,0.004,0.002,0.002,0.002,0.001,0.002,0.003,0.004,0.004,0.004,0.002,0.002,0.006,0.004,0.004,0.001,0.003
"Iraq","Asia/Pacific","IRQ","Subnat","IRQr113","Najaf",0.001,0.003,0.002,0.004,0.003,0.004,0.004,0.004,0.003,0.003,0.002,0.002,0.003,0.002,0.002,0.003,0.004,0.001,0.002,0.002,0.002,0.002,0.002,0.005,0.004,0.004,0.003,0.002,0.006,0.003,0.003,0.001,0.002
"Iraq","Asia/Pacific","IRQ","Subnat","IRQr102","Nenava",0.008,0.013,0.015,0.017,0.015,0.009,0.016,0.010,0.009,0.005,0.009,0.009,0.012,0.013,0.011,0.009,0.015,0.007,0.006,0.008,0.008,0.010,0.010,0.012,0.012,0.010,0.011,0.007,0.017,0.019,0.012,0.005,0.007
"Iraq","Asia/Pacific","IRQ","Subnat","IRQr114","Qadisiya",0.002,0.005,0.003,0.004,0.005,0.004,0.005,0.005,0.004,0.003,0.002,0.002,0.004,0.003,0.003,0.002,0.005,0.002,0.002,0.002,0.002,0.003,0.003,0.007,0.005,0.005,0.003,0.002,0.007,0.005,0.004,0.001,0.002
"Iraq","Asia/Pacific","IRQ","Subnat","IRQr112","Salaheldeen",0.005,0.008,0.008,0.010,0.007,0.005,0.009,0.007,0.004,0.003,0.005,0.006,0.008,0.005,0.005,0.005,0.008,0.004,0.005,0.004,0.004,0.005,0.005,0.008,0.007,0.008,0.006,0.004,0.013,0.011,0.007,0.002,0.004
"Iraq","Asia/Pacific","IRQ","Subnat","IRQr103","Suleimaniya",0.019,0.029,0.033,0.034,0.034,0.019,0.025,0.025,0.021,0.014,0.017,0.019,0.029,0.026,0.027,0.021,0.033,0.019,0.013,0.023,0.020,0.025,0.022,0.023,0.023,0.027,0.025,0.017,0.035,0.032,0.025,0.012,0.017
"Iraq","Asia/Pacific","IRQ","Subnat","IRQr104","Ta-amem-Karkuk",0.008,0.016,0.017,0.020,0.015,0.009,0.015,0.011,0.009,0.005,0.008,0.009,0.014,0.011,0.012,0.009,0.017,0.008,0.007,0.010,0.009,0.011,0.009,0.012,0.012,0.014,0.012,0.007,0.021,0.020,0.012,0.005,0.007
"Iraq","Asia/Pacific","IRQ","Subnat","IRQr116","Thi-Qar",0.002,0.006,0.004,0.005,0.005,0.003,0.006,0.007,0.004,0.004,0.003,0.003,0.004,0.003,0.005,0.004,0.006,0.003,0.002,0.002,0.002,0.003,0.004,0.007,0.006,0.005,0.003,0.002,0.010,0.006,0.006,0.001,0.003
"Iraq","Asia/Pacific","IRQ","Subnat","IRQr111","Wasit",0.004,0.008,0.006,0.008,0.009,0.004,0.009,0.008,0.006,0.005,0.005,0.005,0.006,0.006,0.006,0.005,0.009,0.004,0.004,0.004,0.004,0.004,0.006,0.011,0.008,0.011,0.006,0.004,0.013,0.009,0.007,0.002,0.004
"Ireland","Europe","IRL","National","IRLt","Total",0.033,0.031,0.034,0.036,0.038,0.032,0.033,0.035,0.040,0.036,0.038,0.029,0.041,0.030,0.032,0.032,0.036,0.034,0.038,0.042,0.029,0.035,0.037,0.032,0.038,0.039,0.033,0.034,0.033,0.037,0.040,0.035,0.035
"Ireland","Europe","IRL","Subnat","IRLr101","Border",0.044,0.037,0.044,0.040,0.043,0.037,0.036,0.038,0.044,0.043,0.043,0.032,0.048,0.034,0.038,0.037,0.040,0.040,0.044,0.046,0.033,0.044,0.040,0.038,0.043,0.048,0.037,0.040,0.037,0.043,0.047,0.040,0.042
"Ireland","Europe","IRL","Subnat","IRLr104","Dublin",0.026,0.024,0.025,0.032,0.030,0.027,0.029,0.028,0.033,0.028,0.032,0.026,0.034,0.024,0.027,0.025,0.028,0.028,0.033,0.034,0.029,0.026,0.033,0.027,0.033,0.030,0.028,0.029,0.027,0.032,0.032,0.030,0.028
"Ireland","Europe","IRL","Subnat","IRLr105","Mid-East",0.027,0.026,0.027,0.033,0.031,0.027,0.030,0.030,0.035,0.030,0.034,0.026,0.036,0.026,0.028,0.027,0.031,0.030,0.034,0.036,0.028,0.028,0.034,0.028,0.034,0.031,0.029,0.030,0.028,0.033,0.034,0.031,0.030
"Ireland","Europe","IRL","Subnat","IRLr106","Mid-West",0.036,0.034,0.038,0.036,0.042,0.035,0.034,0.037,0.044,0.041,0.040,0.029,0.042,0.032,0.035,0.034,0.039,0.037,0.042,0.046,0.028,0.039,0.039,0.034,0.040,0.043,0.036,0.036,0.035,0.040,0.043,0.037,0.037
"Ireland","Europe","IRL","Subnat","IRLr102","Midland",0.030,0.027,0.031,0.034,0.034,0.029,0.030,0.032,0.035,0.033,0.034,0.025,0.038,0.027,0.029,0.029,0.032,0.032,0.035,0.039,0.028,0.032,0.034,0.029,0.034,0.035,0.031,0.032,0.028,0.034,0.037,0.032,0.032
"Ireland","Europe","IRL","Subnat","IRLr107","South-East",0.027,0.027,0.028,0.033,0.035,0.029,0.032,0.034,0.037,0.032,0.035,0.028,0.037,0.028,0.029,0.029,0.034,0.030,0.033,0.039,0.028,0.029,0.035,0.028,0.036,0.033,0.030,0.030,0.031,0.034,0.036,0.032,0.032
"Ireland","Europe","IRL","Subnat","IRLr108","South-West",0.035,0.034,0.035,0.036,0.044,0.036,0.037,0.039,0.044,0.041,0.042,0.032,0.042,0.033,0.035,0.036,0.040,0.036,0.041,0.048,0.030,0.038,0.039,0.037,0.041,0.044,0.035,0.035,0.039,0.039,0.044,0.037,0.038
"Ireland","Europe","IRL","Subnat","IRLr103","West",0.041,0.037,0.044,0.040,0.042,0.036,0.035,0.039,0.044,0.044,0.043,0.031,0.047,0.033,0.037,0.037,0.042,0.039,0.044,0.047,0.031,0.043,0.039,0.036,0.042,0.049,0.037,0.038,0.037,0.044,0.047,0.039,0.041
"Isle of Man","Europe","IMN","National","IMNt","Total",0.034,0.030,0.033,0.035,0.037,0.030,0.032,0.033,0.040,0.037,0.042,0.030,0.041,0.030,0.034,0.034,0.040,0.032,0.039,0.038,0.032,0.035,0.042,0.034,0.041,0.038,0.033,0.040,0.038,0.038,0.039,0.037,0.036
"Israel","Asia/Pacific","ISR","National","ISRt","Total",0.006,0.011,0.011,0.006,0.011,0.006,0.008,0.009,0.007,0.004,0.007,0.006,0.009,0.009,0.007,0.006,0.007,0.007,0.006,0.007,0.006,0.008,0.009,0.008,0.006,0.008,0.007,0.004,0.010,0.010,0.010,0.006,0.006
"Italy","Europe","ITA","National","ITAt","Total",0.031,0.031,0.032,0.031,0.030,0.032,0.040,0.030,0.030,0.035,0.034,0.029,0.039,0.030,0.036,0.033,0.029,0.029,0.039,0.039,0.045,0.030,0.035,0.041,0.043,0.032,0.037,0.030,0.041,0.040,0.034,0.034,0.028
"Italy","Europe","ITA","Subnat","ITAr105","Abruzzo",0.028,0.032,0.028,0.028,0.023,0.033,0.037,0.029,0.030,0.037,0.026,0.025,0.035,0.032,0.040,0.040,0.027,0.026,0.036,0.042,0.039,0.026,0.030,0.038,0.038,0.038,0.039,0.034,0.045,0.036,0.034,0.033,0.027
"Italy","Europe","ITA","Subnat","ITAr109","Basilicata",0.021,0.022,0.018,0.020,0.020,0.022,0.027,0.021,0.024,0.020,0.019,0.017,0.025,0.027,0.026,0.026,0.026,0.023,0.024,0.030,0.032,0.023,0.023,0.028,0.023,0.025,0.028,0.018,0.032,0.026,0.023,0.024,0.023
"Italy","Europe","ITA","Subnat","ITAr110","Calabria",0.027,0.027,0.024,0.026,0.025,0.029,0.037,0.029,0.026,0.026,0.025,0.023,0.029,0.034,0.033,0.033,0.028,0.032,0.028,0.038,0.042,0.033,0.031,0.034,0.031,0.035,0.034,0.024,0.037,0.031,0.029,0.033,0.025
"Italy","Europe","ITA","Subnat","ITAr107","Campania",0.032,0.033,0.025,0.029,0.026,0.034,0.043,0.030,0.035,0.035,0.031,0.027,0.035,0.036,0.042,0.041,0.031,0.031,0.040,0.044,0.055,0.028,0.039,0.046,0.039,0.035,0.038,0.028,0.046,0.040,0.033,0.040,0.035
"Italy","Europe","ITA","Subnat","ITAr117","Emilia-Romagna",0.029,0.028,0.027,0.026,0.029,0.030,0.036,0.026,0.024,0.033,0.030,0.031,0.040,0.024,0.035,0.034,0.024,0.025,0.035,0.034,0.045,0.024,0.031,0.041,0.043,0.030,0.035,0.027,0.038,0.040,0.029,0.027,0.027
"Italy","Europe","ITA","Subnat","ITAr116","Friuli-Venezia Giulia",0.053,0.051,0.055,0.049,0.046,0.049,0.065,0.049,0.053,0.052,0.063,0.051,0.064,0.039,0.059,0.041,0.042,0.047,0.069,0.058,0.071,0.046,0.058,0.062,0.082,0.043,0.060,0.057,0.053,0.066,0.061,0.052,0.042
"Italy","Europe","ITA","Subnat","ITAr121","Lazio",0.031,0.036,0.033,0.029,0.024,0.032,0.041,0.031,0.033,0.036,0.032,0.025,0.036,0.030,0.041,0.039,0.025,0.027,0.043,0.038,0.047,0.027,0.036,0.041,0.042,0.032,0.036,0.028,0.046,0.042,0.034,0.036,0.028
"Italy","Europe","ITA","Subnat","ITAr103","Liguria",0.035,0.032,0.041,0.039,0.042,0.040,0.048,0.034,0.032,0.040,0.048,0.037,0.049,0.032,0.034,0.032,0.034,0.026,0.048,0.047,0.053,0.036,0.041,0.054,0.062,0.035,0.042,0.030,0.050,0.049,0.041,0.038,0.030
"Italy","Europe","ITA","Subnat","ITAr104","Lombardia",0.037,0.035,0.040,0.041,0.039,0.036,0.045,0.036,0.035,0.042,0.050,0.038,0.053,0.029,0.037,0.034,0.032,0.033,0.051,0.043,0.056,0.036,0.042,0.052,0.058,0.036,0.043,0.038,0.044,0.049,0.043,0.040,0.031
"Italy","Europe","ITA","Subnat","ITAr120","Marche",0.025,0.030,0.024,0.023,0.023,0.029,0.033,0.029,0.026,0.035,0.022,0.026,0.034,0.023,0.033,0.036,0.024,0.023,0.029,0.033,0.037,0.024,0.030,0.037,0.035,0.031,0.033,0.028,0.034,0.030,0.026,0.027,0.024
"Italy","Europe","ITA","Subnat","ITAr106","Molise",0.024,0.027,0.022,0.024,0.022,0.028,0.033,0.025,0.025,0.027,0.023,0.020,0.029,0.030,0.034,0.034,0.026,0.024,0.031,0.038,0.034,0.023,0.028,0.031,0.034,0.032,0.030,0.028,0.040,0.031,0.027,0.028,0.026
"Italy","Europe","ITA","Subnat","ITAr101","Piemonte",0.040,0.039,0.049,0.051,0.054,0.044,0.055,0.036,0.036,0.049,0.056,0.041,0.060,0.033,0.041,0.035,0.037,0.035,0.056,0.048,0.057,0.044,0.047,0.055,0.062,0.044,0.050,0.035,0.059,0.054,0.040,0.040,0.031
"Italy","Europe","ITA","Subnat","ITAr114","Provincia Autonoma di Trento",0.042,0.041,0.043,0.042,0.038,0.037,0.044,0.041,0.042,0.048,0.052,0.042,0.051,0.035,0.040,0.037,0.034,0.039,0.051,0.044,0.052,0.039,0.047,0.051,0.053,0.037,0.046,0.044,0.044,0.055,0.050,0.043,0.039
"Italy","Europe","ITA","Subnat","ITAr108","Puglia",0.015,0.017,0.016,0.019,0.018,0.020,0.024,0.019,0.020,0.017,0.015,0.014,0.024,0.022,0.024,0.024,0.023,0.021,0.020,0.028,0.025,0.018,0.022,0.021,0.022,0.022,0.023,0.018,0.027,0.022,0.018,0.019,0.020
"Italy","Europe","ITA","Subnat","ITAr112","Sardegna",0.018,0.020,0.020,0.016,0.014,0.015,0.026,0.017,0.016,0.016,0.016,0.013,0.018,0.020,0.023,0.018,0.019,0.019,0.022,0.022,0.026,0.020,0.019,0.025,0.016,0.020,0.018,0.012,0.031,0.021,0.017,0.024,0.016
"Italy","Europe","ITA","Subnat","ITAr111","Sicilia",0.016,0.019,0.020,0.018,0.016,0.018,0.029,0.021,0.017,0.014,0.016,0.013,0.017,0.027,0.022,0.024,0.020,0.022,0.017,0.026,0.027,0.023,0.020,0.021,0.020,0.026,0.019,0.017,0.028,0.024,0.018,0.024,0.015
"Italy","Europe","ITA","Subnat","ITAr118","Toscana",0.029,0.031,0.033,0.027,0.025,0.031,0.037,0.030,0.029,0.034,0.035,0.030,0.035,0.025,0.034,0.032,0.024,0.024,0.036,0.035,0.046,0.023,0.032,0.040,0.044,0.028,0.036,0.025,0.037,0.039,0.031,0.031,0.030
"Italy","Europe","ITA","Subnat","ITAr119","Umbria",0.027,0.031,0.031,0.024,0.022,0.030,0.035,0.029,0.030,0.034,0.029,0.026,0.033,0.024,0.035,0.034,0.022,0.023,0.034,0.032,0.043,0.024,0.029,0.037,0.037,0.027,0.036,0.027,0.036,0.033,0.032,0.029,0.028
"Italy","Europe","ITA","Subnat","ITAr102","Valle dAosta",0.045,0.041,0.051,0.054,0.053,0.051,0.050,0.038,0.039,0.057,0.055,0.044,0.055,0.036,0.043,0.036,0.043,0.044,0.052,0.046,0.048,0.043,0.046,0.049,0.049,0.039,0.050,0.039,0.059,0.054,0.042,0.047,0.035
"Italy","Europe","ITA","Subnat","ITAr115","Veneto",0.039,0.037,0.040,0.035,0.036,0.039,0.046,0.036,0.038,0.040,0.044,0.036,0.054,0.032,0.045,0.039,0.032,0.036,0.051,0.045,0.058,0.036,0.042,0.051,0.061,0.034,0.046,0.042,0.043,0.053,0.046,0.041,0.033
"Jamaica","America","JAM","National","JAMt","Total",0.039,0.028,0.029,0.040,0.033,0.035,0.037,0.028,0.035,0.040,0.030,0.033,0.040,0.037,0.037,0.051,0.035,0.048,0.038,0.033,0.048,0.042,0.036,0.032,0.030,0.026,0.036,0.045,0.033,0.032,0.038,0.031,0.034
"Jamaica","America","JAM","Subnat","JAMr101","Kingston, St Andrew",0.033,0.023,0.023,0.034,0.026,0.029,0.033,0.022,0.032,0.034,0.024,0.026,0.040,0.032,0.032,0.053,0.027,0.046,0.036,0.025,0.047,0.042,0.034,0.028,0.024,0.021,0.033,0.045,0.029,0.025,0.037,0.025,0.026
"Jamaica","America","JAM","Subnat","JAMr106","Manchester, Clarendon",0.036,0.024,0.025,0.034,0.028,0.030,0.032,0.024,0.031,0.035,0.026,0.028,0.038,0.030,0.036,0.046,0.030,0.040,0.035,0.027,0.042,0.036,0.031,0.025,0.022,0.019,0.028,0.036,0.027,0.027,0.034,0.025,0.029
"Jamaica","America","JAM","Subnat","JAMr103","St Ann, St Catherine",0.040,0.027,0.030,0.042,0.033,0.035,0.038,0.029,0.034,0.043,0.029,0.033,0.038,0.038,0.036,0.052,0.037,0.048,0.039,0.036,0.049,0.043,0.036,0.031,0.030,0.024,0.035,0.046,0.033,0.032,0.037,0.029,0.034
"Jamaica","America","JAM","Subnat","JAMr105","St James, Hanover, Westmoreland",0.039,0.035,0.034,0.045,0.041,0.040,0.039,0.031,0.036,0.043,0.036,0.037,0.041,0.041,0.037,0.047,0.038,0.051,0.040,0.040,0.051,0.043,0.035,0.037,0.038,0.035,0.037,0.046,0.040,0.039,0.040,0.039,0.042
"Jamaica","America","JAM","Subnat","JAMr102","St Thomas, Portland, St Mary",0.045,0.032,0.033,0.047,0.034,0.040,0.045,0.032,0.044,0.045,0.033,0.039,0.047,0.044,0.042,0.060,0.041,0.056,0.044,0.039,0.055,0.051,0.045,0.038,0.035,0.032,0.049,0.058,0.040,0.035,0.046,0.036,0.035
"Jamaica","America","JAM","Subnat","JAMr104","Trelawny, St Elizabeth",0.040,0.029,0.030,0.040,0.034,0.035,0.036,0.028,0.032,0.040,0.032,0.034,0.036,0.036,0.038,0.046,0.034,0.046,0.037,0.034,0.046,0.038,0.034,0.030,0.031,0.027,0.033,0.039,0.033,0.035,0.037,0.033,0.037
"Japan","Asia/Pacific","JPN","National","JPNt","Total",0.064,0.068,0.057,0.073,0.047,0.056,0.055,0.059,0.070,0.061,0.060,0.058,0.056,0.065,0.069,0.051,0.063,0.053,0.055,0.060,0.067,0.066,0.062,0.060,0.062,0.066,0.066,0.061,0.066,0.061,0.068,0.069,0.058
"Japan","Asia/Pacific","JPN","Subnat","JPNr108","Chugoku (Tottori, Shimane, Okayama, Hiroshima, Yamaguchi)",0.062,0.059,0.051,0.070,0.036,0.048,0.049,0.061,0.059,0.054,0.052,0.056,0.044,0.062,0.068,0.042,0.057,0.042,0.048,0.052,0.056,0.060,0.054,0.060,0.058,0.060,0.067,0.055,0.062,0.052,0.064,0.070,0.046
"Japan","Asia/Pacific","JPN","Subnat","JPNr101","Hokkaido",0.042,0.036,0.044,0.037,0.040,0.046,0.042,0.041,0.046,0.041,0.046,0.040,0.040,0.035,0.042,0.039,0.040,0.037,0.033,0.049,0.048,0.045,0.045,0.048,0.040,0.043,0.051,0.040,0.048,0.037,0.038,0.045,0.047
"Japan","Asia/Pacific","JPN","Subnat","JPNr105","Hokuriku (Niigata, Toyama, Ishikawa, Fukui)",0.070,0.084,0.065,0.086,0.057,0.079,0.072,0.079,0.086,0.078,0.075,0.073,0.080,0.073,0.082,0.072,0.075,0.066,0.063,0.072,0.081,0.075,0.071,0.082,0.076,0.070,0.072,0.082,0.078,0.074,0.086,0.085,0.075
"Japan","Asia/Pacific","JPN","Subnat","JPNr107","Kansai region (Shiga, Kyoto, Osaka, Hyogo, Nara, Wakayama)",0.064,0.068,0.054,0.074,0.040,0.053,0.053,0.058,0.066,0.056,0.055,0.054,0.051,0.069,0.066,0.044,0.064,0.047,0.054,0.061,0.062,0.073,0.061,0.061,0.060,0.072,0.066,0.062,0.069,0.058,0.066,0.069,0.053
"Japan","Asia/Pacific","JPN","Subnat","JPNr110","Kyushu (Fukuoka, Saga, Nagasaki, Kumamoto, Oita, Miyazaki, Kagoshima, Okinawa)",0.073,0.075,0.065,0.093,0.049,0.058,0.055,0.065,0.073,0.069,0.064,0.067,0.058,0.068,0.071,0.054,0.069,0.059,0.063,0.055,0.069,0.068,0.078,0.057,0.072,0.081,0.081,0.065,0.070,0.068,0.076,0.069,0.061
"Japan","Asia/Pacific","JPN","Subnat","JPNr103","Northern-Kanto, Koshin (Ibaraki, Tochigi, Gunma)",0.056,0.063,0.050,0.063,0.049,0.051,0.048,0.048,0.070,0.054,0.056,0.051,0.054,0.061,0.061,0.049,0.062,0.054,0.054,0.057,0.066,0.058,0.057,0.051,0.056,0.055,0.055,0.054,0.051,0.058,0.057,0.063,0.051
"Japan","Asia/Pacific","JPN","Subnat","JPNr109","Shikoku (Tokushima, Kagawa, Ehime, Kochi)",0.087,0.073,0.068,0.086,0.051,0.052,0.055,0.060,0.078,0.070,0.065,0.067,0.054,0.080,0.089,0.053,0.074,0.055,0.065,0.060,0.071,0.080,0.077,0.067,0.075,0.084,0.076,0.072,0.080,0.070,0.076,0.074,0.055
"Japan","Asia/Pacific","JPN","Subnat","JPNr104","Southern-Kanto (Saitama, Chiba, Tokyo, Kanagawa, Yamanashi, Nagano)",0.061,0.075,0.059,0.073,0.050,0.056,0.059,0.056,0.076,0.060,0.061,0.059,0.058,0.072,0.068,0.052,0.066,0.057,0.059,0.066,0.073,0.063,0.062,0.056,0.062,0.064,0.066,0.060,0.062,0.067,0.070,0.072,0.061
"Japan","Asia/Pacific","JPN","Subnat","JPNr102","Tohoku (Aomori, Iwate, Miyagi, Akita, Yamagata, Fukushima)",0.051,0.057,0.044,0.055,0.041,0.053,0.047,0.051,0.061,0.054,0.053,0.048,0.057,0.049,0.056,0.049,0.052,0.050,0.044,0.053,0.058,0.052,0.048,0.057,0.055,0.047,0.051,0.055,0.053,0.051,0.057,0.055,0.054
"Japan","Asia/Pacific","JPN","Subnat","JPNr106","Toukai (Gifu, Shizuoka, Aichi, Mie)",0.076,0.088,0.069,0.088,0.057,0.063,0.066,0.071,0.090,0.072,0.072,0.065,0.064,0.085,0.084,0.054,0.075,0.060,0.065,0.077,0.084,0.084,0.071,0.065,0.073,0.082,0.078,0.067,0.083,0.075,0.085,0.089,0.070
"Jersey","Europe","JEY","National","JEYt","Total",0.032,0.028,0.033,0.037,0.040,0.033,0.029,0.030,0.037,0.039,0.043,0.037,0.038,0.028,0.033,0.029,0.032,0.033,0.036,0.035,0.032,0.029,0.040,0.034,0.040,0.033,0.034,0.033,0.030,0.040,0.042,0.034,0.036
"Jordan","Asia/Pacific","JOR","National","JORt","Total",0.004,0.007,0.007,0.004,0.007,0.003,0.004,0.006,0.004,0.002,0.005,0.004,0.007,0.006,0.004,0.004,0.004,0.004,0.004,0.004,0.004,0.004,0.005,0.005,0.004,0.005,0.005,0.003,0.007,0.005,0.006,0.003,0.004
"Jordan","Asia/Pacific","JOR","Subnat","JORr108","Aljoun",0.007,0.010,0.013,0.006,0.011,0.005,0.007,0.009,0.007,0.004,0.008,0.006,0.011,0.011,0.007,0.008,0.007,0.006,0.006,0.007,0.006,0.008,0.009,0.009,0.005,0.007,0.009,0.004,0.012,0.009,0.010,0.005,0.006
"Jordan","Asia/Pacific","JOR","Subnat","JORr101","Amman",0.004,0.005,0.005,0.003,0.005,0.002,0.003,0.004,0.003,0.002,0.003,0.003,0.005,0.005,0.003,0.003,0.003,0.002,0.003,0.002,0.003,0.003,0.004,0.004,0.003,0.004,0.004,0.002,0.005,0.004,0.004,0.002,0.003
"Jordan","Asia/Pacific","JOR","Subnat","JORr112","Aqaba",0.002,0.004,0.003,0.002,0.003,0.001,0.002,0.002,0.001,0.001,0.001,0.001,0.002,0.001,0.001,0.001,0.001,0.001,0.001,0.001,0.002,0.001,0.001,0.002,0.003,0.003,0.002,0.001,0.002,0.002,0.003,0.001,0.002
"Jordan","Asia/Pacific","JOR","Subnat","JORr102","Balqa",0.007,0.011,0.013,0.007,0.011,0.005,0.007,0.009,0.007,0.004,0.009,0.006,0.011,0.010,0.007,0.008,0.007,0.006,0.006,0.006,0.005,0.007,0.009,0.009,0.005,0.007,0.008,0.005,0.010,0.008,0.010,0.005,0.006
"Jordan","Asia/Pacific","JOR","Subnat","JORr105","Irbid",0.008,0.013,0.015,0.008,0.013,0.006,0.009,0.010,0.009,0.005,0.010,0.007,0.013,0.013,0.009,0.009,0.008,0.008,0.007,0.009,0.007,0.010,0.012,0.010,0.007,0.009,0.010,0.005,0.014,0.011,0.012,0.007,0.008
"Jordan","Asia/Pacific","JOR","Subnat","JORr107","Jarash",0.006,0.009,0.011,0.006,0.010,0.004,0.006,0.009,0.007,0.004,0.008,0.005,0.010,0.010,0.007,0.007,0.006,0.005,0.005,0.006,0.005,0.007,0.008,0.008,0.005,0.007,0.008,0.004,0.010,0.008,0.010,0.004,0.006
"Jordan","Asia/Pacific","JOR","Subnat","JORr109","Karak",0.004,0.006,0.005,0.003,0.005,0.002,0.003,0.004,0.003,0.002,0.003,0.003,0.005,0.003,0.003,0.002,0.004,0.002,0.003,0.002,0.003,0.003,0.003,0.004,0.003,0.005,0.005,0.002,0.005,0.004,0.005,0.002,0.003
"Jordan","Asia/Pacific","JOR","Subnat","JORr111","Maan",0.001,0.003,0.001,0.002,0.002,0.001,0.002,0.002,0.001,0.001,0.001,0.001,0.002,0.002,0.001,0.001,0.001,0.001,0.001,0.001,0.002,0.001,0.001,0.002,0.002,0.003,0.002,0.001,0.002,0.002,0.002,0.001,0.001
"Jordan","Asia/Pacific","JOR","Subnat","JORr104","Madaba",0.005,0.009,0.010,0.005,0.008,0.003,0.004,0.007,0.005,0.003,0.006,0.005,0.009,0.006,0.005,0.005,0.005,0.004,0.004,0.004,0.005,0.005,0.006,0.006,0.004,0.006,0.006,0.004,0.007,0.005,0.008,0.004,0.004
"Jordan","Asia/Pacific","JOR","Subnat","JORr106","Mafraq",0.003,0.004,0.003,0.003,0.005,0.003,0.004,0.005,0.003,0.001,0.002,0.003,0.004,0.004,0.003,0.002,0.003,0.003,0.002,0.002,0.003,0.003,0.002,0.003,0.003,0.004,0.003,0.002,0.005,0.004,0.004,0.002,0.003
"Jordan","Asia/Pacific","JOR","Subnat","JORr110","Tafiela",0.003,0.005,0.004,0.003,0.004,0.001,0.002,0.004,0.003,0.002,0.002,0.002,0.004,0.002,0.003,0.002,0.003,0.002,0.002,0.002,0.003,0.002,0.003,0.003,0.003,0.004,0.004,0.002,0.004,0.003,0.005,0.002,0.002
"Jordan","Asia/Pacific","JOR","Subnat","JORr103","Zarqa",0.003,0.004,0.003,0.002,0.004,0.002,0.003,0.003,0.002,0.001,0.002,0.002,0.004,0.004,0.002,0.002,0.002,0.002,0.002,0.002,0.002,0.002,0.002,0.003,0.002,0.003,0.003,0.002,0.004,0.003,0.004,0.002,0.002
"Kazakhstan","Asia/Pacific","KAZ","National","KAZt","Total",0.014,0.010,0.012,0.014,0.013,0.010,0.011,0.011,0.012,0.013,0.012,0.012,0.014,0.013,0.013,0.010,0.012,0.011,0.010,0.012,0.011,0.011,0.010,0.012,0.011,0.013,0.014,0.010,0.012,0.011,0.010,0.010,0.011
"Kazakhstan","Asia/Pacific","KAZ","Subnat","KAZr101","Almaty city",0.015,0.011,0.014,0.017,0.015,0.012,0.015,0.012,0.017,0.017,0.015,0.014,0.018,0.016,0.015,0.013,0.014,0.013,0.012,0.015,0.017,0.013,0.011,0.012,0.013,0.015,0.018,0.013,0.015,0.014,0.011,0.012,0.014
"Kazakhstan","Asia/Pacific","KAZ","Subnat","KAZr104","Central region (Karagandinskaya)",0.011,0.008,0.010,0.011,0.009,0.008,0.009,0.008,0.009,0.011,0.010,0.010,0.011,0.010,0.011,0.008,0.009,0.008,0.008,0.009,0.009,0.009,0.009,0.010,0.009,0.011,0.011,0.009,0.010,0.009,0.008,0.008,0.008
"Kazakhstan","Asia/Pacific","KAZ","Subnat","KAZr106","East region (East-Kazakhstanskaya)",0.019,0.013,0.017,0.018,0.018,0.016,0.016,0.012,0.015,0.016,0.017,0.016,0.018,0.015,0.017,0.014,0.015,0.014,0.011,0.018,0.017,0.012,0.015,0.017,0.016,0.018,0.019,0.013,0.017,0.015,0.014,0.015,0.013
"Kazakhstan","Asia/Pacific","KAZ","Subnat","KAZr105","North region (Akmolinskaya (incl Astana city), Kostnaiskaya, Pavlodarskaya, North-Kazakhstanskaya)",0.016,0.010,0.014,0.016,0.014,0.012,0.013,0.010,0.010,0.014,0.014,0.016,0.014,0.012,0.013,0.012,0.013,0.012,0.011,0.013,0.009,0.013,0.011,0.016,0.013,0.014,0.015,0.011,0.014,0.012,0.013,0.011,0.011
"Kazakhstan","Asia/Pacific","KAZ","Subnat","KAZr102","South region (Almatinskaya, Zhambylskaya, Kyzylordinskaya, South-Kazakhstanskaya)",0.009,0.008,0.009,0.011,0.009,0.006,0.007,0.009,0.011,0.010,0.007,0.008,0.011,0.012,0.009,0.008,0.009,0.008,0.007,0.009,0.008,0.008,0.006,0.008,0.008,0.010,0.011,0.009,0.008,0.009,0.007,0.007,0.009
"Kazakhstan","Asia/Pacific","KAZ","Subnat","KAZr103","West region (Aktyubinskaya, Atyrauskaya, Mangistauskaya, West-Kazakhstanskaya)",0.011,0.008,0.010,0.012,0.010,0.008,0.007,0.012,0.008,0.010,0.011,0.009,0.009,0.011,0.010,0.008,0.009,0.008,0.008,0.009,0.007,0.009,0.006,0.009,0.006,0.009,0.013,0.008,0.006,0.008,0.007,0.007,0.009
"Kenya","Africa","KEN","National","KENt","Total",0.042,0.036,0.033,0.031,0.040,0.035,0.031,0.046,0.040,0.029,0.024,0.034,0.035,0.030,0.033,0.028,0.042,0.032,0.030,0.026,0.036,0.036,0.036,0.036,0.031,0.037,0.029,0.028,0.040,0.042,0.044,0.028,0.025
"Kenya","Africa","KEN","Subnat","KENr102","Central",0.059,0.048,0.043,0.040,0.054,0.046,0.041,0.060,0.058,0.037,0.026,0.050,0.049,0.044,0.046,0.038,0.056,0.043,0.040,0.032,0.047,0.049,0.055,0.053,0.045,0.053,0.044,0.039,0.058,0.062,0.057,0.039,0.028
"Kenya","Africa","KEN","Subnat","KENr103","Coast",0.021,0.016,0.019,0.017,0.021,0.018,0.015,0.029,0.025,0.018,0.016,0.015,0.020,0.013,0.016,0.012,0.025,0.018,0.015,0.015,0.017,0.018,0.014,0.019,0.018,0.018,0.014,0.018,0.022,0.024,0.026,0.012,0.010
"Kenya","Africa","KEN","Subnat","KENr104","Eastern",0.020,0.013,0.013,0.014,0.015,0.015,0.011,0.024,0.020,0.012,0.009,0.014,0.017,0.014,0.015,0.011,0.020,0.013,0.012,0.011,0.014,0.016,0.014,0.017,0.015,0.018,0.013,0.012,0.023,0.019,0.019,0.009,0.007
"Kenya","Africa","KEN","Subnat","KENr101","Nairobi",0.028,0.023,0.020,0.020,0.025,0.023,0.020,0.031,0.030,0.018,0.011,0.023,0.023,0.022,0.018,0.019,0.027,0.017,0.018,0.013,0.022,0.021,0.025,0.027,0.021,0.025,0.019,0.015,0.033,0.037,0.029,0.018,0.011
"Kenya","Africa","KEN","Subnat","KENr108","North Eastern",0.019,0.012,0.014,0.013,0.015,0.014,0.010,0.027,0.017,0.012,0.009,0.011,0.015,0.012,0.013,0.007,0.018,0.012,0.011,0.011,0.011,0.013,0.009,0.014,0.010,0.015,0.009,0.009,0.016,0.016,0.014,0.006,0.006
"Kenya","Africa","KEN","Subnat","KENr105","Nyanza",0.070,0.074,0.062,0.055,0.072,0.064,0.057,0.078,0.058,0.051,0.047,0.058,0.060,0.048,0.056,0.046,0.071,0.059,0.055,0.055,0.066,0.069,0.062,0.057,0.051,0.065,0.046,0.050,0.062,0.069,0.077,0.052,0.055
"Kenya","Africa","KEN","Subnat","KENr106","Rift Valley",0.035,0.032,0.029,0.026,0.036,0.028,0.029,0.040,0.037,0.022,0.021,0.034,0.029,0.030,0.030,0.027,0.038,0.033,0.027,0.019,0.038,0.035,0.039,0.039,0.031,0.033,0.030,0.029,0.038,0.039,0.048,0.023,0.021
"Kenya","Africa","KEN","Subnat","KENr107","Western",0.079,0.074,0.066,0.060,0.078,0.072,0.061,0.075,0.073,0.062,0.054,0.069,0.066,0.058,0.066,0.059,0.078,0.064,0.061,0.055,0.075,0.068,0.067,0.064,0.059,0.068,0.055,0.056,0.070,0.074,0.084,0.061,0.066
"Kiribati","Asia/Pacific","KIR","National","KIRt","Total",0.050,0.051,0.081,0.057,0.037,0.025,0.022,0.087,0.039,0.017,0.022,0.036,0.064,0.049,0.043,0.038,0.041,0.036,0.029,0.048,0.054,0.027,0.040,0.030,0.042,0.089,0.063,0.025,0.023,0.062,0.029,0.025,0.016
"Korea, Rep.","Asia/Pacific","KOR","National","KORt","Total",0.051,0.048,0.038,0.049,0.030,0.034,0.037,0.041,0.054,0.053,0.041,0.036,0.047,0.055,0.041,0.036,0.043,0.045,0.032,0.038,0.042,0.046,0.049,0.036,0.038,0.035,0.043,0.031,0.043,0.041,0.050,0.042,0.036
"Korea, Rep.","Asia/Pacific","KOR","Subnat","KORr101","Capital Region",0.063,0.041,0.041,0.043,0.036,0.038,0.035,0.040,0.057,0.045,0.043,0.030,0.044,0.051,0.044,0.046,0.045,0.052,0.034,0.037,0.043,0.054,0.048,0.040,0.028,0.026,0.033,0.032,0.038,0.029,0.050,0.038,0.046
"Korea, Rep.","Asia/Pacific","KOR","Subnat","KORr105","Chungcheong Region",0.049,0.044,0.037,0.047,0.029,0.031,0.034,0.039,0.053,0.047,0.044,0.031,0.042,0.053,0.041,0.038,0.037,0.050,0.027,0.030,0.036,0.048,0.045,0.035,0.034,0.026,0.032,0.030,0.038,0.032,0.048,0.039,0.035
"Korea, Rep.","Asia/Pacific","KOR","Subnat","KORr106","Gangwon Region",0.060,0.042,0.042,0.046,0.032,0.034,0.034,0.041,0.054,0.045,0.040,0.032,0.046,0.056,0.044,0.041,0.044,0.043,0.033,0.040,0.041,0.054,0.046,0.039,0.032,0.028,0.036,0.032,0.042,0.033,0.049,0.041,0.046
"Korea, Rep.","Asia/Pacific","KOR","Subnat","KORr103","Gyeongbuk Region",0.040,0.044,0.034,0.049,0.021,0.025,0.033,0.035,0.050,0.051,0.038,0.032,0.042,0.055,0.038,0.031,0.037,0.039,0.024,0.032,0.036,0.039,0.041,0.031,0.034,0.029,0.040,0.026,0.040,0.039,0.046,0.041,0.029
"Korea, Rep.","Asia/Pacific","KOR","Subnat","KORr102","Gyeongnam Region",0.044,0.054,0.037,0.054,0.026,0.032,0.041,0.041,0.055,0.064,0.038,0.038,0.050,0.060,0.041,0.030,0.043,0.041,0.028,0.040,0.044,0.042,0.049,0.031,0.041,0.041,0.053,0.028,0.048,0.051,0.053,0.040,0.031
"Korea, Rep.","Asia/Pacific","KOR","Subnat","KORr107","Jeju",0.056,0.059,0.041,0.058,0.040,0.045,0.037,0.049,0.051,0.064,0.044,0.050,0.060,0.052,0.042,0.032,0.053,0.046,0.046,0.047,0.053,0.042,0.066,0.040,0.058,0.057,0.061,0.038,0.052,0.059,0.053,0.053,0.038
"Korea, Rep.","Asia/Pacific","KOR","Subnat","KORr104","Jeolla Region",0.047,0.053,0.037,0.050,0.025,0.036,0.044,0.040,0.055,0.058,0.042,0.039,0.047,0.056,0.039,0.033,0.042,0.049,0.029,0.039,0.043,0.044,0.050,0.037,0.040,0.038,0.046,0.031,0.043,0.044,0.050,0.039,0.028
"Kosovo","Europe","XKO","National","XKOt","Total",0.020,0.025,0.023,0.023,0.023,0.033,0.032,0.025,0.028,0.032,0.020,0.029,0.029,0.026,0.033,0.033,0.028,0.028,0.023,0.034,0.033,0.020,0.025,0.027,0.034,0.027,0.033,0.028,0.034,0.027,0.030,0.034,0.029
"Kosovo","Europe","XKO","Subnat","KSVr107","Ferizaj",0.019,0.025,0.023,0.022,0.023,0.032,0.030,0.024,0.027,0.032,0.017,0.027,0.032,0.025,0.029,0.032,0.028,0.027,0.022,0.033,0.030,0.020,0.024,0.026,0.036,0.027,0.030,0.028,0.035,0.026,0.031,0.031,0.028
"Kosovo","Europe","XKO","Subnat","KSVr101","Gjakova",0.027,0.030,0.028,0.029,0.028,0.041,0.042,0.032,0.035,0.040,0.027,0.036,0.032,0.034,0.045,0.041,0.034,0.033,0.030,0.042,0.045,0.024,0.032,0.034,0.036,0.031,0.043,0.035,0.041,0.033,0.035,0.044,0.037
"Kosovo","Europe","XKO","Subnat","KSVr102","Gjilan",0.018,0.024,0.021,0.020,0.019,0.029,0.028,0.023,0.025,0.027,0.015,0.025,0.029,0.022,0.028,0.029,0.027,0.025,0.020,0.031,0.029,0.016,0.023,0.024,0.033,0.025,0.027,0.025,0.030,0.023,0.030,0.029,0.025
"Kosovo","Europe","XKO","Subnat","KSVr103","Mitrovica",0.017,0.021,0.019,0.019,0.020,0.029,0.027,0.022,0.023,0.026,0.017,0.025,0.024,0.020,0.028,0.028,0.025,0.024,0.020,0.029,0.026,0.017,0.020,0.021,0.030,0.022,0.029,0.023,0.028,0.024,0.025,0.028,0.024
"Kosovo","Europe","XKO","Subnat","KSVr104","Peja",0.025,0.029,0.027,0.027,0.028,0.040,0.040,0.030,0.033,0.038,0.026,0.034,0.032,0.032,0.042,0.040,0.034,0.033,0.029,0.041,0.040,0.025,0.030,0.033,0.039,0.031,0.042,0.034,0.040,0.034,0.034,0.040,0.035
"Kosovo","Europe","XKO","Subnat","KSVr106","Pristina",0.016,0.021,0.019,0.019,0.018,0.027,0.025,0.021,0.022,0.025,0.015,0.023,0.025,0.019,0.025,0.025,0.023,0.022,0.018,0.027,0.025,0.015,0.019,0.020,0.030,0.022,0.026,0.022,0.027,0.021,0.025,0.027,0.023
"Kosovo","Europe","XKO","Subnat","KSVr105","Prizren",0.021,0.024,0.023,0.023,0.023,0.034,0.032,0.025,0.029,0.033,0.021,0.029,0.031,0.028,0.034,0.035,0.028,0.029,0.024,0.035,0.034,0.022,0.027,0.027,0.034,0.028,0.034,0.030,0.037,0.027,0.030,0.036,0.030
"Kuwait","Asia/Pacific","KWT","National","KWTt","Total",0.002,0.005,0.004,0.005,0.003,0.005,0.008,0.009,0.004,0.006,0.005,0.003,0.004,0.004,0.006,0.006,0.003,0.004,0.002,0.004,0.001,0.003,0.004,0.006,0.004,0.004,0.002,0.002,0.009,0.004,0.004,0.002,0.004
"Kuwait","Asia/Pacific","KWT","Subnat","KWTr102","Ahmadi",0.002,0.005,0.004,0.005,0.003,0.006,0.008,0.010,0.005,0.006,0.006,0.003,0.004,0.004,0.006,0.006,0.003,0.004,0.002,0.004,0.001,0.003,0.004,0.006,0.003,0.003,0.002,0.002,0.009,0.005,0.003,0.001,0.004
"Kuwait","Asia/Pacific","KWT","Subnat","KWTr101","Al Asimah, Hawalli, Al-Farwaniyah, Mubarak al-Sabah",0.002,0.005,0.004,0.004,0.003,0.005,0.008,0.009,0.004,0.007,0.004,0.003,0.003,0.004,0.005,0.007,0.003,0.004,0.002,0.004,0.001,0.003,0.004,0.006,0.004,0.003,0.002,0.002,0.009,0.004,0.003,0.002,0.004
"Kuwait","Asia/Pacific","KWT","Subnat","KWTr103","Al-Jahra",0.002,0.005,0.004,0.005,0.004,0.005,0.008,0.008,0.004,0.006,0.004,0.004,0.004,0.003,0.006,0.005,0.003,0.004,0.002,0.004,0.001,0.003,0.005,0.005,0.004,0.004,0.002,0.002,0.009,0.005,0.005,0.002,0.004
"Kyrgyz Republic","Asia/Pacific","KGZ","National","KGZt","Total",0.032,0.031,0.034,0.038,0.034,0.031,0.033,0.028,0.039,0.038,0.034,0.034,0.037,0.037,0.032,0.031,0.031,0.031,0.030,0.034,0.036,0.034,0.027,0.030,0.029,0.033,0.039,0.031,0.033,0.031,0.031,0.029,0.034
"Kyrgyz Republic","Asia/Pacific","KGZ","Subnat","KGZr108","Batken",0.037,0.041,0.041,0.045,0.039,0.037,0.039,0.030,0.047,0.047,0.039,0.039,0.042,0.043,0.040,0.036,0.035,0.037,0.036,0.042,0.044,0.041,0.032,0.037,0.036,0.038,0.042,0.037,0.038,0.036,0.039,0.033,0.039
"Kyrgyz Republic","Asia/Pacific","KGZ","Subnat","KGZr101","Bishkek",0.035,0.029,0.040,0.040,0.041,0.034,0.033,0.033,0.042,0.041,0.034,0.036,0.048,0.042,0.034,0.033,0.032,0.035,0.028,0.038,0.036,0.031,0.025,0.029,0.029,0.034,0.044,0.032,0.032,0.035,0.032,0.031,0.040
"Kyrgyz Republic","Asia/Pacific","KGZ","Subnat","KGZr103","Chuy",0.037,0.033,0.039,0.042,0.039,0.036,0.036,0.032,0.041,0.041,0.039,0.038,0.043,0.041,0.035,0.036,0.035,0.036,0.034,0.037,0.038,0.038,0.029,0.034,0.033,0.036,0.044,0.033,0.037,0.034,0.035,0.033,0.039
"Kyrgyz Republic","Asia/Pacific","KGZ","Subnat","KGZr102","Issyk-Kul",0.028,0.027,0.030,0.033,0.030,0.029,0.029,0.025,0.032,0.031,0.033,0.031,0.028,0.029,0.029,0.029,0.029,0.030,0.029,0.030,0.031,0.028,0.026,0.026,0.026,0.029,0.033,0.027,0.029,0.028,0.031,0.027,0.029
"Kyrgyz Republic","Asia/Pacific","KGZ","Subnat","KGZr105","Jalal-Abad",0.036,0.034,0.036,0.045,0.035,0.031,0.039,0.029,0.045,0.042,0.036,0.034,0.040,0.041,0.036,0.035,0.034,0.033,0.031,0.037,0.042,0.038,0.031,0.033,0.033,0.037,0.042,0.035,0.037,0.033,0.032,0.031,0.036
"Kyrgyz Republic","Asia/Pacific","KGZ","Subnat","KGZr107","Naryn",0.019,0.020,0.021,0.024,0.020,0.022,0.022,0.018,0.025,0.024,0.025,0.023,0.021,0.023,0.022,0.021,0.020,0.020,0.020,0.022,0.026,0.022,0.021,0.019,0.019,0.022,0.027,0.020,0.022,0.020,0.021,0.019,0.021
"Kyrgyz Republic","Asia/Pacific","KGZ","Subnat","KGZr106","Osh",0.027,0.028,0.030,0.035,0.029,0.027,0.031,0.023,0.035,0.034,0.031,0.031,0.030,0.035,0.030,0.027,0.027,0.026,0.027,0.029,0.036,0.030,0.026,0.026,0.028,0.029,0.033,0.029,0.030,0.025,0.026,0.025,0.028
"Kyrgyz Republic","Asia/Pacific","KGZ","Subnat","KGZr104","Talas",0.036,0.034,0.039,0.043,0.038,0.033,0.035,0.031,0.042,0.041,0.036,0.035,0.042,0.042,0.034,0.034,0.035,0.034,0.034,0.036,0.037,0.040,0.026,0.033,0.031,0.036,0.044,0.035,0.037,0.036,0.035,0.032,0.040
"Lao PDR","Asia/Pacific","LAO","National","LAOt","Total",0.071,0.064,0.062,0.059,0.076,0.067,0.069,0.067,0.053,0.064,0.068,0.067,0.073,0.058,0.062,0.065,0.064,0.064,0.069,0.063,0.063,0.071,0.062,0.069,0.061,0.062,0.063,0.070,0.075,0.052,0.058,0.062,0.069
"Lao PDR","Asia/Pacific","LAO","Subnat","LAOr117","Attapeu",0.075,0.075,0.062,0.064,0.070,0.060,0.077,0.076,0.058,0.075,0.071,0.070,0.075,0.063,0.060,0.068,0.079,0.076,0.065,0.086,0.062,0.083,0.072,0.084,0.070,0.068,0.075,0.073,0.080,0.068,0.070,0.078,0.084
"Lao PDR","Asia/Pacific","LAO","Subnat","LAOr105","Bokeo",0.078,0.066,0.057,0.062,0.087,0.080,0.074,0.070,0.059,0.071,0.074,0.070,0.078,0.058,0.074,0.069,0.068,0.067,0.081,0.063,0.065,0.069,0.069,0.068,0.059,0.069,0.063,0.071,0.081,0.041,0.052,0.056,0.065
"Lao PDR","Asia/Pacific","LAO","Subnat","LAOr111","Borikhamxay",0.076,0.070,0.070,0.069,0.087,0.077,0.082,0.076,0.053,0.065,0.075,0.078,0.088,0.068,0.067,0.081,0.066,0.064,0.078,0.062,0.077,0.084,0.069,0.079,0.068,0.066,0.072,0.079,0.083,0.062,0.065,0.067,0.067
"Lao PDR","Asia/Pacific","LAO","Subnat","LAOr116","Champasack",0.079,0.072,0.069,0.070,0.072,0.065,0.077,0.077,0.057,0.076,0.077,0.072,0.078,0.067,0.066,0.066,0.079,0.079,0.070,0.081,0.065,0.080,0.069,0.081,0.073,0.066,0.078,0.073,0.078,0.071,0.069,0.070,0.094
"Lao PDR","Asia/Pacific","LAO","Subnat","LAOr107","Huaphanh",0.055,0.050,0.054,0.050,0.065,0.051,0.059,0.056,0.041,0.045,0.050,0.052,0.056,0.045,0.050,0.055,0.045,0.047,0.061,0.047,0.052,0.052,0.050,0.055,0.050,0.049,0.050,0.054,0.064,0.043,0.047,0.047,0.051
"Lao PDR","Asia/Pacific","LAO","Subnat","LAOr112","Khammuane",0.076,0.065,0.066,0.062,0.072,0.069,0.070,0.066,0.047,0.061,0.071,0.071,0.083,0.059,0.058,0.070,0.058,0.068,0.066,0.065,0.071,0.072,0.058,0.069,0.060,0.056,0.065,0.076,0.078,0.058,0.056,0.058,0.064
"Lao PDR","Asia/Pacific","LAO","Subnat","LAOr103","Luangnamtha",0.069,0.064,0.054,0.054,0.081,0.068,0.061,0.061,0.050,0.055,0.063,0.061,0.063,0.051,0.061,0.057,0.055,0.056,0.069,0.056,0.054,0.058,0.057,0.060,0.056,0.059,0.054,0.060,0.073,0.037,0.047,0.054,0.060
"Lao PDR","Asia/Pacific","LAO","Subnat","LAOr106","Luangprabang",0.061,0.057,0.053,0.053,0.077,0.059,0.061,0.054,0.043,0.050,0.055,0.058,0.065,0.047,0.055,0.054,0.049,0.048,0.062,0.048,0.047,0.059,0.053,0.054,0.053,0.058,0.050,0.058,0.066,0.034,0.045,0.048,0.053
"Lao PDR","Asia/Pacific","LAO","Subnat","LAOr104","Oudomxay",0.066,0.059,0.054,0.054,0.079,0.061,0.063,0.056,0.045,0.055,0.058,0.060,0.068,0.047,0.058,0.056,0.052,0.052,0.066,0.050,0.049,0.059,0.055,0.057,0.054,0.059,0.052,0.060,0.068,0.033,0.046,0.051,0.057
"Lao PDR","Asia/Pacific","LAO","Subnat","LAOr102","Phongsaly",0.081,0.077,0.065,0.075,0.093,0.074,0.074,0.075,0.066,0.065,0.071,0.070,0.076,0.056,0.069,0.066,0.065,0.066,0.085,0.063,0.064,0.059,0.067,0.068,0.063,0.069,0.058,0.075,0.079,0.045,0.063,0.067,0.065
"Lao PDR","Asia/Pacific","LAO","Subnat","LAOr114","Saravane",0.069,0.059,0.060,0.052,0.057,0.055,0.069,0.062,0.051,0.067,0.071,0.061,0.064,0.059,0.054,0.056,0.070,0.071,0.058,0.074,0.057,0.071,0.058,0.072,0.056,0.059,0.065,0.071,0.070,0.066,0.065,0.070,0.081
"Lao PDR","Asia/Pacific","LAO","Subnat","LAOr113","Savannakhet",0.069,0.056,0.059,0.048,0.055,0.055,0.059,0.059,0.050,0.057,0.066,0.061,0.066,0.054,0.053,0.057,0.058,0.066,0.058,0.063,0.058,0.063,0.050,0.062,0.052,0.048,0.055,0.067,0.068,0.058,0.054,0.057,0.066
"Lao PDR","Asia/Pacific","LAO","Subnat","LAOr108","Sayabury",0.068,0.060,0.063,0.055,0.081,0.073,0.066,0.064,0.051,0.067,0.067,0.069,0.075,0.055,0.065,0.064,0.065,0.060,0.068,0.055,0.063,0.074,0.061,0.064,0.061,0.063,0.060,0.068,0.071,0.047,0.053,0.060,0.066
"Lao PDR","Asia/Pacific","LAO","Subnat","LAOr115","Sekong",0.072,0.063,0.066,0.056,0.061,0.064,0.075,0.069,0.063,0.078,0.076,0.064,0.065,0.068,0.056,0.062,0.082,0.080,0.068,0.081,0.068,0.082,0.067,0.087,0.062,0.069,0.071,0.081,0.071,0.066,0.080,0.081,0.095
"Lao PDR","Asia/Pacific","LAO","Subnat","LAOr101","Vientiane Municipality",0.077,0.068,0.074,0.067,0.095,0.088,0.074,0.077,0.060,0.078,0.077,0.078,0.086,0.066,0.068,0.077,0.073,0.067,0.079,0.065,0.079,0.087,0.070,0.074,0.072,0.071,0.070,0.077,0.082,0.057,0.062,0.066,0.074
"Lao PDR","Asia/Pacific","LAO","Subnat","LAOr110","Vientiane Province",0.080,0.072,0.074,0.069,0.093,0.088,0.077,0.084,0.059,0.075,0.081,0.082,0.087,0.070,0.073,0.089,0.073,0.068,0.083,0.068,0.081,0.093,0.078,0.076,0.077,0.074,0.079,0.081,0.087,0.059,0.064,0.069,0.076
"Lao PDR","Asia/Pacific","LAO","Subnat","LAOr109","Xiengkhuang",0.056,0.054,0.051,0.052,0.066,0.056,0.058,0.058,0.041,0.051,0.056,0.059,0.063,0.053,0.060,0.064,0.051,0.048,0.062,0.048,0.055,0.068,0.055,0.057,0.054,0.057,0.056,0.061,0.068,0.044,0.048,0.055,0.054
"Latvia","Europe","LVA","National","LVAt","Total",0.031,0.025,0.022,0.026,0.025,0.024,0.020,0.026,0.030,0.023,0.023,0.027,0.023,0.023,0.025,0.022,0.020,0.026,0.027,0.027,0.028,0.023,0.030,0.022,0.025,0.022,0.027,0.029,0.018,0.025,0.024,0.026,0.025
"Latvia","Europe","LVA","Subnat","LVAr104","Kurzeme region",0.029,0.024,0.022,0.026,0.024,0.024,0.020,0.023,0.028,0.024,0.023,0.027,0.023,0.020,0.024,0.021,0.020,0.029,0.027,0.025,0.027,0.024,0.029,0.022,0.023,0.022,0.024,0.028,0.018,0.024,0.023,0.024,0.023
"Latvia","Europe","LVA","Subnat","LVAr106","Latgale region",0.032,0.024,0.022,0.024,0.027,0.023,0.020,0.028,0.030,0.022,0.024,0.026,0.020,0.025,0.025,0.023,0.021,0.025,0.026,0.028,0.028,0.022,0.029,0.022,0.024,0.022,0.027,0.031,0.019,0.026,0.023,0.026,0.025
"Latvia","Europe","LVA","Subnat","LVAr101","Riga region",0.031,0.026,0.023,0.027,0.025,0.025,0.020,0.026,0.030,0.024,0.024,0.028,0.025,0.022,0.025,0.022,0.020,0.027,0.028,0.027,0.029,0.024,0.031,0.023,0.026,0.023,0.028,0.029,0.018,0.025,0.026,0.025,0.025
"Latvia","Europe","LVA","Subnat","LVAr103","Vidzeme region",0.032,0.026,0.023,0.027,0.026,0.025,0.021,0.028,0.030,0.024,0.023,0.027,0.022,0.025,0.026,0.022,0.020,0.026,0.029,0.029,0.028,0.023,0.032,0.022,0.027,0.024,0.028,0.029,0.019,0.026,0.025,0.026,0.025
"Latvia","Europe","LVA","Subnat","LVAr105","Zemgale region",0.030,0.026,0.022,0.026,0.025,0.024,0.019,0.025,0.030,0.023,0.022,0.027,0.024,0.022,0.025,0.022,0.019,0.025,0.025,0.025,0.029,0.023,0.029,0.021,0.026,0.022,0.028,0.029,0.018,0.024,0.024,0.026,0.025
"Lebanon","Asia/Pacific","LBN","National","LBNt","Total",0.014,0.023,0.026,0.017,0.028,0.015,0.020,0.021,0.019,0.013,0.020,0.017,0.024,0.030,0.022,0.021,0.019,0.020,0.015,0.024,0.014,0.023,0.029,0.020,0.015,0.020,0.020,0.015,0.022,0.026,0.022,0.020,0.018
"Lebanon","Asia/Pacific","LBN","Subnat","LBNr101","Beirut",0.015,0.026,0.029,0.019,0.032,0.019,0.021,0.021,0.023,0.015,0.024,0.020,0.028,0.037,0.025,0.026,0.021,0.024,0.018,0.030,0.016,0.026,0.034,0.024,0.017,0.023,0.026,0.016,0.023,0.029,0.024,0.024,0.020
"Lebanon","Asia/Pacific","LBN","Subnat","LBNr104","Beqaa",0.014,0.020,0.025,0.016,0.025,0.012,0.017,0.018,0.017,0.010,0.017,0.014,0.022,0.027,0.020,0.018,0.016,0.017,0.013,0.019,0.013,0.020,0.026,0.018,0.012,0.018,0.017,0.013,0.021,0.023,0.020,0.017,0.015
"Lebanon","Asia/Pacific","LBN","Subnat","LBNr102","Mount Lebanon",0.015,0.023,0.028,0.018,0.029,0.016,0.020,0.021,0.020,0.013,0.021,0.018,0.026,0.033,0.023,0.023,0.019,0.021,0.016,0.024,0.015,0.023,0.030,0.022,0.015,0.021,0.022,0.016,0.023,0.026,0.023,0.021,0.018
"Lebanon","Asia/Pacific","LBN","Subnat","LBNr103","Northern",0.011,0.016,0.019,0.014,0.022,0.011,0.016,0.018,0.015,0.009,0.016,0.015,0.019,0.022,0.018,0.016,0.014,0.015,0.011,0.014,0.011,0.016,0.021,0.014,0.013,0.016,0.014,0.012,0.018,0.018,0.019,0.014,0.014
"Lebanon","Asia/Pacific","LBN","Subnat","LBNr105","Southern, Nabtieh",0.017,0.031,0.032,0.018,0.033,0.019,0.024,0.025,0.022,0.015,0.022,0.019,0.028,0.032,0.022,0.023,0.022,0.024,0.016,0.030,0.017,0.028,0.033,0.024,0.016,0.022,0.023,0.016,0.027,0.033,0.027,0.022,0.020
"Lesotho","Africa","LSO","National","LSOt","Total",0.033,0.042,0.025,0.039,0.032,0.036,0.044,0.039,0.037,0.033,0.042,0.041,0.037,0.031,0.037,0.035,0.043,0.030,0.031,0.033,0.036,0.035,0.033,0.029,0.033,0.025,0.034,0.031,0.029,0.026,0.039,0.041,0.043
"Lesotho","Africa","LSO","Subnat","LSOr103","Berea",0.034,0.043,0.023,0.040,0.032,0.039,0.048,0.039,0.039,0.028,0.042,0.044,0.040,0.030,0.034,0.035,0.042,0.030,0.028,0.034,0.036,0.036,0.030,0.025,0.029,0.022,0.034,0.028,0.028,0.025,0.041,0.045,0.043
"Lesotho","Africa","LSO","Subnat","LSOr101","Butha-Buthe",0.034,0.041,0.028,0.043,0.037,0.040,0.053,0.050,0.035,0.039,0.043,0.041,0.037,0.032,0.039,0.040,0.048,0.034,0.032,0.035,0.036,0.037,0.039,0.032,0.036,0.026,0.039,0.033,0.029,0.029,0.038,0.045,0.043
"Lesotho","Africa","LSO","Subnat","LSOr102","Leribe",0.033,0.041,0.024,0.039,0.032,0.037,0.048,0.040,0.036,0.030,0.041,0.041,0.037,0.030,0.033,0.036,0.041,0.030,0.029,0.033,0.035,0.034,0.032,0.026,0.030,0.023,0.035,0.030,0.028,0.025,0.038,0.043,0.042
"Lesotho","Africa","LSO","Subnat","LSOr105","Mafeteng",0.031,0.043,0.020,0.038,0.028,0.033,0.042,0.034,0.038,0.029,0.038,0.041,0.038,0.027,0.034,0.031,0.040,0.027,0.027,0.031,0.035,0.035,0.028,0.023,0.030,0.020,0.027,0.026,0.028,0.022,0.039,0.038,0.040
"Lesotho","Africa","LSO","Subnat","LSOr104","Maseru",0.033,0.044,0.023,0.042,0.030,0.037,0.045,0.038,0.039,0.029,0.041,0.043,0.041,0.030,0.036,0.034,0.043,0.030,0.029,0.034,0.036,0.037,0.030,0.025,0.031,0.023,0.032,0.028,0.029,0.024,0.042,0.042,0.043
"Lesotho","Africa","LSO","Subnat","LSOr106","Mohale s Hoek",0.032,0.043,0.022,0.038,0.030,0.035,0.041,0.034,0.041,0.030,0.041,0.042,0.039,0.030,0.036,0.031,0.042,0.028,0.030,0.032,0.036,0.036,0.031,0.026,0.034,0.022,0.030,0.028,0.028,0.025,0.040,0.038,0.042
"Lesotho","Africa","LSO","Subnat","LSOr109","Mokhotlong",0.039,0.048,0.032,0.043,0.039,0.041,0.051,0.051,0.039,0.043,0.047,0.044,0.040,0.039,0.046,0.045,0.054,0.037,0.039,0.042,0.043,0.040,0.046,0.041,0.045,0.035,0.042,0.041,0.036,0.035,0.044,0.046,0.053
"Lesotho","Africa","LSO","Subnat","LSOr108","Qasha s Nek",0.030,0.040,0.025,0.034,0.030,0.033,0.034,0.035,0.032,0.033,0.041,0.034,0.032,0.030,0.036,0.033,0.040,0.027,0.030,0.028,0.032,0.031,0.034,0.029,0.032,0.024,0.031,0.033,0.028,0.025,0.034,0.035,0.042
"Lesotho","Africa","LSO","Subnat","LSOr107","Quthing",0.032,0.043,0.025,0.037,0.029,0.034,0.040,0.035,0.040,0.034,0.043,0.041,0.037,0.031,0.037,0.032,0.044,0.029,0.034,0.032,0.035,0.037,0.035,0.029,0.035,0.025,0.034,0.031,0.029,0.026,0.038,0.039,0.043
"Lesotho","Africa","LSO","Subnat","LSOr110","Thaba-Tseka",0.031,0.038,0.024,0.037,0.030,0.034,0.038,0.037,0.031,0.032,0.040,0.035,0.035,0.030,0.034,0.033,0.039,0.029,0.032,0.029,0.032,0.032,0.032,0.030,0.033,0.025,0.033,0.031,0.028,0.025,0.036,0.037,0.042
"Liberia","Africa","LBR","National","LBRt","Total",0.078,0.078,0.075,0.082,0.075,0.086,0.086,0.075,0.083,0.076,0.073,0.080,0.085,0.087,0.085,0.086,0.082,0.085,0.085,0.069,0.090,0.076,0.078,0.075,0.084,0.075,0.080,0.093,0.093,0.097,0.078,0.091,0.084
"Liberia","Africa","LBR","Subnat","LBRr101","Bomi",0.098,0.103,0.094,0.101,0.097,0.109,0.113,0.092,0.111,0.089,0.098,0.117,0.112,0.115,0.117,0.115,0.106,0.113,0.108,0.082,0.114,0.098,0.097,0.099,0.112,0.102,0.101,0.130,0.123,0.122,0.095,0.115,0.113
"Liberia","Africa","LBR","Subnat","LBRr102","Bong",0.062,0.063,0.058,0.068,0.060,0.070,0.069,0.061,0.066,0.061,0.062,0.061,0.070,0.070,0.072,0.072,0.068,0.069,0.068,0.057,0.064,0.056,0.059,0.064,0.063,0.061,0.062,0.075,0.079,0.081,0.062,0.069,0.068
"Liberia","Africa","LBR","Subnat","LBRr103","Gbarpolu",0.074,0.074,0.071,0.079,0.073,0.080,0.083,0.072,0.078,0.071,0.072,0.076,0.081,0.079,0.081,0.087,0.080,0.079,0.082,0.066,0.079,0.068,0.072,0.071,0.072,0.071,0.072,0.080,0.086,0.088,0.072,0.081,0.081
"Liberia","Africa","LBR","Subnat","LBRr104","Grand Bassa",0.080,0.087,0.079,0.088,0.081,0.096,0.095,0.081,0.087,0.080,0.081,0.084,0.097,0.101,0.094,0.095,0.092,0.094,0.093,0.068,0.090,0.084,0.080,0.086,0.089,0.082,0.090,0.106,0.102,0.118,0.080,0.098,0.087
"Liberia","Africa","LBR","Subnat","LBRr105","Grand Cape Mount",0.099,0.097,0.096,0.100,0.096,0.107,0.110,0.092,0.101,0.085,0.101,0.108,0.114,0.109,0.111,0.116,0.103,0.111,0.107,0.084,0.116,0.097,0.102,0.093,0.108,0.096,0.100,0.116,0.113,0.119,0.095,0.108,0.108
"Liberia","Africa","LBR","Subnat","LBRr106","Grand Gedeh",0.062,0.058,0.056,0.061,0.056,0.064,0.061,0.056,0.063,0.056,0.049,0.052,0.061,0.060,0.059,0.063,0.052,0.059,0.062,0.053,0.068,0.055,0.059,0.055,0.062,0.052,0.053,0.065,0.062,0.066,0.055,0.067,0.060
"Liberia","Africa","LBR","Subnat","LBRr107","Grand Kru",0.077,0.073,0.073,0.080,0.072,0.085,0.080,0.076,0.080,0.087,0.066,0.078,0.076,0.083,0.078,0.076,0.086,0.087,0.085,0.077,0.107,0.081,0.080,0.074,0.096,0.077,0.088,0.091,0.102,0.097,0.087,0.099,0.092
"Liberia","Africa","LBR","Subnat","LBRr108","Lofa",0.069,0.063,0.069,0.076,0.070,0.074,0.078,0.071,0.072,0.070,0.072,0.067,0.080,0.072,0.074,0.079,0.070,0.071,0.073,0.066,0.070,0.060,0.068,0.063,0.064,0.058,0.065,0.071,0.075,0.080,0.065,0.071,0.065
"Liberia","Africa","LBR","Subnat","LBRr109","Margibi",0.084,0.091,0.082,0.095,0.087,0.103,0.104,0.083,0.095,0.081,0.087,0.092,0.102,0.104,0.098,0.101,0.096,0.101,0.098,0.070,0.095,0.089,0.086,0.089,0.092,0.091,0.095,0.117,0.116,0.120,0.085,0.102,0.092
"Liberia","Africa","LBR","Subnat","LBRr110","Maryland",0.076,0.070,0.069,0.074,0.068,0.077,0.076,0.073,0.074,0.081,0.061,0.073,0.073,0.075,0.073,0.065,0.077,0.078,0.075,0.074,0.103,0.072,0.072,0.066,0.090,0.069,0.082,0.082,0.088,0.088,0.089,0.090,0.080
"Liberia","Africa","LBR","Subnat","LBRr111","Montserrado",0.090,0.097,0.087,0.098,0.092,0.107,0.110,0.087,0.107,0.086,0.091,0.105,0.104,0.111,0.105,0.108,0.100,0.107,0.104,0.073,0.104,0.097,0.093,0.092,0.100,0.098,0.102,0.127,0.124,0.121,0.091,0.110,0.101
"Liberia","Africa","LBR","Subnat","LBRr112","Nimba",0.063,0.058,0.056,0.059,0.055,0.063,0.064,0.056,0.062,0.056,0.054,0.056,0.064,0.067,0.063,0.064,0.055,0.059,0.065,0.051,0.062,0.053,0.056,0.055,0.058,0.054,0.054,0.062,0.068,0.069,0.054,0.067,0.065
"Liberia","Africa","LBR","Subnat","LBRr113","River Cess",0.081,0.088,0.082,0.088,0.079,0.094,0.087,0.083,0.088,0.084,0.076,0.081,0.088,0.099,0.093,0.093,0.092,0.092,0.093,0.075,0.093,0.083,0.083,0.080,0.088,0.080,0.087,0.100,0.095,0.108,0.082,0.100,0.092
"Liberia","Africa","LBR","Subnat","LBRr114","River Gee",0.076,0.073,0.070,0.077,0.071,0.075,0.078,0.071,0.075,0.074,0.060,0.068,0.071,0.070,0.073,0.069,0.072,0.073,0.074,0.071,0.092,0.070,0.073,0.064,0.080,0.066,0.071,0.080,0.081,0.082,0.078,0.087,0.070
"Liberia","Africa","LBR","Subnat","LBRr115","Sinoe",0.076,0.080,0.076,0.080,0.074,0.086,0.081,0.075,0.083,0.086,0.065,0.075,0.078,0.087,0.081,0.084,0.085,0.087,0.090,0.074,0.095,0.077,0.082,0.074,0.084,0.075,0.076,0.100,0.090,0.101,0.079,0.095,0.089
"Libya","Africa","LBY","National","LBYt","Total",0.001,0.002,0.001,0.001,0.001,0.001,0.001,0.001,0.001,0.001,0.001,0.001,0.001,0.001,0.001,0.001,0.001,0.001,0.001,0.001,0.001,0.001,0.001,0.001,0.001,0.001,0.001,0.001,0.001,0.001,0.001,0.000,0.001
"Libya","Africa","LBY","Subnat","LBYr101","Cyrenaica",0.001,0.001,0.001,0.001,0.001,0.001,0.001,0.000,0.000,0.001,0.001,0.000,0.000,0.000,0.000,0.001,0.000,0.001,0.000,0.000,0.000,0.001,0.001,0.000,0.001,0.001,0.000,0.001,0.001,0.001,0.001,0.000,0.001
"Libya","Africa","LBY","Subnat","LBYr103","Fezzan",0.000,0.001,0.001,0.001,0.000,0.001,0.000,0.000,0.000,0.000,0.000,0.000,0.000,0.000,0.000,0.001,0.000,0.000,0.001,0.000,0.000,0.001,0.000,0.001,0.000,0.001,0.000,0.000,0.001,0.000,0.000,0.000,0.000
"Libya","Africa","LBY","Subnat","LBYr102","Tripolitania",0.003,0.003,0.002,0.002,0.003,0.002,0.002,0.002,0.002,0.002,0.002,0.001,0.002,0.002,0.002,0.003,0.003,0.002,0.003,0.001,0.001,0.003,0.002,0.001,0.002,0.002,0.001,0.003,0.002,0.002,0.002,0.001,0.001
"Liechtenstein","Europe","LIE","National","LIEt","Total",0.059,0.057,0.059,0.062,0.061,0.068,0.061,0.057,0.061,0.080,0.071,0.074,0.068,0.047,0.057,0.059,0.057,0.065,0.065,0.061,0.065,0.059,0.068,0.061,0.062,0.057,0.065,0.066,0.052,0.065,0.060,0.064,0.054
"Lithuania","Europe","LTU","National","LTUt","Total",0.029,0.022,0.023,0.026,0.026,0.026,0.021,0.025,0.030,0.024,0.023,0.027,0.023,0.021,0.026,0.024,0.021,0.027,0.025,0.025,0.029,0.023,0.028,0.023,0.023,0.022,0.028,0.030,0.019,0.021,0.023,0.027,0.026
"Lithuania","Europe","LTU","Subnat","LTUr101","Alytus County",0.028,0.020,0.024,0.027,0.026,0.026,0.022,0.024,0.029,0.022,0.024,0.026,0.023,0.021,0.026,0.025,0.023,0.025,0.025,0.024,0.029,0.021,0.026,0.024,0.022,0.020,0.028,0.029,0.020,0.019,0.022,0.028,0.026
"Lithuania","Europe","LTU","Subnat","LTUr102","Kaunas County",0.029,0.022,0.022,0.026,0.025,0.026,0.020,0.024,0.029,0.024,0.024,0.027,0.023,0.020,0.026,0.024,0.021,0.027,0.025,0.024,0.029,0.021,0.027,0.022,0.022,0.021,0.027,0.030,0.019,0.020,0.023,0.027,0.026
"Lithuania","Europe","LTU","Subnat","LTUr103","Klaipeda County",0.031,0.025,0.024,0.028,0.029,0.027,0.022,0.025,0.034,0.027,0.024,0.030,0.025,0.021,0.028,0.025,0.021,0.032,0.028,0.026,0.030,0.028,0.031,0.023,0.024,0.025,0.029,0.033,0.020,0.024,0.026,0.027,0.025
"Lithuania","Europe","LTU","Subnat","LTUr104","Marijampole County",0.028,0.021,0.023,0.027,0.026,0.027,0.021,0.024,0.027,0.023,0.022,0.028,0.024,0.020,0.026,0.025,0.022,0.027,0.025,0.024,0.029,0.022,0.027,0.024,0.022,0.020,0.027,0.030,0.019,0.020,0.023,0.026,0.025
"Lithuania","Europe","LTU","Subnat","LTUr105","Panevezys County",0.029,0.023,0.022,0.024,0.025,0.024,0.019,0.025,0.030,0.023,0.023,0.027,0.022,0.022,0.025,0.022,0.019,0.025,0.023,0.024,0.028,0.021,0.027,0.021,0.024,0.021,0.027,0.028,0.018,0.023,0.023,0.027,0.025
"Lithuania","Europe","LTU","Subnat","LTUr106","Siauliai County",0.028,0.023,0.020,0.025,0.024,0.025,0.019,0.023,0.029,0.022,0.022,0.027,0.024,0.020,0.024,0.020,0.019,0.026,0.023,0.023,0.028,0.021,0.027,0.021,0.023,0.021,0.027,0.027,0.017,0.021,0.023,0.025,0.026
"Lithuania","Europe","LTU","Subnat","LTUr107","Taurage County",0.030,0.024,0.022,0.027,0.027,0.028,0.021,0.026,0.031,0.025,0.023,0.028,0.026,0.021,0.027,0.023,0.021,0.030,0.026,0.025,0.028,0.025,0.030,0.023,0.023,0.023,0.028,0.032,0.019,0.022,0.025,0.027,0.026
"Lithuania","Europe","LTU","Subnat","LTUr108","Telsiai County",0.030,0.025,0.022,0.028,0.027,0.027,0.020,0.025,0.033,0.026,0.024,0.029,0.025,0.021,0.027,0.023,0.020,0.030,0.027,0.025,0.029,0.025,0.030,0.023,0.025,0.025,0.028,0.030,0.019,0.023,0.025,0.027,0.026
"Lithuania","Europe","LTU","Subnat","LTUr109","Utena County",0.030,0.022,0.023,0.025,0.027,0.025,0.020,0.027,0.030,0.024,0.025,0.027,0.021,0.023,0.027,0.024,0.021,0.026,0.024,0.027,0.029,0.022,0.028,0.023,0.023,0.022,0.027,0.030,0.020,0.022,0.023,0.027,0.025
"Lithuania","Europe","LTU","Subnat","LTUr110","Vilnius County",0.031,0.021,0.024,0.027,0.028,0.025,0.022,0.026,0.031,0.024,0.025,0.026,0.022,0.023,0.028,0.026,0.022,0.026,0.025,0.026,0.029,0.022,0.027,0.023,0.023,0.022,0.029,0.030,0.021,0.021,0.022,0.029,0.026
"Luxembourg","Europe","LUX","National","LUXt","Total",0.029,0.022,0.028,0.030,0.032,0.034,0.024,0.029,0.031,0.032,0.035,0.034,0.032,0.024,0.026,0.024,0.029,0.033,0.032,0.029,0.030,0.025,0.033,0.032,0.031,0.026,0.032,0.029,0.026,0.032,0.030,0.036,0.031
"Madagascar","Africa","MDG","National","MDGt","Total",0.042,0.046,0.043,0.046,0.056,0.050,0.050,0.053,0.052,0.039,0.050,0.045,0.053,0.054,0.056,0.045,0.042,0.059,0.051,0.050,0.048,0.049,0.054,0.046,0.049,0.062,0.045,0.050,0.051,0.052,0.047,0.040,0.050
"Madagascar","Africa","MDG","Subnat","MDGr112","Alaotra Mangoro",0.041,0.050,0.045,0.047,0.060,0.055,0.048,0.051,0.049,0.030,0.046,0.039,0.062,0.052,0.052,0.043,0.039,0.066,0.058,0.047,0.051,0.040,0.055,0.049,0.049,0.062,0.040,0.053,0.056,0.051,0.051,0.041,0.050
"Madagascar","Africa","MDG","Subnat","MDGr101","Analamanga",0.038,0.047,0.040,0.046,0.052,0.050,0.047,0.052,0.048,0.027,0.042,0.035,0.050,0.051,0.052,0.041,0.031,0.056,0.053,0.048,0.042,0.043,0.052,0.047,0.048,0.064,0.036,0.052,0.045,0.048,0.045,0.037,0.047
"Madagascar","Africa","MDG","Subnat","MDGr111","Analanjirofo",0.069,0.087,0.076,0.069,0.080,0.081,0.071,0.078,0.075,0.062,0.080,0.065,0.090,0.086,0.083,0.073,0.087,0.094,0.080,0.077,0.079,0.065,0.079,0.063,0.079,0.081,0.076,0.079,0.094,0.082,0.084,0.071,0.079
"Madagascar","Africa","MDG","Subnat","MDGr106","Anamoroni Mania",0.045,0.035,0.040,0.045,0.052,0.050,0.052,0.047,0.056,0.040,0.052,0.051,0.049,0.054,0.057,0.043,0.034,0.062,0.047,0.049,0.050,0.046,0.052,0.047,0.045,0.072,0.044,0.048,0.044,0.042,0.043,0.037,0.051
"Madagascar","Africa","MDG","Subnat","MDGr118","Androy",0.020,0.011,0.015,0.022,0.026,0.016,0.023,0.019,0.026,0.025,0.021,0.022,0.018,0.020,0.017,0.030,0.016,0.022,0.019,0.019,0.015,0.028,0.018,0.020,0.024,0.020,0.014,0.021,0.013,0.026,0.008,0.013,0.019
"Madagascar","Africa","MDG","Subnat","MDGr119","Anosy",0.032,0.017,0.023,0.034,0.042,0.026,0.034,0.035,0.043,0.033,0.042,0.034,0.032,0.035,0.034,0.040,0.023,0.037,0.030,0.036,0.030,0.041,0.032,0.033,0.033,0.035,0.027,0.034,0.029,0.036,0.019,0.022,0.034
"Madagascar","Africa","MDG","Subnat","MDGr117","Atsimo Andrefana",0.020,0.019,0.018,0.024,0.032,0.023,0.024,0.026,0.030,0.029,0.035,0.031,0.024,0.029,0.028,0.025,0.020,0.033,0.020,0.021,0.022,0.025,0.023,0.023,0.025,0.034,0.020,0.024,0.016,0.025,0.014,0.017,0.021
"Madagascar","Africa","MDG","Subnat","MDGr109","Atsimo Atsinanana",0.067,0.047,0.048,0.066,0.083,0.065,0.069,0.070,0.075,0.061,0.072,0.065,0.068,0.069,0.068,0.067,0.049,0.076,0.062,0.075,0.065,0.075,0.070,0.061,0.058,0.068,0.053,0.070,0.064,0.068,0.053,0.043,0.071
"Madagascar","Africa","MDG","Subnat","MDGr110","Atsinanana",0.064,0.069,0.060,0.068,0.088,0.079,0.069,0.075,0.070,0.053,0.077,0.066,0.091,0.072,0.074,0.064,0.059,0.094,0.077,0.074,0.080,0.058,0.085,0.074,0.068,0.079,0.064,0.073,0.081,0.070,0.076,0.066,0.072
"Madagascar","Africa","MDG","Subnat","MDGr115","Betsiboka",0.036,0.051,0.042,0.044,0.047,0.048,0.047,0.050,0.046,0.028,0.044,0.033,0.047,0.053,0.058,0.035,0.034,0.058,0.052,0.044,0.040,0.048,0.047,0.040,0.048,0.065,0.037,0.045,0.047,0.051,0.047,0.035,0.047
"Madagascar","Africa","MDG","Subnat","MDGr113","Boeny",0.032,0.051,0.041,0.043,0.037,0.046,0.048,0.052,0.044,0.032,0.042,0.035,0.042,0.048,0.062,0.031,0.038,0.049,0.046,0.042,0.038,0.047,0.051,0.040,0.052,0.056,0.038,0.039,0.045,0.053,0.043,0.040,0.043
"Madagascar","Africa","MDG","Subnat","MDGr104","Bongolava",0.042,0.052,0.052,0.049,0.059,0.056,0.053,0.062,0.058,0.039,0.051,0.048,0.056,0.057,0.064,0.046,0.042,0.057,0.055,0.055,0.050,0.059,0.060,0.051,0.050,0.073,0.049,0.052,0.049,0.054,0.057,0.043,0.055
"Madagascar","Africa","MDG","Subnat","MDGr121","Diana",0.042,0.067,0.052,0.054,0.064,0.058,0.055,0.063,0.047,0.042,0.048,0.047,0.069,0.068,0.068,0.052,0.070,0.058,0.067,0.052,0.052,0.059,0.069,0.052,0.065,0.068,0.061,0.067,0.081,0.074,0.064,0.055,0.061
"Madagascar","Africa","MDG","Subnat","MDGr105","Haute Matsiatra",0.041,0.030,0.033,0.042,0.048,0.041,0.046,0.039,0.050,0.035,0.046,0.044,0.041,0.048,0.048,0.039,0.029,0.059,0.042,0.044,0.043,0.040,0.044,0.041,0.040,0.059,0.039,0.041,0.036,0.039,0.034,0.032,0.043
"Madagascar","Africa","MDG","Subnat","MDGr108","Ihorombe",0.036,0.025,0.030,0.038,0.048,0.034,0.040,0.038,0.044,0.034,0.046,0.043,0.035,0.043,0.044,0.035,0.027,0.045,0.037,0.041,0.037,0.043,0.039,0.036,0.035,0.052,0.035,0.036,0.033,0.035,0.026,0.027,0.038
"Madagascar","Africa","MDG","Subnat","MDGr103","Itasy",0.036,0.044,0.045,0.043,0.054,0.052,0.046,0.056,0.052,0.033,0.043,0.039,0.048,0.051,0.056,0.043,0.032,0.057,0.050,0.053,0.044,0.049,0.053,0.047,0.042,0.069,0.042,0.047,0.044,0.046,0.046,0.038,0.049
"Madagascar","Africa","MDG","Subnat","MDGr116","Melaky",0.034,0.049,0.041,0.041,0.046,0.041,0.045,0.054,0.049,0.040,0.043,0.042,0.037,0.048,0.058,0.033,0.037,0.049,0.046,0.045,0.044,0.051,0.050,0.041,0.045,0.058,0.039,0.040,0.035,0.051,0.048,0.040,0.044
"Madagascar","Africa","MDG","Subnat","MDGr120","Menabe",0.030,0.036,0.032,0.035,0.045,0.036,0.034,0.043,0.048,0.036,0.050,0.040,0.036,0.045,0.051,0.030,0.031,0.047,0.036,0.037,0.040,0.036,0.039,0.034,0.034,0.063,0.036,0.034,0.029,0.033,0.034,0.030,0.035
"Madagascar","Africa","MDG","Subnat","MDGr122","Sava",0.050,0.070,0.058,0.051,0.067,0.067,0.053,0.060,0.053,0.045,0.055,0.048,0.070,0.074,0.064,0.055,0.078,0.067,0.067,0.056,0.059,0.050,0.067,0.047,0.067,0.063,0.058,0.064,0.072,0.070,0.071,0.052,0.063
"Madagascar","Africa","MDG","Subnat","MDGr114","Sofia",0.038,0.056,0.051,0.049,0.056,0.056,0.052,0.058,0.041,0.036,0.044,0.040,0.058,0.059,0.058,0.040,0.050,0.064,0.061,0.048,0.051,0.053,0.053,0.045,0.057,0.067,0.055,0.060,0.074,0.060,0.050,0.048,0.054
"Madagascar","Africa","MDG","Subnat","MDGr102","Vakinankaratra",0.048,0.047,0.048,0.048,0.058,0.060,0.055,0.059,0.067,0.044,0.054,0.052,0.058,0.061,0.066,0.051,0.039,0.063,0.054,0.060,0.054,0.055,0.059,0.056,0.052,0.077,0.050,0.056,0.056,0.050,0.051,0.042,0.060
"Madagascar","Africa","MDG","Subnat","MDGr107","Vatovavy Fitovinany",0.072,0.061,0.054,0.064,0.087,0.072,0.081,0.068,0.072,0.056,0.076,0.062,0.080,0.074,0.066,0.066,0.053,0.096,0.066,0.072,0.081,0.069,0.081,0.072,0.064,0.082,0.065,0.072,0.074,0.068,0.065,0.050,0.074
"Malawi","Africa","MWI","National","MWIt","Total",0.033,0.041,0.028,0.039,0.033,0.035,0.041,0.052,0.034,0.040,0.047,0.042,0.039,0.043,0.044,0.029,0.043,0.047,0.040,0.041,0.041,0.037,0.041,0.041,0.041,0.039,0.036,0.045,0.042,0.050,0.039,0.039,0.051
"Malawi","Africa","MWI","Subnat","MWIr101","Blantyre",0.028,0.033,0.020,0.034,0.022,0.030,0.038,0.050,0.029,0.036,0.040,0.038,0.029,0.040,0.038,0.026,0.037,0.044,0.034,0.036,0.036,0.030,0.036,0.038,0.034,0.040,0.032,0.039,0.036,0.048,0.034,0.031,0.049
"Malawi","Africa","MWI","Subnat","MWIr102","Kasungu",0.020,0.024,0.021,0.027,0.022,0.022,0.027,0.032,0.020,0.023,0.029,0.026,0.026,0.027,0.029,0.018,0.027,0.032,0.026,0.027,0.026,0.024,0.028,0.028,0.028,0.023,0.021,0.032,0.029,0.036,0.027,0.029,0.036
"Malawi","Africa","MWI","Subnat","MWIr114","Likoma",0.051,0.064,0.045,0.055,0.057,0.055,0.054,0.064,0.048,0.064,0.063,0.060,0.070,0.062,0.067,0.044,0.071,0.066,0.060,0.066,0.054,0.068,0.064,0.064,0.060,0.056,0.056,0.070,0.071,0.066,0.061,0.058,0.077
"Malawi","Africa","MWI","Subnat","MWIr109","Lilongwe",0.027,0.036,0.024,0.035,0.027,0.029,0.035,0.043,0.024,0.030,0.041,0.033,0.032,0.036,0.033,0.023,0.039,0.038,0.034,0.034,0.034,0.031,0.036,0.032,0.033,0.026,0.028,0.038,0.035,0.041,0.030,0.034,0.040
"Malawi","Africa","MWI","Subnat","MWIr103","Machinga",0.027,0.039,0.022,0.033,0.027,0.030,0.035,0.049,0.026,0.034,0.044,0.033,0.031,0.044,0.038,0.026,0.033,0.042,0.036,0.032,0.034,0.028,0.036,0.033,0.037,0.036,0.030,0.038,0.032,0.046,0.030,0.035,0.042
"Malawi","Africa","MWI","Subnat","MWIr104","Mangochi",0.030,0.042,0.026,0.039,0.028,0.033,0.038,0.050,0.029,0.037,0.050,0.041,0.039,0.043,0.042,0.029,0.045,0.045,0.043,0.040,0.037,0.033,0.043,0.036,0.043,0.034,0.033,0.043,0.044,0.047,0.034,0.042,0.049
"Malawi","Africa","MWI","Subnat","MWIr110","Mulanje",0.035,0.038,0.026,0.041,0.032,0.038,0.044,0.060,0.038,0.041,0.052,0.044,0.034,0.048,0.047,0.031,0.042,0.049,0.038,0.048,0.046,0.037,0.038,0.048,0.041,0.047,0.039,0.043,0.036,0.054,0.039,0.036,0.053
"Malawi","Africa","MWI","Subnat","MWIr105","Mzimba",0.027,0.032,0.030,0.034,0.033,0.033,0.032,0.037,0.030,0.030,0.034,0.032,0.037,0.033,0.034,0.023,0.034,0.037,0.033,0.035,0.032,0.033,0.035,0.035,0.036,0.032,0.033,0.039,0.040,0.040,0.037,0.033,0.047
"Malawi","Africa","MWI","Subnat","MWIr112","Other central (Nkhota Kota, Mchinji, Dowa, Ntchisi, Dedza, Ntcheu)",0.035,0.043,0.032,0.042,0.034,0.037,0.042,0.054,0.031,0.041,0.052,0.043,0.042,0.045,0.046,0.028,0.046,0.048,0.042,0.041,0.042,0.039,0.044,0.041,0.043,0.035,0.035,0.048,0.046,0.053,0.038,0.043,0.053
"Malawi","Africa","MWI","Subnat","MWIr111","Other northern (Chitipa, Karonga, Rumphi, Nkhata Bay)",0.060,0.072,0.055,0.058,0.064,0.059,0.063,0.072,0.065,0.071,0.068,0.062,0.077,0.062,0.070,0.053,0.075,0.068,0.067,0.070,0.063,0.070,0.067,0.068,0.065,0.064,0.064,0.073,0.074,0.072,0.072,0.059,0.076
"Malawi","Africa","MWI","Subnat","MWIr113","Other southern (Balaka, Mwanza, Phalombe, Chiradzulu, Chikwawa, Nsanje, neno)",0.027,0.032,0.018,0.029,0.023,0.027,0.035,0.048,0.029,0.033,0.039,0.037,0.025,0.036,0.036,0.025,0.029,0.041,0.029,0.030,0.036,0.026,0.032,0.034,0.034,0.036,0.027,0.035,0.030,0.045,0.031,0.028,0.045
"Malawi","Africa","MWI","Subnat","MWIr106","Salima",0.036,0.045,0.031,0.040,0.035,0.038,0.043,0.058,0.032,0.043,0.059,0.052,0.040,0.045,0.051,0.029,0.051,0.051,0.045,0.042,0.044,0.040,0.048,0.041,0.047,0.035,0.038,0.050,0.052,0.052,0.036,0.051,0.058
"Malawi","Africa","MWI","Subnat","MWIr107","Thyolo",0.038,0.038,0.025,0.040,0.030,0.038,0.045,0.061,0.045,0.043,0.051,0.048,0.031,0.043,0.050,0.032,0.044,0.050,0.038,0.047,0.049,0.037,0.040,0.046,0.042,0.046,0.038,0.045,0.038,0.057,0.041,0.035,0.056
"Malawi","Africa","MWI","Subnat","MWIr108","Zomba",0.026,0.035,0.020,0.032,0.024,0.027,0.036,0.048,0.025,0.034,0.042,0.033,0.027,0.040,0.035,0.024,0.031,0.041,0.031,0.031,0.034,0.027,0.030,0.035,0.032,0.040,0.028,0.033,0.031,0.043,0.032,0.030,0.040
"Malaysia","Asia/Pacific","MYS","National","MYSt","Total",0.072,0.085,0.075,0.088,0.079,0.093,0.087,0.076,0.083,0.092,0.087,0.087,0.065,0.072,0.067,0.071,0.084,0.096,0.098,0.086,0.089,0.090,0.091,0.086,0.088,0.077,0.075,0.094,0.085,0.071,0.087,0.087,0.094
"Malaysia","Asia/Pacific","MYS","Subnat","MYSr101","Johor",0.072,0.093,0.080,0.091,0.080,0.095,0.081,0.073,0.085,0.084,0.084,0.093,0.070,0.077,0.073,0.071,0.085,0.099,0.091,0.081,0.085,0.091,0.093,0.089,0.088,0.074,0.076,0.092,0.087,0.071,0.085,0.089,0.086
"Malaysia","Asia/Pacific","MYS","Subnat","MYSr102","Kedah",0.067,0.071,0.065,0.083,0.071,0.085,0.089,0.075,0.082,0.094,0.086,0.078,0.059,0.065,0.063,0.069,0.075,0.085,0.093,0.078,0.085,0.077,0.085,0.076,0.080,0.073,0.069,0.089,0.079,0.065,0.080,0.078,0.089
"Malaysia","Asia/Pacific","MYS","Subnat","MYSr103","Kelantan",0.073,0.088,0.072,0.094,0.084,0.096,0.092,0.076,0.081,0.100,0.085,0.089,0.063,0.069,0.064,0.083,0.088,0.094,0.101,0.086,0.083,0.094,0.089,0.087,0.090,0.068,0.068,0.104,0.079,0.074,0.090,0.091,0.109
"Malaysia","Asia/Pacific","MYS","Subnat","MYSr114","Kuala Lumpur Federal Territory",0.086,0.111,0.090,0.105,0.098,0.112,0.095,0.100,0.093,0.101,0.098,0.096,0.083,0.085,0.076,0.070,0.104,0.111,0.109,0.105,0.098,0.102,0.105,0.095,0.109,0.100,0.080,0.097,0.104,0.082,0.100,0.091,0.089
"Malaysia","Asia/Pacific","MYS","Subnat","MYSr115","Labuan Federal Territory",0.045,0.051,0.055,0.053,0.038,0.059,0.063,0.043,0.065,0.069,0.059,0.061,0.032,0.041,0.045,0.041,0.043,0.083,0.084,0.053,0.081,0.071,0.057,0.060,0.073,0.062,0.061,0.071,0.054,0.060,0.066,0.066,0.075
"Malaysia","Asia/Pacific","MYS","Subnat","MYSr104","Melaka",0.067,0.077,0.072,0.082,0.067,0.089,0.074,0.064,0.079,0.079,0.077,0.085,0.060,0.061,0.062,0.063,0.075,0.092,0.084,0.074,0.081,0.074,0.077,0.077,0.086,0.065,0.066,0.080,0.076,0.056,0.077,0.073,0.069
"Malaysia","Asia/Pacific","MYS","Subnat","MYSr105","Negeri Sembilan",0.066,0.082,0.070,0.082,0.069,0.088,0.075,0.069,0.074,0.081,0.078,0.083,0.062,0.065,0.063,0.062,0.081,0.085,0.087,0.080,0.079,0.081,0.083,0.079,0.088,0.067,0.066,0.083,0.080,0.061,0.080,0.074,0.076
"Malaysia","Asia/Pacific","MYS","Subnat","MYSr106","Pahang",0.069,0.085,0.070,0.085,0.075,0.087,0.081,0.071,0.074,0.086,0.081,0.087,0.061,0.072,0.063,0.071,0.083,0.090,0.089,0.084,0.082,0.092,0.093,0.088,0.084,0.067,0.070,0.091,0.083,0.063,0.084,0.084,0.092
"Malaysia","Asia/Pacific","MYS","Subnat","MYSr108","Perak",0.074,0.091,0.075,0.096,0.084,0.096,0.093,0.091,0.087,0.095,0.095,0.087,0.071,0.073,0.073,0.070,0.087,0.095,0.104,0.088,0.086,0.087,0.091,0.087,0.094,0.089,0.072,0.097,0.093,0.076,0.092,0.088,0.095
"Malaysia","Asia/Pacific","MYS","Subnat","MYSr109","Perlis",0.052,0.062,0.059,0.076,0.062,0.080,0.076,0.061,0.071,0.084,0.079,0.070,0.049,0.057,0.050,0.068,0.067,0.074,0.077,0.066,0.078,0.068,0.073,0.064,0.062,0.059,0.062,0.075,0.067,0.054,0.068,0.066,0.079
"Malaysia","Asia/Pacific","MYS","Subnat","MYSr107","Pulau Pinang",0.070,0.079,0.070,0.089,0.078,0.086,0.089,0.081,0.088,0.095,0.094,0.083,0.062,0.076,0.069,0.065,0.085,0.091,0.099,0.088,0.089,0.093,0.097,0.083,0.087,0.079,0.077,0.095,0.088,0.071,0.084,0.083,0.087
"Malaysia","Asia/Pacific","MYS","Subnat","MYSr112","Sabah",0.065,0.071,0.065,0.078,0.075,0.085,0.088,0.067,0.072,0.095,0.089,0.084,0.060,0.069,0.062,0.065,0.075,0.090,0.106,0.087,0.091,0.103,0.095,0.094,0.087,0.071,0.083,0.102,0.082,0.074,0.085,0.102,0.108
"Malaysia","Asia/Pacific","MYS","Subnat","MYSr113","Sarawak",0.104,0.117,0.100,0.108,0.116,0.130,0.125,0.100,0.114,0.118,0.115,0.117,0.098,0.107,0.096,0.099,0.122,0.132,0.142,0.112,0.128,0.115,0.122,0.124,0.102,0.114,0.112,0.123,0.114,0.103,0.131,0.121,0.136
"Malaysia","Asia/Pacific","MYS","Subnat","MYSr110","Selangor",0.075,0.089,0.079,0.095,0.083,0.099,0.082,0.083,0.082,0.086,0.086,0.087,0.070,0.070,0.068,0.063,0.088,0.099,0.093,0.090,0.082,0.089,0.089,0.083,0.093,0.080,0.073,0.088,0.087,0.068,0.082,0.078,0.086
"Malaysia","Asia/Pacific","MYS","Subnat","MYSr111","Terengganu",0.095,0.110,0.098,0.107,0.099,0.104,0.106,0.080,0.091,0.114,0.103,0.111,0.081,0.094,0.084,0.105,0.109,0.117,0.111,0.113,0.101,0.118,0.112,0.105,0.105,0.080,0.096,0.117,0.097,0.083,0.100,0.116,0.128
"Mali","Africa","MLI","National","MLIt","Total",0.016,0.018,0.017,0.016,0.022,0.018,0.016,0.016,0.017,0.019,0.016,0.014,0.015,0.019,0.013,0.015,0.015,0.015,0.017,0.016,0.019,0.014,0.017,0.015,0.014,0.016,0.016,0.014,0.017,0.018,0.019,0.013,0.016
"Mali","Africa","MLI","Subnat","MLIr108","Bamako",0.027,0.032,0.029,0.029,0.038,0.028,0.026,0.026,0.028,0.032,0.025,0.024,0.027,0.029,0.022,0.023,0.023,0.023,0.028,0.028,0.031,0.023,0.027,0.024,0.025,0.026,0.025,0.023,0.027,0.031,0.033,0.022,0.025
"Mali","Africa","MLI","Subnat","MLIr107","Gao and Kidal",0.001,0.003,0.002,0.002,0.003,0.002,0.001,0.001,0.002,0.004,0.002,0.002,0.002,0.002,0.001,0.002,0.002,0.002,0.001,0.001,0.003,0.002,0.002,0.002,0.002,0.003,0.002,0.002,0.003,0.003,0.002,0.001,0.001
"Mali","Africa","MLI","Subnat","MLIr101","Kayes",0.021,0.026,0.021,0.022,0.029,0.023,0.021,0.020,0.020,0.024,0.021,0.016,0.017,0.025,0.018,0.020,0.018,0.019,0.021,0.023,0.024,0.019,0.023,0.018,0.018,0.021,0.023,0.017,0.023,0.023,0.026,0.017,0.022
"Mali","Africa","MLI","Subnat","MLIr102","Koulikoro",0.020,0.023,0.022,0.020,0.029,0.021,0.020,0.020,0.021,0.022,0.020,0.017,0.018,0.025,0.017,0.019,0.018,0.018,0.024,0.019,0.024,0.016,0.020,0.019,0.019,0.021,0.020,0.019,0.021,0.023,0.024,0.017,0.021
"Mali","Africa","MLI","Subnat","MLIr105","Mopti",0.009,0.011,0.012,0.010,0.015,0.012,0.010,0.010,0.012,0.014,0.012,0.011,0.008,0.012,0.009,0.011,0.009,0.013,0.010,0.009,0.014,0.008,0.013,0.009,0.009,0.011,0.010,0.009,0.011,0.013,0.011,0.006,0.009
"Mali","Africa","MLI","Subnat","MLIr104","Segou",0.015,0.016,0.017,0.014,0.023,0.017,0.016,0.015,0.018,0.018,0.016,0.014,0.014,0.021,0.014,0.014,0.015,0.015,0.019,0.014,0.020,0.012,0.017,0.015,0.013,0.016,0.016,0.014,0.017,0.017,0.018,0.011,0.016
"Mali","Africa","MLI","Subnat","MLIr103","Sikasso",0.031,0.034,0.035,0.029,0.038,0.037,0.031,0.032,0.033,0.034,0.031,0.028,0.030,0.036,0.024,0.029,0.029,0.029,0.034,0.031,0.039,0.029,0.031,0.030,0.027,0.030,0.029,0.027,0.036,0.032,0.035,0.029,0.036
"Mali","Africa","MLI","Subnat","MLIr106","Tombouctou",0.002,0.002,0.002,0.002,0.003,0.002,0.001,0.002,0.002,0.003,0.002,0.001,0.001,0.002,0.001,0.002,0.002,0.002,0.001,0.001,0.002,0.001,0.002,0.001,0.001,0.002,0.002,0.001,0.002,0.002,0.001,0.001,0.001
"Mauritania","Africa","MRT","National","MRTt","Total",0.003,0.003,0.002,0.004,0.005,0.005,0.003,0.004,0.004,0.004,0.005,0.003,0.002,0.006,0.003,0.004,0.003,0.003,0.004,0.004,0.006,0.003,0.004,0.004,0.002,0.004,0.003,0.002,0.003,0.003,0.004,0.002,0.005
"Mauritania","Africa","MRT","Subnat","MRTr107","Adrar",0.001,0.001,0.001,0.001,0.002,0.003,0.001,0.001,0.001,0.001,0.001,0.000,0.001,0.002,0.001,0.002,0.001,0.000,0.000,0.001,0.001,0.001,0.001,0.001,0.000,0.001,0.001,0.000,0.001,0.001,0.001,0.000,0.001
"Mauritania","Africa","MRT","Subnat","MRTr103","Assaba",0.005,0.004,0.004,0.006,0.007,0.007,0.006,0.007,0.006,0.006,0.008,0.004,0.003,0.008,0.006,0.005,0.005,0.007,0.008,0.007,0.010,0.004,0.007,0.005,0.004,0.006,0.006,0.004,0.005,0.006,0.007,0.003,0.008
"Mauritania","Africa","MRT","Subnat","MRTr105","Brakna",0.003,0.003,0.002,0.005,0.004,0.005,0.004,0.004,0.003,0.005,0.007,0.004,0.004,0.004,0.002,0.004,0.003,0.003,0.003,0.004,0.005,0.003,0.005,0.005,0.003,0.003,0.003,0.002,0.002,0.003,0.005,0.002,0.004
"Mauritania","Africa","MRT","Subnat","MRTr104","Gorgol",0.004,0.005,0.005,0.010,0.008,0.009,0.006,0.006,0.008,0.007,0.011,0.007,0.004,0.010,0.004,0.007,0.006,0.008,0.006,0.009,0.011,0.008,0.008,0.006,0.004,0.007,0.006,0.005,0.004,0.006,0.009,0.006,0.010
"Mauritania","Africa","MRT","Subnat","MRTr110","Guidimagha",0.008,0.008,0.007,0.010,0.013,0.012,0.010,0.009,0.013,0.010,0.012,0.007,0.005,0.015,0.009,0.009,0.009,0.011,0.010,0.010,0.018,0.009,0.011,0.008,0.005,0.010,0.010,0.007,0.008,0.009,0.013,0.007,0.011
"Mauritania","Africa","MRT","Subnat","MRTr101","Hodh Charghi",0.002,0.003,0.003,0.003,0.006,0.004,0.003,0.003,0.003,0.005,0.004,0.003,0.002,0.004,0.002,0.003,0.003,0.003,0.003,0.002,0.004,0.002,0.003,0.002,0.003,0.003,0.003,0.003,0.003,0.003,0.003,0.001,0.003
"Mauritania","Africa","MRT","Subnat","MRTr102","Hodh Gharbi",0.005,0.005,0.004,0.005,0.008,0.007,0.005,0.006,0.006,0.006,0.008,0.004,0.003,0.010,0.006,0.005,0.005,0.006,0.008,0.005,0.009,0.003,0.008,0.004,0.005,0.006,0.005,0.004,0.005,0.006,0.006,0.003,0.008
"Mauritania","Africa","MRT","Subnat","MRTr112","Inchiri",0.001,0.001,0.000,0.002,0.001,0.002,0.001,0.002,0.002,0.002,0.000,0.001,0.001,0.004,0.001,0.003,0.001,0.000,0.000,0.001,0.003,0.001,0.002,0.003,0.000,0.001,0.001,0.001,0.001,0.001,0.001,0.001,0.002
"Mauritania","Africa","MRT","Subnat","MRTr108","Nouadhibou",0.001,0.001,0.000,0.001,0.001,0.001,0.001,0.002,0.003,0.001,0.000,0.001,0.000,0.002,0.001,0.002,0.001,0.000,0.000,0.000,0.003,0.001,0.002,0.002,0.000,0.002,0.002,0.001,0.001,0.000,0.001,0.001,0.002
"Mauritania","Africa","MRT","Subnat","MRTr109","Tagant",0.002,0.002,0.001,0.002,0.003,0.004,0.002,0.003,0.002,0.004,0.002,0.001,0.001,0.002,0.001,0.003,0.002,0.001,0.002,0.001,0.003,0.001,0.003,0.002,0.001,0.002,0.001,0.001,0.002,0.002,0.002,0.001,0.003
"Mauritania","Africa","MRT","Subnat","MRTr111","Tiris-Zemmour",0.001,0.001,0.000,0.001,0.002,0.001,0.001,0.000,0.001,0.001,0.001,0.000,0.000,0.002,0.001,0.001,0.001,0.000,0.000,0.001,0.001,0.001,0.001,0.001,0.001,0.003,0.001,0.000,0.001,0.001,0.000,0.000,0.001
"Mauritania","Africa","MRT","Subnat","MRTr106","Trarza incl Nouakchott",0.002,0.003,0.001,0.003,0.003,0.004,0.002,0.003,0.002,0.003,0.003,0.002,0.003,0.004,0.001,0.003,0.002,0.001,0.002,0.002,0.004,0.001,0.003,0.004,0.002,0.002,0.002,0.001,0.002,0.002,0.003,0.001,0.003
"Mauritius","Africa","MUS","National","MUSt","Total",0.031,0.034,0.032,0.029,0.031,0.046,0.033,0.031,0.033,0.020,0.031,0.028,0.036,0.037,0.035,0.042,0.038,0.038,0.042,0.038,0.031,0.032,0.035,0.035,0.037,0.044,0.033,0.037,0.047,0.041,0.040,0.028,0.035
"Mauritius","Africa","MUS","Subnat","MUSr104","Agalega Islands, Saint Brandon",0.043,0.049,0.043,0.036,0.049,0.043,0.042,0.040,0.049,0.027,0.044,0.034,0.054,0.048,0.043,0.057,0.061,0.053,0.059,0.051,0.041,0.052,0.062,0.050,0.052,0.052,0.049,0.050,0.056,0.060,0.061,0.032,0.049
"Mauritius","Africa","MUS","Subnat","MUSr101","North (Port Louis, Pamplemousses, Riviere du Rempart, Flacq, Moka)",0.028,0.030,0.030,0.031,0.025,0.049,0.030,0.029,0.030,0.018,0.031,0.028,0.033,0.031,0.035,0.037,0.036,0.035,0.038,0.037,0.028,0.028,0.028,0.032,0.037,0.043,0.029,0.039,0.047,0.033,0.037,0.029,0.034
"Mauritius","Africa","MUS","Subnat","MUSr103","Rodrigues",0.024,0.029,0.023,0.018,0.025,0.039,0.031,0.024,0.023,0.014,0.017,0.020,0.024,0.036,0.026,0.036,0.019,0.028,0.031,0.024,0.026,0.020,0.023,0.027,0.025,0.036,0.025,0.022,0.035,0.040,0.023,0.021,0.023
"Mauritius","Africa","MUS","Subnat","MUSr102","South (Grand Port, Savanne, Plaines Wilhems, Black River)",0.030,0.029,0.031,0.031,0.026,0.051,0.031,0.029,0.029,0.019,0.031,0.030,0.034,0.032,0.036,0.039,0.035,0.035,0.040,0.039,0.029,0.029,0.028,0.033,0.036,0.043,0.031,0.038,0.049,0.033,0.037,0.030,0.034
"Mexico","America","MEX","National","MEXt","Total",0.035,0.035,0.037,0.033,0.028,0.034,0.032,0.033,0.032,0.031,0.029,0.030,0.030,0.031,0.030,0.030,0.033,0.033,0.035,0.029,0.037,0.030,0.030,0.039,0.035,0.035,0.034,0.033,0.034,0.030,0.031,0.034,0.030
"Mexico","America","MEX","Subnat","MEXr101","Aguascalientes",0.026,0.030,0.029,0.021,0.024,0.022,0.024,0.019,0.018,0.016,0.016,0.020,0.024,0.026,0.024,0.016,0.023,0.021,0.028,0.020,0.020,0.013,0.019,0.028,0.021,0.032,0.024,0.020,0.034,0.018,0.020,0.026,0.018
"Mexico","America","MEX","Subnat","MEXr102","Baja California",0.004,0.007,0.010,0.010,0.006,0.006,0.003,0.007,0.006,0.003,0.003,0.005,0.003,0.007,0.006,0.006,0.003,0.004,0.005,0.003,0.008,0.004,0.005,0.006,0.006,0.006,0.005,0.006,0.005,0.007,0.004,0.004,0.005
"Mexico","America","MEX","Subnat","MEXr103","Baja California Sur",0.008,0.006,0.009,0.007,0.006,0.005,0.005,0.006,0.005,0.003,0.004,0.008,0.003,0.007,0.005,0.004,0.007,0.004,0.006,0.005,0.003,0.002,0.008,0.006,0.009,0.009,0.005,0.006,0.005,0.007,0.004,0.005,0.006
"Mexico","America","MEX","Subnat","MEXr104","Campeche",0.031,0.029,0.031,0.031,0.026,0.039,0.029,0.031,0.033,0.036,0.029,0.032,0.032,0.028,0.026,0.032,0.035,0.031,0.034,0.025,0.036,0.034,0.031,0.042,0.032,0.025,0.025,0.030,0.023,0.024,0.042,0.026,0.033
"Mexico","America","MEX","Subnat","MEXr107","Chiapas",0.018,0.019,0.014,0.013,0.013,0.010,0.011,0.015,0.013,0.011,0.013,0.011,0.013,0.017,0.017,0.012,0.010,0.016,0.015,0.011,0.018,0.005,0.010,0.015,0.013,0.015,0.017,0.013,0.016,0.009,0.010,0.010,0.011
"Mexico","America","MEX","Subnat","MEXr108","Chihuahua",0.044,0.036,0.056,0.052,0.032,0.048,0.055,0.044,0.051,0.055,0.042,0.039,0.039,0.044,0.042,0.039,0.049,0.046,0.046,0.036,0.052,0.059,0.044,0.052,0.052,0.049,0.041,0.052,0.046,0.045,0.041,0.053,0.043
"Mexico","America","MEX","Subnat","MEXr105","Coahuila",0.056,0.051,0.061,0.058,0.044,0.070,0.061,0.060,0.066,0.064,0.059,0.055,0.059,0.055,0.052,0.063,0.066,0.059,0.067,0.052,0.078,0.070,0.055,0.072,0.064,0.057,0.052,0.060,0.051,0.053,0.069,0.054,0.068
"Mexico","America","MEX","Subnat","MEXr106","Colima",0.022,0.025,0.017,0.018,0.014,0.012,0.016,0.016,0.012,0.013,0.013,0.012,0.012,0.012,0.017,0.013,0.016,0.016,0.018,0.014,0.016,0.008,0.012,0.017,0.015,0.016,0.017,0.014,0.014,0.015,0.009,0.014,0.016
"Mexico","America","MEX","Subnat","MEXr109","Distrito Federal",0.056,0.050,0.057,0.043,0.046,0.054,0.043,0.050,0.041,0.038,0.042,0.047,0.042,0.049,0.048,0.044,0.050,0.051,0.047,0.045,0.051,0.042,0.041,0.052,0.052,0.053,0.059,0.048,0.055,0.046,0.041,0.052,0.044
"Mexico","America","MEX","Subnat","MEXr110","Durango",0.030,0.032,0.024,0.025,0.023,0.020,0.024,0.023,0.017,0.019,0.022,0.020,0.021,0.025,0.025,0.018,0.023,0.022,0.027,0.022,0.024,0.013,0.020,0.024,0.023,0.026,0.026,0.021,0.024,0.017,0.020,0.024,0.021
"Mexico","America","MEX","Subnat","MEXr111","Guanajuato",0.028,0.031,0.032,0.025,0.024,0.024,0.024,0.022,0.022,0.019,0.018,0.021,0.024,0.025,0.024,0.018,0.025,0.027,0.028,0.021,0.025,0.018,0.023,0.028,0.026,0.032,0.026,0.023,0.033,0.021,0.019,0.030,0.018
"Mexico","America","MEX","Subnat","MEXr112","Guerrero",0.055,0.046,0.053,0.047,0.034,0.055,0.053,0.051,0.048,0.049,0.045,0.043,0.046,0.045,0.043,0.048,0.056,0.049,0.047,0.041,0.059,0.055,0.046,0.058,0.052,0.052,0.057,0.059,0.055,0.053,0.044,0.058,0.055
"Mexico","America","MEX","Subnat","MEXr113","Hidalgo",0.041,0.043,0.047,0.044,0.033,0.036,0.034,0.036,0.036,0.032,0.028,0.036,0.033,0.032,0.033,0.033,0.034,0.041,0.051,0.036,0.044,0.029,0.036,0.047,0.041,0.041,0.046,0.038,0.040,0.031,0.032,0.038,0.026
"Mexico","America","MEX","Subnat","MEXr114","Jalisco",0.037,0.036,0.044,0.036,0.029,0.036,0.037,0.035,0.035,0.034,0.031,0.031,0.033,0.035,0.037,0.028,0.037,0.035,0.037,0.030,0.041,0.032,0.032,0.042,0.038,0.039,0.033,0.035,0.041,0.035,0.035,0.041,0.032
"Mexico","America","MEX","Subnat","MEXr115","Mexico",0.052,0.049,0.052,0.040,0.044,0.051,0.043,0.046,0.044,0.039,0.041,0.046,0.043,0.044,0.044,0.041,0.049,0.048,0.046,0.043,0.051,0.041,0.041,0.050,0.051,0.051,0.055,0.049,0.054,0.048,0.040,0.051,0.041
"Mexico","America","MEX","Subnat","MEXr116","Michoacan de Ocampo",0.045,0.042,0.054,0.044,0.032,0.045,0.048,0.043,0.044,0.041,0.039,0.040,0.044,0.041,0.040,0.039,0.046,0.044,0.040,0.035,0.052,0.044,0.040,0.045,0.045,0.046,0.043,0.044,0.050,0.044,0.036,0.051,0.039
"Mexico","America","MEX","Subnat","MEXr117","Morelos",0.046,0.048,0.043,0.035,0.037,0.048,0.035,0.040,0.037,0.038,0.039,0.037,0.037,0.041,0.035,0.036,0.044,0.045,0.044,0.043,0.055,0.041,0.037,0.051,0.046,0.048,0.059,0.063,0.052,0.054,0.048,0.049,0.045
"Mexico","America","MEX","Subnat","MEXr118","Nayarit",0.040,0.036,0.049,0.040,0.032,0.040,0.039,0.041,0.044,0.041,0.041,0.034,0.030,0.035,0.038,0.036,0.038,0.038,0.043,0.039,0.048,0.037,0.036,0.047,0.044,0.042,0.038,0.039,0.040,0.036,0.040,0.045,0.036
"Mexico","America","MEX","Subnat","MEXr119","Nuevo Leon",0.020,0.024,0.026,0.021,0.022,0.019,0.016,0.024,0.016,0.016,0.017,0.019,0.024,0.029,0.021,0.021,0.021,0.023,0.026,0.018,0.026,0.010,0.016,0.025,0.024,0.025,0.022,0.017,0.023,0.018,0.020,0.018,0.014
"Mexico","America","MEX","Subnat","MEXr120","Oaxaca",0.055,0.052,0.055,0.055,0.039,0.062,0.059,0.060,0.059,0.064,0.054,0.052,0.051,0.051,0.045,0.055,0.059,0.053,0.064,0.050,0.070,0.061,0.057,0.064,0.059,0.053,0.053,0.068,0.058,0.051,0.054,0.060,0.059
"Mexico","America","MEX","Subnat","MEXr121","Puebla",0.041,0.046,0.043,0.038,0.035,0.042,0.037,0.039,0.037,0.038,0.033,0.037,0.036,0.036,0.034,0.037,0.040,0.044,0.043,0.039,0.046,0.038,0.041,0.049,0.045,0.048,0.046,0.051,0.045,0.041,0.038,0.043,0.034
"Mexico","America","MEX","Subnat","MEXr122","Queretaro",0.030,0.035,0.035,0.033,0.027,0.027,0.027,0.026,0.027,0.024,0.020,0.026,0.028,0.026,0.025,0.022,0.027,0.033,0.036,0.026,0.034,0.022,0.026,0.035,0.032,0.032,0.035,0.027,0.032,0.024,0.023,0.032,0.021
"Mexico","America","MEX","Subnat","MEXr123","Quintana Roo",0.041,0.035,0.035,0.044,0.029,0.041,0.032,0.037,0.042,0.042,0.032,0.031,0.034,0.028,0.027,0.040,0.036,0.036,0.035,0.028,0.039,0.037,0.037,0.052,0.035,0.034,0.030,0.034,0.034,0.025,0.044,0.034,0.038
"Mexico","America","MEX","Subnat","MEXr124","San Luis Potosi",0.026,0.031,0.031,0.026,0.023,0.021,0.023,0.026,0.022,0.017,0.017,0.021,0.023,0.022,0.022,0.021,0.022,0.026,0.030,0.021,0.029,0.018,0.021,0.030,0.027,0.029,0.025,0.020,0.026,0.019,0.019,0.024,0.016
"Mexico","America","MEX","Subnat","MEXr125","Sinaloa",0.035,0.030,0.032,0.029,0.026,0.023,0.028,0.030,0.026,0.025,0.026,0.021,0.015,0.021,0.028,0.024,0.027,0.025,0.028,0.026,0.026,0.023,0.024,0.031,0.030,0.031,0.027,0.020,0.024,0.023,0.020,0.026,0.022
"Mexico","America","MEX","Subnat","MEXr126","Sonora",0.018,0.015,0.018,0.017,0.015,0.011,0.010,0.012,0.011,0.009,0.011,0.010,0.008,0.009,0.011,0.011,0.010,0.012,0.013,0.010,0.012,0.009,0.010,0.011,0.013,0.014,0.010,0.011,0.013,0.015,0.007,0.013,0.012
"Mexico","America","MEX","Subnat","MEXr127","Tabasco",0.052,0.049,0.054,0.051,0.040,0.063,0.052,0.054,0.051,0.059,0.053,0.055,0.054,0.050,0.047,0.053,0.061,0.052,0.057,0.051,0.062,0.059,0.048,0.072,0.058,0.053,0.045,0.050,0.043,0.047,0.065,0.044,0.065
"Mexico","America","MEX","Subnat","MEXr128","Tamaulipas",0.024,0.028,0.032,0.027,0.027,0.024,0.021,0.029,0.023,0.021,0.020,0.022,0.025,0.026,0.024,0.025,0.023,0.029,0.030,0.021,0.030,0.017,0.021,0.031,0.029,0.031,0.025,0.020,0.023,0.022,0.021,0.023,0.017
"Mexico","America","MEX","Subnat","MEXr129","Tlaxcala",0.032,0.034,0.035,0.027,0.030,0.033,0.029,0.032,0.026,0.026,0.026,0.028,0.028,0.028,0.027,0.028,0.030,0.035,0.031,0.028,0.034,0.026,0.030,0.035,0.037,0.039,0.034,0.035,0.035,0.031,0.024,0.035,0.023
"Mexico","America","MEX","Subnat","MEXr130","Veracruz",0.061,0.061,0.061,0.059,0.043,0.055,0.052,0.057,0.059,0.058,0.052,0.058,0.050,0.049,0.050,0.059,0.062,0.054,0.062,0.057,0.063,0.051,0.057,0.070,0.060,0.060,0.056,0.059,0.058,0.045,0.055,0.052,0.054
"Mexico","America","MEX","Subnat","MEXr131","Yucatan",0.028,0.028,0.026,0.030,0.024,0.030,0.020,0.026,0.029,0.030,0.020,0.023,0.036,0.020,0.019,0.028,0.025,0.023,0.023,0.018,0.026,0.026,0.025,0.034,0.025,0.018,0.020,0.022,0.022,0.017,0.035,0.023,0.026
"Mexico","America","MEX","Subnat","MEXr132","Zacatecas",0.023,0.027,0.024,0.017,0.021,0.017,0.020,0.017,0.013,0.013,0.015,0.016,0.021,0.022,0.021,0.014,0.020,0.017,0.022,0.017,0.018,0.011,0.015,0.022,0.018,0.027,0.020,0.016,0.026,0.014,0.018,0.022,0.016
"Micronesia, Fed. Sts.","Asia/Pacific","FSM","National","FSMt","Total",0.101,0.112,0.074,0.132,0.109,0.101,0.117,0.103,0.070,0.114,0.124,0.115,0.126,0.120,0.119,0.118,0.108,0.110,0.115,0.110,0.100,0.136,0.115,0.100,0.116,0.111,0.086,0.117,0.117,0.112,0.115,0.125,0.141
"Moldova","Europe","MDA","National","MDAt","Total",0.015,0.023,0.017,0.019,0.015,0.021,0.024,0.023,0.020,0.020,0.018,0.021,0.019,0.016,0.019,0.021,0.018,0.017,0.021,0.015,0.024,0.014,0.018,0.021,0.019,0.016,0.021,0.019,0.016,0.015,0.015,0.020,0.014
"Moldova","Europe","MDA","Subnat","MDAr102","Center",0.015,0.023,0.016,0.020,0.015,0.022,0.023,0.023,0.020,0.020,0.018,0.021,0.019,0.016,0.019,0.022,0.017,0.017,0.021,0.014,0.024,0.015,0.017,0.021,0.018,0.016,0.021,0.019,0.017,0.015,0.015,0.021,0.014
"Moldova","Europe","MDA","Subnat","MDAr104","Chisinau",0.014,0.023,0.016,0.018,0.014,0.022,0.022,0.022,0.019,0.020,0.017,0.021,0.019,0.016,0.020,0.021,0.016,0.018,0.021,0.014,0.025,0.015,0.018,0.021,0.017,0.016,0.021,0.019,0.015,0.014,0.014,0.019,0.014
"Moldova","Europe","MDA","Subnat","MDAr101","North",0.018,0.025,0.019,0.022,0.016,0.022,0.028,0.025,0.025,0.020,0.020,0.023,0.020,0.018,0.019,0.024,0.020,0.018,0.025,0.015,0.026,0.014,0.017,0.022,0.023,0.015,0.022,0.019,0.019,0.017,0.018,0.021,0.016
"Moldova","Europe","MDA","Subnat","MDAr103","South",0.014,0.022,0.016,0.017,0.013,0.019,0.020,0.021,0.017,0.020,0.017,0.018,0.018,0.014,0.019,0.019,0.017,0.015,0.017,0.015,0.022,0.013,0.018,0.020,0.018,0.016,0.021,0.019,0.014,0.013,0.014,0.020,0.012
"Monaco","Europe","MCO","National","MCOt","Total",0.020,0.026,0.025,0.028,0.028,0.025,0.036,0.020,0.020,0.026,0.034,0.019,0.033,0.019,0.022,0.021,0.022,0.014,0.033,0.032,0.035,0.027,0.030,0.038,0.041,0.023,0.028,0.019,0.041,0.034,0.025,0.019,0.018
"Mongolia","Asia/Pacific","MNG","National","MNGt","Total",0.013,0.011,0.010,0.012,0.012,0.010,0.009,0.009,0.012,0.010,0.009,0.009,0.009,0.011,0.009,0.008,0.008,0.008,0.009,0.008,0.009,0.009,0.010,0.009,0.009,0.009,0.010,0.008,0.010,0.009,0.010,0.011,0.008
"Mongolia","Asia/Pacific","MNG","Subnat","MNGr103","Central (Dornogovi, Dundgovi, Umnugovi, Selenge, Tuv, Darkhan-Uul, Govisumber)",0.009,0.007,0.007,0.008,0.008,0.007,0.007,0.007,0.008,0.007,0.006,0.006,0.006,0.008,0.006,0.005,0.005,0.006,0.006,0.005,0.006,0.006,0.007,0.006,0.006,0.006,0.007,0.005,0.007,0.006,0.006,0.007,0.005
"Mongolia","Asia/Pacific","MNG","Subnat","MNGr104","Eastern (Dornod, Sukhbaatar, Khentii)",0.017,0.012,0.011,0.012,0.013,0.010,0.011,0.010,0.017,0.009,0.009,0.009,0.012,0.010,0.009,0.009,0.008,0.007,0.011,0.009,0.009,0.010,0.013,0.012,0.011,0.009,0.009,0.008,0.012,0.010,0.013,0.013,0.010
"Mongolia","Asia/Pacific","MNG","Subnat","MNGr102","Khangai (Arkhangai, Bayankhongor, Bulgan, Uvurkhangai, Khuvsgul, Orkhon)",0.013,0.012,0.012,0.014,0.014,0.010,0.010,0.011,0.012,0.011,0.011,0.010,0.008,0.013,0.010,0.010,0.010,0.011,0.011,0.009,0.010,0.010,0.011,0.011,0.010,0.011,0.014,0.009,0.012,0.010,0.010,0.014,0.009
"Mongolia","Asia/Pacific","MNG","Subnat","MNGr105","Ulaanbaatar",0.015,0.015,0.013,0.017,0.015,0.013,0.010,0.011,0.015,0.012,0.012,0.011,0.010,0.015,0.012,0.011,0.011,0.010,0.011,0.010,0.009,0.012,0.011,0.012,0.011,0.010,0.012,0.009,0.013,0.011,0.012,0.012,0.012
"Mongolia","Asia/Pacific","MNG","Subnat","MNGr101","Western (Bayan-Ulgii, Govi-Altai, Zavkhan, Uvs, Khovd)",0.009,0.009,0.009,0.011,0.010,0.008,0.008,0.008,0.008,0.008,0.008,0.007,0.006,0.011,0.007,0.007,0.006,0.007,0.007,0.006,0.008,0.007,0.008,0.007,0.006,0.008,0.009,0.006,0.008,0.008,0.008,0.008,0.005
"Montenegro","Europe","MNE","National","MNEt","Total",0.048,0.056,0.048,0.047,0.044,0.063,0.073,0.045,0.055,0.060,0.051,0.059,0.059,0.052,0.072,0.066,0.051,0.053,0.055,0.068,0.085,0.035,0.056,0.070,0.068,0.043,0.067,0.052,0.062,0.061,0.054,0.062,0.060
"Montenegro","Europe","MNE","Subnat","MNEr102","Centre",0.055,0.063,0.056,0.053,0.048,0.071,0.081,0.050,0.061,0.066,0.057,0.065,0.065,0.057,0.081,0.073,0.055,0.058,0.063,0.075,0.096,0.037,0.062,0.079,0.074,0.046,0.072,0.057,0.068,0.067,0.060,0.069,0.065
"Montenegro","Europe","MNE","Subnat","MNEr101","North",0.033,0.039,0.036,0.035,0.036,0.048,0.052,0.037,0.041,0.048,0.034,0.046,0.042,0.040,0.053,0.052,0.042,0.044,0.040,0.051,0.058,0.031,0.039,0.046,0.048,0.038,0.052,0.042,0.050,0.043,0.042,0.048,0.044
"Montenegro","Europe","MNE","Subnat","MNEr103","South",0.057,0.066,0.051,0.054,0.048,0.070,0.085,0.048,0.063,0.065,0.061,0.065,0.071,0.059,0.082,0.073,0.057,0.057,0.063,0.077,0.100,0.037,0.067,0.086,0.083,0.045,0.077,0.057,0.068,0.073,0.061,0.070,0.070
"Morocco","Africa","MAR","National","MARt","Total",0.011,0.013,0.009,0.011,0.009,0.011,0.020,0.014,0.009,0.010,0.010,0.008,0.012,0.014,0.010,0.008,0.012,0.009,0.014,0.014,0.018,0.013,0.011,0.011,0.013,0.010,0.011,0.007,0.016,0.009,0.009,0.010,0.008
"Morocco","Africa","MAR","Subnat","MARr103","Centre",0.015,0.017,0.012,0.014,0.013,0.015,0.025,0.019,0.012,0.014,0.012,0.009,0.017,0.019,0.014,0.010,0.016,0.011,0.016,0.019,0.022,0.018,0.015,0.013,0.018,0.014,0.015,0.010,0.023,0.011,0.011,0.013,0.011
"Morocco","Africa","MAR","Subnat","MARr102","Centre north",0.015,0.015,0.013,0.015,0.012,0.014,0.023,0.019,0.012,0.013,0.013,0.011,0.016,0.019,0.013,0.009,0.016,0.014,0.019,0.018,0.024,0.017,0.015,0.016,0.015,0.015,0.014,0.010,0.020,0.012,0.013,0.013,0.012
"Morocco","Africa","MAR","Subnat","MARr105","Centre south",0.008,0.010,0.008,0.010,0.008,0.009,0.014,0.010,0.007,0.007,0.007,0.005,0.009,0.010,0.008,0.006,0.012,0.007,0.012,0.010,0.012,0.010,0.009,0.008,0.011,0.009,0.009,0.006,0.013,0.008,0.007,0.007,0.007
"Morocco","Africa","MAR","Subnat","MARr104","Eastern",0.008,0.010,0.007,0.010,0.008,0.008,0.011,0.008,0.005,0.007,0.006,0.005,0.007,0.009,0.007,0.005,0.010,0.009,0.012,0.008,0.010,0.010,0.009,0.007,0.009,0.008,0.008,0.005,0.010,0.007,0.006,0.006,0.005
"Morocco","Africa","MAR","Subnat","MARr101","North west",0.019,0.020,0.015,0.019,0.014,0.016,0.040,0.027,0.016,0.016,0.021,0.015,0.022,0.025,0.016,0.012,0.018,0.016,0.023,0.028,0.038,0.022,0.019,0.022,0.020,0.014,0.019,0.013,0.029,0.014,0.016,0.018,0.015
"Morocco","Africa","MAR","Subnat","MARr107","South",0.002,0.004,0.002,0.002,0.002,0.002,0.004,0.002,0.003,0.003,0.001,0.001,0.002,0.003,0.002,0.003,0.003,0.002,0.002,0.003,0.004,0.002,0.003,0.002,0.004,0.003,0.003,0.001,0.003,0.001,0.001,0.002,0.002
"Morocco","Africa","MAR","Subnat","MARr106","Tensift",0.010,0.012,0.007,0.010,0.009,0.012,0.021,0.014,0.008,0.011,0.007,0.006,0.011,0.013,0.009,0.007,0.011,0.008,0.010,0.014,0.015,0.012,0.009,0.010,0.014,0.010,0.011,0.007,0.016,0.007,0.007,0.008,0.007
"Mozambique","Africa","MOZ","National","MOZt","Total",0.024,0.028,0.020,0.027,0.022,0.024,0.030,0.035,0.029,0.034,0.040,0.034,0.023,0.028,0.029,0.021,0.028,0.032,0.025,0.025,0.027,0.025,0.025,0.028,0.030,0.025,0.023,0.032,0.027,0.031,0.026,0.027,0.031
"Mozambique","Africa","MOZ","Subnat","MOZr102","Cabo delgado",0.025,0.036,0.027,0.030,0.030,0.032,0.027,0.030,0.024,0.030,0.033,0.027,0.033,0.027,0.034,0.021,0.035,0.032,0.031,0.026,0.025,0.030,0.032,0.028,0.036,0.030,0.029,0.032,0.031,0.042,0.022,0.026,0.032
"Mozambique","Africa","MOZ","Subnat","MOZr109","Gaza",0.015,0.014,0.015,0.018,0.014,0.011,0.022,0.017,0.023,0.030,0.032,0.030,0.011,0.017,0.019,0.014,0.018,0.020,0.013,0.013,0.017,0.016,0.013,0.024,0.022,0.009,0.014,0.021,0.015,0.016,0.018,0.021,0.016
"Mozambique","Africa","MOZ","Subnat","MOZr108","Inhambane",0.016,0.017,0.014,0.018,0.016,0.012,0.021,0.021,0.031,0.038,0.038,0.031,0.015,0.023,0.020,0.017,0.019,0.023,0.015,0.019,0.018,0.018,0.014,0.019,0.019,0.012,0.017,0.026,0.017,0.019,0.016,0.023,0.017
"Mozambique","Africa","MOZ","Subnat","MOZr106","Manica",0.025,0.022,0.018,0.027,0.020,0.023,0.034,0.040,0.031,0.033,0.043,0.037,0.017,0.030,0.028,0.023,0.024,0.036,0.024,0.026,0.031,0.025,0.023,0.032,0.032,0.020,0.023,0.033,0.030,0.033,0.029,0.026,0.031
"Mozambique","Africa","MOZ","Subnat","MOZr111","Maputo Cidade",0.026,0.025,0.017,0.024,0.016,0.020,0.027,0.031,0.030,0.037,0.046,0.034,0.016,0.020,0.025,0.020,0.028,0.023,0.024,0.021,0.025,0.022,0.022,0.026,0.026,0.015,0.019,0.031,0.023,0.023,0.027,0.032,0.027
"Mozambique","Africa","MOZ","Subnat","MOZr110","Maputo Provincia",0.022,0.020,0.016,0.020,0.014,0.018,0.024,0.026,0.028,0.037,0.041,0.033,0.014,0.019,0.023,0.018,0.026,0.020,0.019,0.018,0.022,0.021,0.017,0.025,0.023,0.013,0.016,0.025,0.019,0.019,0.025,0.028,0.024
"Mozambique","Africa","MOZ","Subnat","MOZr103","Nampula",0.027,0.038,0.026,0.035,0.030,0.035,0.037,0.041,0.028,0.035,0.041,0.031,0.033,0.037,0.031,0.022,0.031,0.041,0.032,0.029,0.029,0.028,0.033,0.029,0.035,0.045,0.029,0.034,0.033,0.036,0.023,0.026,0.040
"Mozambique","Africa","MOZ","Subnat","MOZr101","Niassa",0.029,0.039,0.028,0.034,0.032,0.036,0.033,0.040,0.027,0.034,0.042,0.034,0.037,0.037,0.038,0.024,0.038,0.039,0.036,0.033,0.033,0.035,0.035,0.034,0.037,0.034,0.030,0.038,0.038,0.042,0.029,0.034,0.042
"Mozambique","Africa","MOZ","Subnat","MOZr107","Sofala",0.025,0.026,0.017,0.026,0.022,0.021,0.034,0.041,0.034,0.036,0.042,0.039,0.018,0.029,0.029,0.023,0.024,0.037,0.022,0.023,0.030,0.025,0.022,0.031,0.030,0.022,0.021,0.032,0.027,0.036,0.029,0.029,0.031
"Mozambique","Africa","MOZ","Subnat","MOZr105","Tete",0.025,0.027,0.019,0.030,0.020,0.024,0.032,0.048,0.028,0.030,0.039,0.037,0.024,0.031,0.033,0.022,0.033,0.038,0.032,0.033,0.037,0.026,0.031,0.029,0.030,0.032,0.026,0.038,0.029,0.032,0.031,0.031,0.036
"Mozambique","Africa","MOZ","Subnat","MOZr104","Zambezia",0.030,0.042,0.021,0.032,0.031,0.032,0.040,0.052,0.034,0.039,0.045,0.038,0.029,0.038,0.038,0.027,0.032,0.039,0.029,0.031,0.033,0.031,0.034,0.034,0.036,0.040,0.031,0.039,0.032,0.041,0.031,0.028,0.047
"Myanmar","Asia/Pacific","MMR","National","MMRt","Total",0.083,0.086,0.074,0.076,0.088,0.079,0.082,0.077,0.067,0.085,0.081,0.077,0.081,0.076,0.076,0.078,0.082,0.087,0.088,0.080,0.072,0.087,0.081,0.081,0.071,0.078,0.077,0.080,0.084,0.074,0.068,0.074,0.073
"Myanmar","Asia/Pacific","MMR","Subnat","MMRr114","Ayeyarwaddy",0.077,0.076,0.073,0.071,0.083,0.075,0.074,0.066,0.062,0.081,0.074,0.074,0.076,0.079,0.075,0.082,0.086,0.086,0.097,0.087,0.072,0.093,0.083,0.087,0.084,0.075,0.077,0.079,0.082,0.079,0.071,0.080,0.083
"Myanmar","Asia/Pacific","MMR","Subnat","MMRr107","Bago",0.074,0.076,0.071,0.069,0.084,0.071,0.074,0.070,0.054,0.080,0.075,0.067,0.076,0.072,0.067,0.074,0.079,0.083,0.093,0.075,0.064,0.083,0.075,0.078,0.071,0.071,0.072,0.076,0.081,0.078,0.061,0.070,0.067
"Myanmar","Asia/Pacific","MMR","Subnat","MMRr104","Chin",0.081,0.080,0.067,0.071,0.071,0.072,0.079,0.068,0.068,0.072,0.072,0.072,0.068,0.072,0.074,0.064,0.068,0.088,0.072,0.066,0.072,0.079,0.074,0.075,0.058,0.085,0.077,0.081,0.070,0.062,0.065,0.068,0.056
"Myanmar","Asia/Pacific","MMR","Subnat","MMRr101","Kachin",0.146,0.156,0.117,0.137,0.111,0.139,0.133,0.124,0.143,0.121,0.132,0.113,0.108,0.113,0.122,0.100,0.095,0.127,0.121,0.110,0.131,0.111,0.121,0.102,0.100,0.111,0.111,0.113,0.109,0.099,0.124,0.092,0.107
"Myanmar","Asia/Pacific","MMR","Subnat","MMRr102","Kayah",0.052,0.055,0.051,0.045,0.064,0.050,0.059,0.048,0.034,0.062,0.058,0.051,0.058,0.049,0.051,0.056,0.056,0.062,0.062,0.051,0.044,0.065,0.051,0.056,0.047,0.049,0.057,0.061,0.065,0.051,0.040,0.050,0.048
"Myanmar","Asia/Pacific","MMR","Subnat","MMRr103","Kayin",0.104,0.109,0.095,0.090,0.137,0.101,0.102,0.106,0.072,0.111,0.105,0.092,0.111,0.090,0.088,0.102,0.110,0.106,0.113,0.106,0.076,0.113,0.107,0.101,0.089,0.098,0.094,0.095,0.118,0.108,0.075,0.096,0.091
"Myanmar","Asia/Pacific","MMR","Subnat","MMRr108","Magway",0.047,0.050,0.047,0.041,0.047,0.043,0.049,0.044,0.030,0.047,0.044,0.045,0.051,0.049,0.046,0.047,0.053,0.058,0.051,0.044,0.045,0.054,0.045,0.049,0.034,0.046,0.047,0.049,0.050,0.040,0.035,0.045,0.040
"Myanmar","Asia/Pacific","MMR","Subnat","MMRr109","Mandalay, NayPyitaw",0.045,0.047,0.045,0.040,0.048,0.039,0.049,0.040,0.030,0.044,0.043,0.046,0.048,0.043,0.043,0.042,0.053,0.050,0.044,0.041,0.042,0.052,0.038,0.046,0.032,0.041,0.047,0.047,0.049,0.037,0.031,0.039,0.037
"Myanmar","Asia/Pacific","MMR","Subnat","MMRr110","Mon",0.121,0.120,0.107,0.108,0.146,0.110,0.112,0.114,0.092,0.127,0.114,0.106,0.123,0.108,0.103,0.121,0.127,0.120,0.137,0.124,0.093,0.128,0.121,0.121,0.107,0.113,0.105,0.110,0.126,0.120,0.092,0.108,0.114
"Myanmar","Asia/Pacific","MMR","Subnat","MMRr111","Rakhine",0.106,0.118,0.093,0.099,0.106,0.099,0.105,0.101,0.081,0.100,0.095,0.097,0.102,0.101,0.102,0.108,0.110,0.119,0.108,0.102,0.089,0.108,0.112,0.103,0.086,0.099,0.097,0.099,0.103,0.102,0.086,0.096,0.082
"Myanmar","Asia/Pacific","MMR","Subnat","MMRr105","Sagaing",0.083,0.085,0.067,0.079,0.072,0.078,0.077,0.074,0.074,0.079,0.075,0.073,0.073,0.069,0.078,0.057,0.063,0.078,0.076,0.064,0.077,0.080,0.064,0.067,0.057,0.074,0.069,0.073,0.068,0.055,0.065,0.049,0.058
"Myanmar","Asia/Pacific","MMR","Subnat","MMRr113","Shan",0.063,0.063,0.056,0.057,0.068,0.060,0.062,0.055,0.050,0.064,0.062,0.062,0.059,0.054,0.062,0.055,0.059,0.058,0.065,0.054,0.055,0.064,0.057,0.062,0.051,0.060,0.058,0.060,0.066,0.042,0.050,0.051,0.052
"Myanmar","Asia/Pacific","MMR","Subnat","MMRr106","Taninthayi",0.082,0.092,0.074,0.086,0.104,0.091,0.105,0.095,0.085,0.113,0.105,0.104,0.097,0.093,0.080,0.099,0.099,0.097,0.097,0.106,0.077,0.098,0.104,0.097,0.091,0.086,0.090,0.100,0.108,0.095,0.083,0.109,0.102
"Myanmar","Asia/Pacific","MMR","Subnat","MMRr112","Yangon",0.081,0.073,0.078,0.072,0.087,0.077,0.074,0.070,0.065,0.091,0.081,0.071,0.080,0.077,0.072,0.084,0.089,0.084,0.103,0.088,0.070,0.089,0.083,0.086,0.083,0.077,0.078,0.083,0.081,0.076,0.069,0.079,0.085
"Namibia","Africa","NAM","National","NAMt","Total",0.015,0.017,0.008,0.015,0.012,0.010,0.011,0.017,0.011,0.014,0.014,0.016,0.013,0.012,0.016,0.014,0.022,0.008,0.019,0.018,0.017,0.025,0.017,0.011,0.015,0.009,0.011,0.018,0.013,0.009,0.016,0.017,0.013
"Namibia","Africa","NAM","Subnat","NAMr101","Caprivi",0.019,0.025,0.017,0.030,0.022,0.016,0.022,0.022,0.021,0.018,0.029,0.025,0.015,0.020,0.025,0.025,0.026,0.020,0.034,0.022,0.026,0.029,0.023,0.026,0.025,0.016,0.026,0.032,0.028,0.016,0.029,0.025,0.025
"Namibia","Africa","NAM","Subnat","NAMr102","Erongo",0.005,0.006,0.002,0.005,0.005,0.004,0.003,0.008,0.002,0.005,0.005,0.008,0.006,0.003,0.008,0.006,0.012,0.002,0.008,0.010,0.006,0.017,0.007,0.004,0.005,0.004,0.002,0.005,0.004,0.002,0.004,0.006,0.006
"Namibia","Africa","NAM","Subnat","NAMr103","Hardap",0.004,0.009,0.002,0.007,0.006,0.003,0.005,0.009,0.004,0.006,0.008,0.008,0.005,0.004,0.008,0.006,0.013,0.002,0.008,0.007,0.008,0.016,0.008,0.004,0.006,0.005,0.004,0.007,0.005,0.003,0.006,0.009,0.006
"Namibia","Africa","NAM","Subnat","NAMr104","Karas",0.004,0.006,0.002,0.005,0.004,0.003,0.005,0.004,0.003,0.004,0.007,0.006,0.004,0.003,0.006,0.005,0.009,0.003,0.005,0.005,0.004,0.009,0.006,0.003,0.004,0.003,0.003,0.003,0.003,0.002,0.003,0.006,0.006
"Namibia","Africa","NAM","Subnat","NAMr108","Kavango",0.022,0.027,0.013,0.023,0.019,0.015,0.015,0.023,0.019,0.022,0.024,0.023,0.017,0.019,0.023,0.019,0.031,0.016,0.026,0.026,0.027,0.034,0.022,0.018,0.025,0.011,0.020,0.027,0.021,0.013,0.028,0.032,0.020
"Namibia","Africa","NAM","Subnat","NAMr105","Khomas",0.011,0.016,0.006,0.013,0.011,0.007,0.007,0.016,0.006,0.012,0.012,0.015,0.010,0.009,0.016,0.012,0.027,0.005,0.015,0.016,0.014,0.027,0.016,0.008,0.012,0.010,0.006,0.013,0.009,0.006,0.012,0.016,0.011
"Namibia","Africa","NAM","Subnat","NAMr106","Kunene",0.012,0.012,0.006,0.009,0.007,0.010,0.007,0.011,0.006,0.011,0.007,0.011,0.012,0.009,0.013,0.011,0.016,0.005,0.018,0.014,0.012,0.022,0.011,0.005,0.011,0.009,0.006,0.012,0.008,0.004,0.008,0.008,0.009
"Namibia","Africa","NAM","Subnat","NAMr107","Ohangwena",0.026,0.025,0.014,0.021,0.018,0.016,0.015,0.024,0.018,0.022,0.018,0.025,0.021,0.022,0.023,0.020,0.028,0.013,0.027,0.032,0.027,0.034,0.026,0.018,0.022,0.014,0.016,0.025,0.020,0.016,0.025,0.023,0.019
"Namibia","Africa","NAM","Subnat","NAMr109","Omaheke",0.014,0.020,0.008,0.018,0.013,0.008,0.011,0.019,0.011,0.015,0.016,0.017,0.012,0.010,0.014,0.014,0.026,0.007,0.013,0.016,0.021,0.022,0.016,0.008,0.021,0.009,0.010,0.022,0.011,0.009,0.016,0.023,0.011
"Namibia","Africa","NAM","Subnat","NAMr110","Omusati",0.017,0.017,0.007,0.014,0.010,0.013,0.011,0.018,0.010,0.015,0.009,0.016,0.016,0.016,0.015,0.013,0.023,0.007,0.022,0.021,0.018,0.029,0.019,0.010,0.013,0.010,0.009,0.017,0.015,0.009,0.015,0.011,0.013
"Namibia","Africa","NAM","Subnat","NAMr111","Oshana",0.019,0.019,0.007,0.015,0.012,0.012,0.011,0.019,0.011,0.017,0.011,0.018,0.017,0.017,0.016,0.014,0.021,0.009,0.021,0.024,0.019,0.028,0.020,0.011,0.014,0.009,0.010,0.021,0.016,0.011,0.020,0.015,0.013
"Namibia","Africa","NAM","Subnat","NAMr112","Oshikoto",0.022,0.022,0.011,0.020,0.015,0.013,0.014,0.022,0.015,0.020,0.016,0.021,0.017,0.018,0.020,0.017,0.026,0.010,0.024,0.025,0.023,0.032,0.022,0.014,0.021,0.012,0.015,0.025,0.017,0.013,0.023,0.024,0.017
"Namibia","Africa","NAM","Subnat","NAMr113","Otjozondjupa",0.019,0.022,0.010,0.019,0.016,0.011,0.012,0.020,0.013,0.019,0.018,0.019,0.015,0.013,0.018,0.016,0.030,0.010,0.020,0.020,0.022,0.030,0.020,0.011,0.020,0.010,0.012,0.024,0.013,0.010,0.020,0.026,0.015
"Nepal","Asia/Pacific","NPL","National","NPLt","Total",0.074,0.059,0.052,0.069,0.059,0.071,0.069,0.065,0.075,0.067,0.071,0.062,0.068,0.072,0.063,0.060,0.058,0.081,0.072,0.061,0.072,0.074,0.065,0.074,0.064,0.061,0.071,0.069,0.071,0.073,0.082,0.085,0.070
"Nepal","Asia/Pacific","NPL","Subnat","NPLr102","Central",0.076,0.060,0.051,0.072,0.062,0.078,0.062,0.067,0.075,0.084,0.070,0.070,0.074,0.080,0.073,0.060,0.062,0.090,0.072,0.069,0.075,0.076,0.071,0.075,0.072,0.059,0.076,0.075,0.074,0.078,0.091,0.098,0.072
"Nepal","Asia/Pacific","NPL","Subnat","NPLr101","Eastern",0.092,0.077,0.062,0.090,0.073,0.092,0.080,0.077,0.100,0.082,0.088,0.077,0.086,0.092,0.088,0.078,0.079,0.094,0.091,0.079,0.091,0.101,0.085,0.086,0.085,0.083,0.096,0.090,0.094,0.096,0.105,0.095,0.086
"Nepal","Asia/Pacific","NPL","Subnat","NPLr105","Far-western",0.067,0.057,0.053,0.063,0.057,0.065,0.073,0.064,0.066,0.053,0.071,0.052,0.065,0.064,0.047,0.057,0.046,0.074,0.071,0.055,0.068,0.067,0.056,0.070,0.052,0.055,0.057,0.054,0.059,0.060,0.060,0.068,0.063
"Nepal","Asia/Pacific","NPL","Subnat","NPLr104","Mid-western",0.056,0.041,0.042,0.048,0.045,0.049,0.057,0.050,0.052,0.047,0.055,0.043,0.048,0.052,0.040,0.046,0.040,0.057,0.051,0.040,0.049,0.050,0.048,0.059,0.044,0.045,0.047,0.047,0.049,0.053,0.056,0.063,0.053
"Nepal","Asia/Pacific","NPL","Subnat","NPLr103","Western",0.078,0.062,0.054,0.073,0.060,0.071,0.075,0.067,0.082,0.068,0.073,0.066,0.070,0.074,0.068,0.057,0.062,0.089,0.072,0.062,0.077,0.077,0.067,0.080,0.069,0.064,0.081,0.075,0.079,0.079,0.099,0.100,0.076
"Netherlands","Europe","NLD","National","NLDt","Total",0.026,0.023,0.028,0.032,0.030,0.026,0.021,0.024,0.037,0.030,0.032,0.033,0.032,0.022,0.029,0.027,0.027,0.032,0.029,0.027,0.028,0.027,0.032,0.026,0.029,0.029,0.026,0.030,0.022,0.029,0.028,0.033,0.027
"Netherlands","Europe","NLD","Subnat","NLDr103","Drenthe",0.026,0.023,0.028,0.033,0.031,0.027,0.021,0.025,0.036,0.029,0.030,0.033,0.031,0.022,0.030,0.024,0.026,0.033,0.029,0.026,0.027,0.026,0.031,0.025,0.029,0.028,0.025,0.030,0.020,0.027,0.029,0.032,0.027
"Netherlands","Europe","NLD","Subnat","NLDr106","Flevoland",0.028,0.023,0.029,0.033,0.031,0.027,0.022,0.025,0.039,0.032,0.033,0.035,0.033,0.023,0.031,0.028,0.028,0.033,0.031,0.027,0.028,0.028,0.033,0.027,0.030,0.030,0.027,0.031,0.023,0.030,0.030,0.033,0.028
"Netherlands","Europe","NLD","Subnat","NLDr102","Friesland",0.029,0.023,0.030,0.032,0.033,0.028,0.022,0.024,0.039,0.033,0.034,0.035,0.033,0.023,0.033,0.028,0.030,0.034,0.033,0.029,0.029,0.028,0.035,0.026,0.029,0.031,0.025,0.032,0.022,0.030,0.031,0.034,0.028
"Netherlands","Europe","NLD","Subnat","NLDr105","Gelderland",0.027,0.022,0.028,0.033,0.030,0.024,0.021,0.024,0.037,0.028,0.031,0.032,0.033,0.022,0.029,0.027,0.026,0.032,0.028,0.027,0.027,0.027,0.031,0.026,0.029,0.029,0.027,0.030,0.022,0.028,0.026,0.033,0.028
"Netherlands","Europe","NLD","Subnat","NLDr101","Groningen",0.028,0.023,0.028,0.033,0.032,0.028,0.021,0.025,0.038,0.030,0.030,0.035,0.032,0.023,0.031,0.026,0.028,0.035,0.030,0.027,0.028,0.027,0.033,0.027,0.028,0.029,0.025,0.031,0.020,0.029,0.030,0.033,0.028
"Netherlands","Europe","NLD","Subnat","NLDr112","Limburg",0.026,0.022,0.026,0.031,0.029,0.026,0.022,0.025,0.035,0.028,0.032,0.031,0.032,0.022,0.028,0.027,0.026,0.031,0.028,0.028,0.029,0.025,0.029,0.027,0.029,0.027,0.028,0.029,0.022,0.029,0.025,0.035,0.027
"Netherlands","Europe","NLD","Subnat","NLDr111","Noord-Brabant",0.025,0.022,0.026,0.031,0.029,0.025,0.021,0.024,0.036,0.027,0.031,0.032,0.032,0.022,0.027,0.026,0.027,0.030,0.026,0.027,0.028,0.026,0.030,0.027,0.030,0.027,0.028,0.028,0.023,0.028,0.026,0.033,0.028
"Netherlands","Europe","NLD","Subnat","NLDr108","Noord-Holland",0.027,0.023,0.030,0.030,0.031,0.026,0.022,0.023,0.038,0.033,0.036,0.034,0.033,0.022,0.030,0.029,0.029,0.032,0.032,0.028,0.028,0.029,0.036,0.027,0.030,0.030,0.026,0.031,0.024,0.031,0.030,0.033,0.028
"Netherlands","Europe","NLD","Subnat","NLDr104","Overijssel",0.027,0.023,0.028,0.034,0.031,0.025,0.021,0.025,0.037,0.028,0.030,0.033,0.032,0.022,0.030,0.025,0.026,0.032,0.029,0.027,0.027,0.026,0.031,0.026,0.029,0.029,0.026,0.031,0.021,0.027,0.027,0.033,0.027
"Netherlands","Europe","NLD","Subnat","NLDr107","Utrecht",0.025,0.022,0.027,0.031,0.029,0.024,0.021,0.023,0.038,0.029,0.031,0.033,0.033,0.022,0.028,0.027,0.027,0.032,0.028,0.026,0.027,0.028,0.033,0.026,0.029,0.028,0.026,0.029,0.023,0.028,0.027,0.032,0.027
"Netherlands","Europe","NLD","Subnat","NLDr110","Zeeland",0.024,0.024,0.025,0.028,0.028,0.025,0.022,0.023,0.035,0.028,0.033,0.033,0.029,0.022,0.026,0.025,0.027,0.030,0.028,0.024,0.028,0.025,0.032,0.026,0.029,0.026,0.026,0.026,0.023,0.028,0.027,0.032,0.027
"Netherlands","Europe","NLD","Subnat","NLDr109","Zuid-Holland",0.025,0.024,0.027,0.030,0.030,0.025,0.021,0.024,0.038,0.030,0.033,0.034,0.032,0.022,0.028,0.027,0.028,0.032,0.028,0.026,0.028,0.029,0.034,0.027,0.030,0.028,0.026,0.029,0.024,0.029,0.028,0.033,0.027
"New Zealand","Asia/Pacific","NZL","National","NZLt","Total",0.048,0.048,0.048,0.044,0.049,0.056,0.053,0.046,0.053,0.045,0.048,0.047,0.047,0.047,0.056,0.042,0.051,0.043,0.047,0.047,0.051,0.053,0.048,0.047,0.047,0.045,0.052,0.051,0.055,0.048,0.044,0.052,0.057
"New Zealand","Asia/Pacific","NZL","Subnat","NZLr102","Auckland",0.035,0.036,0.039,0.031,0.031,0.042,0.044,0.039,0.041,0.033,0.035,0.043,0.035,0.040,0.041,0.035,0.035,0.039,0.038,0.038,0.034,0.044,0.037,0.032,0.037,0.032,0.038,0.040,0.046,0.030,0.028,0.040,0.046
"New Zealand","Asia/Pacific","NZL","Subnat","NZLr104","Bay of Plenty",0.049,0.047,0.049,0.035,0.043,0.054,0.052,0.046,0.051,0.045,0.044,0.056,0.040,0.049,0.060,0.041,0.048,0.042,0.046,0.046,0.055,0.063,0.047,0.042,0.040,0.039,0.052,0.058,0.058,0.042,0.038,0.047,0.066
"New Zealand","Asia/Pacific","NZL","Subnat","NZLr113","Canterbury",0.041,0.041,0.041,0.044,0.044,0.050,0.043,0.041,0.043,0.039,0.046,0.034,0.040,0.038,0.045,0.034,0.047,0.034,0.042,0.039,0.047,0.040,0.041,0.046,0.042,0.036,0.043,0.041,0.050,0.043,0.036,0.048,0.047
"New Zealand","Asia/Pacific","NZL","Subnat","NZLr105","Gisborne",0.037,0.034,0.045,0.034,0.034,0.042,0.047,0.043,0.036,0.041,0.036,0.047,0.034,0.045,0.047,0.041,0.044,0.036,0.038,0.043,0.050,0.049,0.038,0.039,0.037,0.034,0.041,0.045,0.051,0.037,0.034,0.042,0.056
"New Zealand","Asia/Pacific","NZL","Subnat","NZLr106","Hawkes Bay",0.035,0.035,0.041,0.032,0.027,0.038,0.039,0.034,0.028,0.032,0.031,0.036,0.031,0.036,0.042,0.035,0.038,0.031,0.028,0.037,0.042,0.041,0.036,0.033,0.030,0.031,0.033,0.042,0.045,0.031,0.030,0.034,0.047
"New Zealand","Asia/Pacific","NZL","Subnat","NZLr108","Manawatu-Wanganui",0.044,0.048,0.048,0.037,0.045,0.050,0.051,0.038,0.044,0.038,0.041,0.041,0.045,0.040,0.056,0.039,0.047,0.038,0.041,0.044,0.045,0.048,0.042,0.038,0.041,0.042,0.045,0.051,0.050,0.041,0.039,0.043,0.053
"New Zealand","Asia/Pacific","NZL","Subnat","NZLr111","Marlborough",0.035,0.035,0.038,0.039,0.037,0.050,0.039,0.031,0.043,0.036,0.037,0.032,0.031,0.032,0.042,0.028,0.040,0.029,0.040,0.034,0.040,0.042,0.039,0.042,0.038,0.031,0.040,0.041,0.044,0.037,0.033,0.043,0.046
"New Zealand","Asia/Pacific","NZL","Subnat","NZLr101","Northland",0.031,0.032,0.038,0.030,0.030,0.041,0.042,0.034,0.042,0.040,0.035,0.045,0.037,0.043,0.038,0.032,0.034,0.039,0.042,0.037,0.036,0.045,0.040,0.033,0.040,0.031,0.038,0.040,0.044,0.027,0.029,0.042,0.045
"New Zealand","Asia/Pacific","NZL","Subnat","NZLr114","Otago",0.045,0.047,0.040,0.047,0.050,0.052,0.044,0.045,0.048,0.044,0.047,0.040,0.048,0.038,0.049,0.038,0.045,0.040,0.043,0.042,0.049,0.044,0.045,0.046,0.045,0.044,0.047,0.039,0.050,0.051,0.044,0.047,0.041
"New Zealand","Asia/Pacific","NZL","Subnat","NZLr116","Other islands (Chatham Islands, Northern Islands, Southern Islands)",0.035,0.038,0.038,0.034,0.039,0.035,0.040,0.036,0.039,0.033,0.048,0.039,0.036,0.038,0.039,0.041,0.035,0.037,0.045,0.034,0.037,0.043,0.038,0.049,0.042,0.035,0.033,0.038,0.038,0.042,0.037,0.038,0.049
"New Zealand","Asia/Pacific","NZL","Subnat","NZLr115","Southland",0.074,0.075,0.062,0.071,0.082,0.074,0.069,0.077,0.080,0.069,0.072,0.066,0.081,0.068,0.080,0.067,0.075,0.069,0.068,0.069,0.076,0.067,0.072,0.076,0.074,0.075,0.083,0.062,0.075,0.087,0.072,0.077,0.061
"New Zealand","Asia/Pacific","NZL","Subnat","NZLr107","Taranaki",0.049,0.050,0.048,0.038,0.051,0.057,0.056,0.041,0.056,0.046,0.046,0.045,0.047,0.044,0.058,0.043,0.050,0.041,0.047,0.044,0.047,0.055,0.047,0.044,0.044,0.048,0.049,0.057,0.054,0.047,0.044,0.050,0.059
"New Zealand","Asia/Pacific","NZL","Subnat","NZLr110","Tasman - Nelson",0.057,0.054,0.054,0.053,0.062,0.071,0.063,0.051,0.072,0.052,0.059,0.051,0.055,0.053,0.064,0.041,0.062,0.049,0.058,0.051,0.058,0.060,0.056,0.058,0.058,0.051,0.066,0.056,0.059,0.057,0.053,0.067,0.067
"New Zealand","Asia/Pacific","NZL","Subnat","NZLr103","Waikato",0.048,0.049,0.047,0.035,0.045,0.052,0.052,0.042,0.049,0.039,0.044,0.048,0.042,0.045,0.053,0.041,0.044,0.042,0.044,0.045,0.046,0.053,0.045,0.038,0.039,0.040,0.047,0.055,0.054,0.038,0.036,0.044,0.059
"New Zealand","Asia/Pacific","NZL","Subnat","NZLr109","Wellington",0.031,0.034,0.039,0.032,0.032,0.041,0.040,0.030,0.032,0.033,0.032,0.032,0.032,0.033,0.047,0.029,0.042,0.027,0.036,0.034,0.036,0.039,0.035,0.038,0.034,0.033,0.036,0.040,0.044,0.032,0.034,0.036,0.045
"New Zealand","Asia/Pacific","NZL","Subnat","NZLr112","West Coast",0.111,0.106,0.089,0.100,0.121,0.122,0.109,0.104,0.131,0.095,0.112,0.094,0.112,0.096,0.113,0.084,0.112,0.091,0.099,0.099,0.110,0.098,0.099,0.104,0.110,0.105,0.122,0.092,0.100,0.120,0.105,0.121,0.110
"Nicaragua","America","NIC","National","NICt","Total",0.049,0.042,0.041,0.061,0.042,0.060,0.056,0.046,0.059,0.057,0.044,0.043,0.048,0.048,0.047,0.061,0.049,0.057,0.061,0.049,0.071,0.058,0.048,0.054,0.051,0.049,0.058,0.065,0.052,0.048,0.071,0.047,0.072
"Nicaragua","America","NIC","Subnat","NICr103","Atlantico (Rio San Juan, Atlantico Norte (Raan), Atlantico Sur (Raas))",0.071,0.061,0.057,0.075,0.060,0.063,0.069,0.062,0.067,0.067,0.061,0.063,0.066,0.066,0.072,0.074,0.067,0.068,0.071,0.070,0.070,0.068,0.064,0.073,0.069,0.066,0.075,0.077,0.069,0.063,0.082,0.063,0.084
"Nicaragua","America","NIC","Subnat","NICr102","Central-Norte (Boaco, Chontales, Jinotega, Matagalpa, Esteli, Madriz, Nueva Segovia)",0.042,0.035,0.034,0.055,0.035,0.050,0.048,0.040,0.049,0.048,0.033,0.033,0.041,0.037,0.036,0.051,0.040,0.047,0.051,0.039,0.061,0.047,0.042,0.047,0.045,0.044,0.049,0.058,0.046,0.042,0.062,0.037,0.060
"Nicaragua","America","NIC","Subnat","NICr101","Pacifico (Chinandega, Leon, Managua, Masaya, Granada, Carazo, Rivas)",0.035,0.030,0.032,0.054,0.030,0.065,0.052,0.037,0.060,0.058,0.036,0.032,0.036,0.040,0.034,0.057,0.041,0.057,0.060,0.037,0.083,0.058,0.039,0.044,0.039,0.036,0.050,0.060,0.042,0.040,0.069,0.039,0.071
"Niger","Africa","NER","National","NERt","Total",0.004,0.007,0.006,0.004,0.007,0.005,0.004,0.005,0.008,0.009,0.004,0.005,0.005,0.006,0.004,0.005,0.005,0.006,0.005,0.004,0.007,0.004,0.007,0.005,0.006,0.006,0.007,0.007,0.006,0.007,0.007,0.004,0.005
"Niger","Africa","NER","Subnat","NERr101","Agadez",0.000,0.001,0.001,0.000,0.001,0.001,0.000,0.001,0.001,0.001,0.001,0.000,0.000,0.001,0.000,0.001,0.000,0.001,0.000,0.000,0.001,0.000,0.001,0.001,0.001,0.001,0.001,0.001,0.001,0.001,0.001,0.000,0.000
"Niger","Africa","NER","Subnat","NERr102","Diffa",0.002,0.003,0.003,0.001,0.004,0.003,0.001,0.002,0.004,0.005,0.002,0.002,0.002,0.002,0.001,0.002,0.002,0.002,0.002,0.002,0.004,0.002,0.002,0.001,0.002,0.002,0.003,0.002,0.003,0.003,0.002,0.002,0.002
"Niger","Africa","NER","Subnat","NERr103","Dosso",0.008,0.013,0.012,0.008,0.013,0.011,0.008,0.009,0.015,0.015,0.009,0.011,0.012,0.012,0.008,0.010,0.010,0.012,0.010,0.010,0.012,0.007,0.016,0.012,0.015,0.014,0.015,0.012,0.012,0.014,0.013,0.008,0.012
"Niger","Africa","NER","Subnat","NERr104","Maradi",0.006,0.010,0.008,0.006,0.010,0.007,0.005,0.008,0.013,0.012,0.006,0.007,0.008,0.008,0.005,0.008,0.007,0.008,0.006,0.005,0.010,0.007,0.009,0.007,0.008,0.009,0.009,0.011,0.009,0.011,0.012,0.005,0.008
"Niger","Africa","NER","Subnat","NERr106","Tahoua",0.003,0.006,0.004,0.003,0.005,0.004,0.003,0.004,0.006,0.008,0.004,0.004,0.004,0.005,0.003,0.005,0.003,0.005,0.003,0.003,0.006,0.004,0.005,0.004,0.005,0.006,0.005,0.006,0.005,0.008,0.006,0.002,0.004
"Niger","Africa","NER","Subnat","NERr105","Tillabery (incl Niamey)",0.006,0.009,0.007,0.006,0.009,0.007,0.005,0.006,0.010,0.012,0.006,0.008,0.008,0.009,0.005,0.008,0.006,0.009,0.006,0.006,0.009,0.006,0.012,0.008,0.008,0.009,0.010,0.010,0.008,0.009,0.009,0.004,0.006
"Niger","Africa","NER","Subnat","NERr107","Zinder",0.004,0.005,0.004,0.003,0.007,0.005,0.002,0.004,0.007,0.008,0.003,0.004,0.004,0.005,0.003,0.005,0.004,0.004,0.004,0.003,0.007,0.004,0.004,0.004,0.005,0.005,0.005,0.005,0.006,0.006,0.004,0.004,0.004
"Nigeria","Africa","NGA","National","NGAt","Total",0.046,0.048,0.045,0.045,0.051,0.050,0.046,0.045,0.043,0.051,0.044,0.042,0.046,0.043,0.044,0.042,0.045,0.045,0.046,0.046,0.047,0.044,0.048,0.045,0.050,0.044,0.051,0.046,0.046,0.052,0.042,0.039,0.039
"Nigeria","Africa","NGA","Subnat","NGAr122","Abia",0.077,0.076,0.071,0.074,0.072,0.082,0.068,0.071,0.063,0.076,0.067,0.063,0.072,0.067,0.072,0.066,0.071,0.072,0.073,0.078,0.071,0.070,0.070,0.076,0.076,0.073,0.081,0.076,0.072,0.076,0.064,0.066,0.057
"Nigeria","Africa","NGA","Subnat","NGAr137","Abuja FCT",0.041,0.047,0.043,0.048,0.055,0.052,0.047,0.049,0.048,0.049,0.046,0.041,0.044,0.037,0.042,0.040,0.041,0.040,0.040,0.044,0.042,0.036,0.055,0.044,0.046,0.038,0.048,0.035,0.039,0.053,0.033,0.029,0.033
"Nigeria","Africa","NGA","Subnat","NGAr108","Adamawa",0.027,0.027,0.030,0.026,0.035,0.030,0.030,0.028,0.031,0.035,0.026,0.025,0.025,0.028,0.025,0.025,0.023,0.026,0.028,0.026,0.028,0.024,0.033,0.027,0.030,0.024,0.026,0.027,0.028,0.032,0.021,0.025,0.033
"Nigeria","Africa","NGA","Subnat","NGAr101","Akwa Ibom",0.106,0.098,0.094,0.103,0.098,0.109,0.092,0.098,0.088,0.106,0.093,0.090,0.106,0.092,0.095,0.094,0.100,0.114,0.096,0.113,0.104,0.101,0.091,0.108,0.103,0.101,0.117,0.109,0.105,0.117,0.091,0.097,0.079
"Nigeria","Africa","NGA","Subnat","NGAr102","Anambra",0.061,0.057,0.052,0.054,0.057,0.069,0.054,0.056,0.044,0.058,0.052,0.049,0.056,0.048,0.054,0.051,0.052,0.053,0.055,0.059,0.055,0.054,0.052,0.059,0.062,0.053,0.058,0.053,0.057,0.059,0.050,0.043,0.043
"Nigeria","Africa","NGA","Subnat","NGAr103","Bauchi",0.025,0.029,0.029,0.023,0.033,0.024,0.027,0.024,0.029,0.030,0.025,0.029,0.021,0.026,0.022,0.025,0.023,0.022,0.026,0.022,0.029,0.025,0.031,0.026,0.030,0.025,0.025,0.024,0.024,0.030,0.024,0.020,0.024
"Nigeria","Africa","NGA","Subnat","NGAr131","Bayelsa",0.099,0.091,0.085,0.091,0.092,0.099,0.084,0.092,0.079,0.102,0.094,0.086,0.099,0.097,0.103,0.086,0.095,0.098,0.093,0.115,0.098,0.097,0.094,0.096,0.098,0.093,0.116,0.100,0.095,0.097,0.090,0.095,0.080
"Nigeria","Africa","NGA","Subnat","NGAr105","Benue",0.036,0.044,0.038,0.037,0.047,0.043,0.040,0.042,0.037,0.047,0.037,0.032,0.036,0.031,0.034,0.032,0.033,0.035,0.041,0.036,0.037,0.035,0.045,0.035,0.042,0.034,0.042,0.032,0.038,0.046,0.036,0.028,0.037
"Nigeria","Africa","NGA","Subnat","NGAr106","Borno",0.012,0.015,0.017,0.010,0.023,0.015,0.015,0.014,0.016,0.019,0.013,0.013,0.010,0.014,0.011,0.015,0.010,0.013,0.016,0.011,0.018,0.012,0.017,0.014,0.015,0.013,0.014,0.015,0.016,0.018,0.016,0.015,0.018
"Nigeria","Africa","NGA","Subnat","NGAr107","Cross River",0.079,0.080,0.080,0.078,0.080,0.087,0.077,0.080,0.071,0.082,0.076,0.069,0.077,0.068,0.077,0.069,0.070,0.079,0.083,0.079,0.071,0.075,0.075,0.081,0.084,0.081,0.087,0.082,0.075,0.087,0.072,0.063,0.060
"Nigeria","Africa","NGA","Subnat","NGAr123","Delta",0.088,0.080,0.077,0.084,0.081,0.089,0.080,0.078,0.068,0.091,0.078,0.077,0.088,0.084,0.086,0.079,0.089,0.082,0.077,0.088,0.083,0.087,0.081,0.084,0.090,0.078,0.095,0.085,0.082,0.085,0.075,0.077,0.068
"Nigeria","Africa","NGA","Subnat","NGAr132","Ebonyi",0.052,0.057,0.054,0.052,0.054,0.063,0.056,0.052,0.045,0.056,0.054,0.043,0.049,0.042,0.050,0.043,0.049,0.048,0.056,0.052,0.047,0.051,0.054,0.053,0.061,0.053,0.059,0.050,0.054,0.057,0.053,0.040,0.042
"Nigeria","Africa","NGA","Subnat","NGAr104","Edo",0.068,0.062,0.063,0.065,0.067,0.069,0.065,0.061,0.053,0.069,0.059,0.057,0.064,0.061,0.063,0.060,0.067,0.064,0.059,0.064,0.068,0.065,0.062,0.060,0.070,0.059,0.066,0.067,0.066,0.068,0.054,0.054,0.051
"Nigeria","Africa","NGA","Subnat","NGAr133","Ekiti",0.051,0.049,0.047,0.052,0.052,0.057,0.051,0.051,0.041,0.059,0.049,0.044,0.053,0.044,0.049,0.050,0.052,0.052,0.047,0.047,0.053,0.050,0.054,0.043,0.055,0.047,0.055,0.049,0.049,0.056,0.041,0.038,0.038
"Nigeria","Africa","NGA","Subnat","NGAr124","Enugu",0.060,0.061,0.056,0.058,0.063,0.069,0.060,0.061,0.049,0.061,0.058,0.048,0.057,0.049,0.056,0.053,0.055,0.051,0.057,0.058,0.055,0.057,0.056,0.059,0.065,0.054,0.060,0.054,0.060,0.061,0.054,0.044,0.045
"Nigeria","Africa","NGA","Subnat","NGAr134","Gombe",0.017,0.021,0.021,0.014,0.029,0.019,0.021,0.017,0.021,0.025,0.017,0.021,0.014,0.020,0.015,0.018,0.016,0.017,0.021,0.015,0.022,0.018,0.028,0.019,0.021,0.019,0.019,0.020,0.020,0.025,0.020,0.018,0.024
"Nigeria","Africa","NGA","Subnat","NGAr109","Imo",0.079,0.079,0.074,0.079,0.076,0.084,0.070,0.074,0.063,0.080,0.069,0.068,0.077,0.073,0.075,0.069,0.073,0.072,0.072,0.082,0.074,0.074,0.073,0.079,0.078,0.076,0.084,0.076,0.076,0.078,0.065,0.065,0.059
"Nigeria","Africa","NGA","Subnat","NGAr125","Jigawa",0.014,0.019,0.019,0.013,0.021,0.015,0.014,0.014,0.022,0.022,0.014,0.019,0.013,0.018,0.014,0.017,0.015,0.013,0.016,0.013,0.020,0.019,0.019,0.015,0.020,0.018,0.018,0.018,0.016,0.019,0.019,0.014,0.017
"Nigeria","Africa","NGA","Subnat","NGAr110","Kaduna",0.034,0.040,0.038,0.037,0.048,0.040,0.040,0.043,0.043,0.041,0.035,0.036,0.034,0.033,0.036,0.034,0.035,0.036,0.038,0.037,0.041,0.032,0.043,0.038,0.041,0.034,0.040,0.035,0.038,0.046,0.034,0.030,0.033
"Nigeria","Africa","NGA","Subnat","NGAr111","Kano",0.020,0.026,0.024,0.020,0.024,0.021,0.019,0.021,0.025,0.025,0.020,0.023,0.018,0.023,0.019,0.021,0.020,0.019,0.022,0.019,0.024,0.023,0.025,0.021,0.025,0.021,0.020,0.021,0.022,0.029,0.022,0.015,0.021
"Nigeria","Africa","NGA","Subnat","NGAr112","Katsina",0.016,0.022,0.020,0.016,0.024,0.019,0.017,0.018,0.023,0.022,0.016,0.018,0.017,0.019,0.018,0.019,0.017,0.017,0.020,0.017,0.021,0.018,0.022,0.019,0.020,0.019,0.021,0.020,0.020,0.025,0.023,0.015,0.021
"Nigeria","Africa","NGA","Subnat","NGAr126","Kebbi",0.016,0.026,0.022,0.018,0.029,0.021,0.020,0.018,0.025,0.025,0.019,0.022,0.022,0.021,0.018,0.020,0.020,0.021,0.022,0.020,0.023,0.013,0.026,0.023,0.024,0.023,0.024,0.021,0.023,0.026,0.023,0.018,0.025
"Nigeria","Africa","NGA","Subnat","NGAr127","Kogi",0.041,0.043,0.039,0.040,0.050,0.045,0.045,0.042,0.037,0.044,0.045,0.034,0.043,0.032,0.036,0.036,0.041,0.040,0.042,0.038,0.045,0.037,0.045,0.038,0.047,0.034,0.042,0.037,0.039,0.048,0.035,0.028,0.029
"Nigeria","Africa","NGA","Subnat","NGAr113","Kwara",0.035,0.041,0.036,0.035,0.042,0.039,0.037,0.036,0.036,0.039,0.037,0.029,0.040,0.032,0.030,0.030,0.034,0.032,0.034,0.030,0.036,0.029,0.041,0.030,0.039,0.030,0.043,0.034,0.034,0.042,0.032,0.024,0.029
"Nigeria","Africa","NGA","Subnat","NGAr114","Lagos",0.058,0.065,0.056,0.058,0.058,0.065,0.065,0.056,0.053,0.070,0.059,0.054,0.060,0.055,0.058,0.054,0.067,0.066,0.059,0.054,0.058,0.055,0.065,0.048,0.066,0.056,0.064,0.059,0.061,0.077,0.049,0.057,0.049
"Nigeria","Africa","NGA","Subnat","NGAr135","Nassarawa",0.036,0.045,0.038,0.039,0.050,0.048,0.044,0.042,0.042,0.046,0.039,0.035,0.037,0.032,0.035,0.034,0.036,0.034,0.040,0.038,0.038,0.034,0.048,0.039,0.043,0.032,0.043,0.032,0.035,0.047,0.031,0.028,0.032
"Nigeria","Africa","NGA","Subnat","NGAr115","Niger",0.030,0.043,0.033,0.031,0.046,0.036,0.036,0.032,0.037,0.039,0.032,0.032,0.034,0.030,0.026,0.028,0.028,0.030,0.032,0.029,0.033,0.023,0.040,0.032,0.036,0.034,0.037,0.029,0.033,0.040,0.032,0.023,0.030
"Nigeria","Africa","NGA","Subnat","NGAr116","Ogun",0.053,0.060,0.053,0.056,0.056,0.060,0.060,0.051,0.047,0.062,0.050,0.046,0.052,0.049,0.052,0.049,0.058,0.057,0.054,0.049,0.051,0.051,0.057,0.044,0.059,0.050,0.060,0.054,0.059,0.066,0.043,0.045,0.045
"Nigeria","Africa","NGA","Subnat","NGAr117","Ondo",0.066,0.065,0.067,0.066,0.070,0.074,0.069,0.061,0.056,0.073,0.060,0.058,0.066,0.061,0.066,0.062,0.071,0.069,0.061,0.063,0.068,0.066,0.068,0.058,0.072,0.063,0.067,0.067,0.069,0.072,0.055,0.056,0.052
"Nigeria","Africa","NGA","Subnat","NGAr128","Osun",0.049,0.055,0.051,0.052,0.055,0.056,0.054,0.050,0.046,0.058,0.048,0.046,0.052,0.046,0.050,0.048,0.055,0.052,0.052,0.046,0.052,0.050,0.054,0.044,0.055,0.049,0.059,0.050,0.055,0.060,0.043,0.038,0.042
"Nigeria","Africa","NGA","Subnat","NGAr118","Oyo",0.038,0.044,0.040,0.040,0.042,0.042,0.038,0.040,0.039,0.044,0.036,0.031,0.041,0.036,0.034,0.034,0.039,0.038,0.041,0.034,0.039,0.034,0.042,0.032,0.040,0.033,0.047,0.038,0.041,0.049,0.030,0.029,0.034
"Nigeria","Africa","NGA","Subnat","NGAr119","Plateau",0.031,0.034,0.032,0.030,0.039,0.035,0.035,0.031,0.031,0.037,0.028,0.032,0.029,0.029,0.029,0.028,0.027,0.028,0.033,0.031,0.037,0.028,0.037,0.033,0.034,0.030,0.031,0.029,0.029,0.037,0.027,0.022,0.031
"Nigeria","Africa","NGA","Subnat","NGAr120","Rivers",0.097,0.092,0.085,0.095,0.088,0.097,0.086,0.090,0.079,0.098,0.087,0.084,0.098,0.093,0.093,0.086,0.091,0.099,0.087,0.107,0.096,0.092,0.087,0.097,0.094,0.091,0.103,0.101,0.094,0.103,0.089,0.089,0.075
"Nigeria","Africa","NGA","Subnat","NGAr121","Sokoto",0.009,0.014,0.013,0.010,0.016,0.011,0.010,0.010,0.017,0.016,0.010,0.013,0.014,0.012,0.011,0.013,0.011,0.013,0.012,0.011,0.016,0.009,0.015,0.016,0.015,0.016,0.018,0.015,0.014,0.017,0.020,0.009,0.016
"Nigeria","Africa","NGA","Subnat","NGAr129","Taraba",0.047,0.050,0.047,0.048,0.054,0.051,0.046,0.049,0.046,0.052,0.043,0.040,0.043,0.043,0.044,0.039,0.038,0.044,0.044,0.046,0.044,0.043,0.047,0.044,0.046,0.041,0.045,0.041,0.043,0.050,0.034,0.040,0.045
"Nigeria","Africa","NGA","Subnat","NGAr130","Yobe",0.011,0.014,0.015,0.009,0.021,0.012,0.011,0.011,0.017,0.017,0.012,0.011,0.010,0.014,0.009,0.013,0.010,0.010,0.013,0.009,0.016,0.011,0.014,0.010,0.015,0.012,0.015,0.012,0.013,0.015,0.015,0.014,0.017
"Nigeria","Africa","NGA","Subnat","NGAr136","Zamfora",0.016,0.022,0.021,0.016,0.027,0.019,0.018,0.019,0.025,0.023,0.017,0.022,0.020,0.019,0.019,0.020,0.018,0.020,0.021,0.020,0.022,0.017,0.025,0.022,0.022,0.022,0.023,0.022,0.022,0.029,0.031,0.016,0.022
"North Macedonia","Europe","MKD","National","MKDt","Total",0.018,0.022,0.020,0.018,0.019,0.028,0.027,0.021,0.025,0.025,0.016,0.023,0.027,0.024,0.026,0.028,0.026,0.024,0.019,0.031,0.031,0.017,0.024,0.025,0.032,0.026,0.025,0.024,0.029,0.022,0.025,0.029,0.025
"North Macedonia","Europe","MKD","Subnat","MKDr108","East",0.019,0.025,0.021,0.015,0.020,0.029,0.028,0.021,0.026,0.025,0.015,0.024,0.027,0.024,0.024,0.027,0.026,0.026,0.020,0.031,0.032,0.016,0.025,0.026,0.035,0.027,0.025,0.025,0.028,0.022,0.028,0.030,0.024
"North Macedonia","Europe","MKD","Subnat","MKDr104","North East",0.014,0.020,0.017,0.015,0.016,0.024,0.021,0.017,0.020,0.021,0.012,0.020,0.024,0.019,0.022,0.024,0.022,0.021,0.016,0.026,0.025,0.013,0.021,0.021,0.029,0.022,0.021,0.019,0.024,0.018,0.022,0.024,0.020
"North Macedonia","Europe","MKD","Subnat","MKDr102","Pelagoniski",0.016,0.019,0.018,0.016,0.017,0.025,0.024,0.019,0.023,0.022,0.014,0.019,0.024,0.021,0.023,0.024,0.023,0.021,0.016,0.028,0.028,0.018,0.021,0.021,0.026,0.023,0.023,0.021,0.028,0.021,0.020,0.026,0.022
"North Macedonia","Europe","MKD","Subnat","MKDr107","Poloski",0.024,0.027,0.027,0.025,0.025,0.038,0.034,0.028,0.031,0.035,0.023,0.030,0.035,0.032,0.037,0.038,0.032,0.031,0.026,0.041,0.038,0.024,0.030,0.031,0.038,0.032,0.036,0.033,0.040,0.030,0.032,0.039,0.034
"North Macedonia","Europe","MKD","Subnat","MKDr101","Skopski",0.016,0.020,0.018,0.017,0.017,0.027,0.025,0.020,0.023,0.024,0.014,0.021,0.026,0.022,0.025,0.026,0.024,0.021,0.017,0.029,0.026,0.015,0.021,0.022,0.030,0.024,0.023,0.023,0.025,0.020,0.024,0.027,0.024
"North Macedonia","Europe","MKD","Subnat","MKDr106","South East",0.019,0.024,0.020,0.015,0.021,0.028,0.028,0.020,0.025,0.024,0.014,0.021,0.028,0.024,0.025,0.025,0.026,0.026,0.020,0.033,0.031,0.016,0.026,0.026,0.035,0.026,0.024,0.025,0.026,0.023,0.025,0.028,0.024
"North Macedonia","Europe","MKD","Subnat","MKDr105","South West",0.021,0.024,0.023,0.023,0.021,0.033,0.031,0.024,0.028,0.029,0.020,0.026,0.029,0.027,0.033,0.033,0.027,0.026,0.022,0.036,0.038,0.022,0.027,0.028,0.032,0.028,0.031,0.027,0.035,0.026,0.026,0.036,0.028
"North Macedonia","Europe","MKD","Subnat","MKDr103","Vardarski",0.015,0.019,0.017,0.014,0.017,0.024,0.022,0.018,0.022,0.021,0.012,0.019,0.025,0.021,0.022,0.023,0.023,0.021,0.016,0.027,0.026,0.014,0.021,0.022,0.030,0.023,0.021,0.021,0.025,0.019,0.022,0.024,0.021
"Norway","Europe","NOR","National","NORt","Total",0.051,0.040,0.045,0.039,0.041,0.043,0.033,0.043,0.044,0.045,0.049,0.041,0.038,0.041,0.045,0.045,0.045,0.047,0.045,0.043,0.035,0.053,0.046,0.044,0.046,0.052,0.042,0.049,0.040,0.046,0.053,0.041,0.045
"Norway","Europe","NOR","Subnat","NORr104","Agder og Rogaland",0.075,0.049,0.060,0.047,0.057,0.053,0.042,0.053,0.057,0.064,0.072,0.050,0.051,0.051,0.060,0.056,0.063,0.060,0.066,0.060,0.040,0.071,0.062,0.057,0.070,0.071,0.055,0.070,0.055,0.060,0.077,0.050,0.057
"Norway","Europe","NOR","Subnat","NORr102","Hedmark og Oppland",0.033,0.026,0.030,0.029,0.027,0.028,0.026,0.029,0.030,0.031,0.037,0.030,0.028,0.028,0.031,0.030,0.032,0.030,0.032,0.033,0.028,0.037,0.036,0.031,0.035,0.035,0.030,0.032,0.027,0.033,0.034,0.028,0.029
"Norway","Europe","NOR","Subnat","NORr107","Nord-Norge",0.038,0.038,0.041,0.036,0.033,0.041,0.033,0.037,0.035,0.037,0.036,0.037,0.033,0.037,0.037,0.041,0.036,0.040,0.032,0.031,0.034,0.041,0.034,0.040,0.032,0.043,0.034,0.039,0.035,0.038,0.044,0.037,0.044
"Norway","Europe","NOR","Subnat","NORr101","Oslo og Akershus",0.031,0.025,0.027,0.026,0.027,0.029,0.025,0.026,0.030,0.034,0.040,0.029,0.029,0.027,0.031,0.026,0.034,0.031,0.034,0.034,0.028,0.036,0.035,0.028,0.038,0.034,0.028,0.031,0.025,0.039,0.036,0.027,0.026
"Norway","Europe","NOR","Subnat","NORr103","Sor-Ostlandet",0.039,0.028,0.033,0.030,0.034,0.034,0.028,0.032,0.037,0.039,0.049,0.034,0.034,0.032,0.038,0.033,0.040,0.037,0.040,0.039,0.030,0.044,0.040,0.036,0.046,0.042,0.033,0.040,0.034,0.042,0.045,0.033,0.033
"Norway","Europe","NOR","Subnat","NORr106","Trondelag",0.050,0.046,0.049,0.044,0.042,0.047,0.034,0.051,0.048,0.042,0.043,0.047,0.034,0.045,0.045,0.049,0.043,0.049,0.040,0.042,0.037,0.053,0.047,0.046,0.035,0.054,0.043,0.051,0.041,0.044,0.051,0.048,0.051
"Norway","Europe","NOR","Subnat","NORr105","Vestlandet",0.088,0.063,0.075,0.060,0.067,0.067,0.046,0.071,0.071,0.071,0.069,0.059,0.053,0.065,0.070,0.079,0.065,0.081,0.071,0.062,0.050,0.087,0.070,0.068,0.065,0.083,0.069,0.078,0.065,0.065,0.085,0.061,0.073
"Oman","Asia/Pacific","OMN","National","OMNt","Total",0.002,0.001,0.003,0.001,0.001,0.004,0.003,0.005,0.001,0.001,0.000,0.000,0.001,0.001,0.001,0.001,0.002,0.003,0.001,0.001,0.002,0.003,0.001,0.001,0.001,0.001,0.001,0.001,0.002,0.002,0.003,0.001,0.003
"Pakistan","Asia/Pacific","PAK","National","PAKt","Total",0.030,,,,,,,,,,,,,,,,,,,,,,,,,,,,,,,,
"Pakistan","Asia/Pacific","PRK","National","PRKt","Total",0.055,,,,,,,,,,,,,,,,,,,,,,,,,,,,,,,,
"Pakistan","Asia/Pacific","PAK","National","PAKt","Total",,0.029,,,,,,,,,,,,,,,,,,,,,,,,,,,,,,,
"Pakistan","Asia/Pacific","PRK","National","PRKt","Total",,0.033,,,,,,,,,,,,,,,,,,,,,,,,,,,,,,,
"Pakistan","Asia/Pacific","PAK","National","PAKt","Total",,,0.033,,,,,,,,,,,,,,,,,,,,,,,,,,,,,,
"Pakistan","Asia/Pacific","PRK","National","PRKt","Total",,,0.038,,,,,,,,,,,,,,,,,,,,,,,,,,,,,,
"Pakistan","Asia/Pacific","PAK","National","PAKt","Total",,,,0.025,,,,,,,,,,,,,,,,,,,,,,,,,,,,,
"Pakistan","Asia/Pacific","PRK","National","PRKt","Total",,,,0.032,,,,,,,,,,,,,,,,,,,,,,,,,,,,,
"Pakistan","Asia/Pacific","PAK","National","PAKt","Total",,,,,0.032,,,,,,,,,,,,,,,,,,,,,,,,,,,,
"Pakistan","Asia/Pacific","PRK","National","PRKt","Total",,,,,0.037,,,,,,,,,,,,,,,,,,,,,,,,,,,,
"Pakistan","Asia/Pacific","PAK","National","PAKt","Total",,,,,,0.031,,,,,,,,,,,,,,,,,,,,,,,,,,,
"Pakistan","Asia/Pacific","PRK","National","PRKt","Total",,,,,,0.042,,,,,,,,,,,,,,,,,,,,,,,,,,,
"Pakistan","Asia/Pacific","PAK","National","PAKt","Total",,,,,,,0.030,,,,,,,,,,,,,,,,,,,,,,,,,,
"Pakistan","Asia/Pacific","PRK","National","PRKt","Total",,,,,,,0.037,,,,,,,,,,,,,,,,,,,,,,,,,,
"Pakistan","Asia/Pacific","PAK","National","PAKt","Total",,,,,,,,0.028,,,,,,,,,,,,,,,,,,,,,,,,,
"Pakistan","Asia/Pacific","PRK","National","PRKt","Total",,,,,,,,0.031,,,,,,,,,,,,,,,,,,,,,,,,,
"Pakistan","Asia/Pacific","PAK","National","PAKt","Total",,,,,,,,,0.026,,,,,,,,,,,,,,,,,,,,,,,,
"Pakistan","Asia/Pacific","PRK","National","PRKt","Total",,,,,,,,,0.041,,,,,,,,,,,,,,,,,,,,,,,,
"Pakistan","Asia/Pacific","PAK","National","PAKt","Total",,,,,,,,,,0.024,,,,,,,,,,,,,,,,,,,,,,,
"Pakistan","Asia/Pacific","PRK","National","PRKt","Total",,,,,,,,,,0.032,,,,,,,,,,,,,,,,,,,,,,,
"Pakistan","Asia/Pacific","PAK","National","PAKt","Total",,,,,,,,,,,0.018,,,,,,,,,,,,,,,,,,,,,,
"Pakistan","Asia/Pacific","PRK","National","PRKt","Total",,,,,,,,,,,0.035,,,,,,,,,,,,,,,,,,,,,,
"Pakistan","Asia/Pacific","PAK","National","PAKt","Total",,,,,,,,,,,,0.020,,,,,,,,,,,,,,,,,,,,,
"Pakistan","Asia/Pacific","PRK","National","PRKt","Total",,,,,,,,,,,,0.034,,,,,,,,,,,,,,,,,,,,,
"Pakistan","Asia/Pacific","PAK","National","PAKt","Total",,,,,,,,,,,,,0.020,,,,,,,,,,,,,,,,,,,,
"Pakistan","Asia/Pacific","PRK","National","PRKt","Total",,,,,,,,,,,,,0.034,,,,,,,,,,,,,,,,,,,,
"Pakistan","Asia/Pacific","PAK","National","PAKt","Total",,,,,,,,,,,,,,0.028,,,,,,,,,,,,,,,,,,,
"Pakistan","Asia/Pacific","PRK","National","PRKt","Total",,,,,,,,,,,,,,0.035,,,,,,,,,,,,,,,,,,,
"Pakistan","Asia/Pacific","PAK","National","PAKt","Total",,,,,,,,,,,,,,,0.022,,,,,,,,,,,,,,,,,,
"Pakistan","Asia/Pacific","PRK","National","PRKt","Total",,,,,,,,,,,,,,,0.037,,,,,,,,,,,,,,,,,,
"Pakistan","Asia/Pacific","PAK","National","PAKt","Total",,,,,,,,,,,,,,,,0.025,,,,,,,,,,,,,,,,,
"Pakistan","Asia/Pacific","PRK","National","PRKt","Total",,,,,,,,,,,,,,,,0.037,,,,,,,,,,,,,,,,,
"Pakistan","Asia/Pacific","PAK","National","PAKt","Total",,,,,,,,,,,,,,,,,0.028,,,,,,,,,,,,,,,,
"Pakistan","Asia/Pacific","PRK","National","PRKt","Total",,,,,,,,,,,,,,,,,0.034,,,,,,,,,,,,,,,,
"Pakistan","Asia/Pacific","PAK","National","PAKt","Total",,,,,,,,,,,,,,,,,,0.025,,,,,,,,,,,,,,,
"Pakistan","Asia/Pacific","PRK","National","PRKt","Total",,,,,,,,,,,,,,,,,,0.047,,,,,,,,,,,,,,,
"Pakistan","Asia/Pacific","PAK","National","PAKt","Total",,,,,,,,,,,,,,,,,,,0.025,,,,,,,,,,,,,,
"Pakistan","Asia/Pacific","PRK","National","PRKt","Total",,,,,,,,,,,,,,,,,,,0.032,,,,,,,,,,,,,,
"Pakistan","Asia/Pacific","PAK","National","PAKt","Total",,,,,,,,,,,,,,,,,,,,0.022,,,,,,,,,,,,,
"Pakistan","Asia/Pacific","PRK","National","PRKt","Total",,,,,,,,,,,,,,,,,,,,0.036,,,,,,,,,,,,,
"Pakistan","Asia/Pacific","PAK","National","PAKt","Total",,,,,,,,,,,,,,,,,,,,,0.028,,,,,,,,,,,,
"Pakistan","Asia/Pacific","PRK","National","PRKt","Total",,,,,,,,,,,,,,,,,,,,,0.047,,,,,,,,,,,,
"Pakistan","Asia/Pacific","PAK","National","PAKt","Total",,,,,,,,,,,,,,,,,,,,,,0.026,,,,,,,,,,,
"Pakistan","Asia/Pacific","PRK","National","PRKt","Total",,,,,,,,,,,,,,,,,,,,,,0.039,,,,,,,,,,,
"Pakistan","Asia/Pacific","PAK","National","PAKt","Total",,,,,,,,,,,,,,,,,,,,,,,0.024,,,,,,,,,,
"Pakistan","Asia/Pacific","PRK","National","PRKt","Total",,,,,,,,,,,,,,,,,,,,,,,0.043,,,,,,,,,,
"Pakistan","Asia/Pacific","PAK","National","PAKt","Total",,,,,,,,,,,,,,,,,,,,,,,,0.025,,,,,,,,,
"Pakistan","Asia/Pacific","PRK","National","PRKt","Total",,,,,,,,,,,,,,,,,,,,,,,,0.040,,,,,,,,,
"Pakistan","Asia/Pacific","PAK","National","PAKt","Total",,,,,,,,,,,,,,,,,,,,,,,,,0.025,,,,,,,,
"Pakistan","Asia/Pacific","PRK","National","PRKt","Total",,,,,,,,,,,,,,,,,,,,,,,,,0.023,,,,,,,,
"Pakistan","Asia/Pacific","PAK","National","PAKt","Total",,,,,,,,,,,,,,,,,,,,,,,,,,0.030,,,,,,,
"Pakistan","Asia/Pacific","PRK","National","PRKt","Total",,,,,,,,,,,,,,,,,,,,,,,,,,0.031,,,,,,,
"Pakistan","Asia/Pacific","PAK","National","PAKt","Total",,,,,,,,,,,,,,,,,,,,,,,,,,,0.021,,,,,,
"Pakistan","Asia/Pacific","PRK","National","PRKt","Total",,,,,,,,,,,,,,,,,,,,,,,,,,,0.037,,,,,,
"Pakistan","Asia/Pacific","PAK","National","PAKt","Total",,,,,,,,,,,,,,,,,,,,,,,,,,,,0.025,,,,,
"Pakistan","Asia/Pacific","PRK","National","PRKt","Total",,,,,,,,,,,,,,,,,,,,,,,,,,,,0.028,,,,,
"Pakistan","Asia/Pacific","PAK","National","PAKt","Total",,,,,,,,,,,,,,,,,,,,,,,,,,,,,0.021,,,,
"Pakistan","Asia/Pacific","PRK","National","PRKt","Total",,,,,,,,,,,,,,,,,,,,,,,,,,,,,0.037,,,,
"Pakistan","Asia/Pacific","PAK","National","PAKt","Total",,,,,,,,,,,,,,,,,,,,,,,,,,,,,,0.027,,,
"Pakistan","Asia/Pacific","PRK","National","PRKt","Total",,,,,,,,,,,,,,,,,,,,,,,,,,,,,,0.028,,,
"Pakistan","Asia/Pacific","PAK","National","PAKt","Total",,,,,,,,,,,,,,,,,,,,,,,,,,,,,,,0.027,,
"Pakistan","Asia/Pacific","PRK","National","PRKt","Total",,,,,,,,,,,,,,,,,,,,,,,,,,,,,,,0.048,,
"Pakistan","Asia/Pacific","PAK","National","PAKt","Total",,,,,,,,,,,,,,,,,,,,,,,,,,,,,,,,0.019,
"Pakistan","Asia/Pacific","PRK","National","PRKt","Total",,,,,,,,,,,,,,,,,,,,,,,,,,,,,,,,0.037,
"Pakistan","Asia/Pacific","PAK","National","PAKt","Total",,,,,,,,,,,,,,,,,,,,,,,,,,,,,,,,,0.025
"Pakistan","Asia/Pacific","PRK","National","PRKt","Total",,,,,,,,,,,,,,,,,,,,,,,,,,,,,,,,,0.045
"Pakistan","Asia/Pacific","Z06","Subnat","PAKr107","AJK",0.059,0.054,0.058,0.048,0.059,0.059,0.061,0.051,0.046,0.046,0.035,0.034,0.038,0.051,0.038,0.046,0.052,0.038,0.043,0.040,0.050,0.044,0.043,0.043,0.048,0.054,0.037,0.047,0.040,0.049,0.044,0.038,0.040
"Pakistan","Asia/Pacific","PAK","Subnat","PAKr104","Balochistan",0.006,0.005,0.009,0.004,0.011,0.008,0.004,0.010,0.005,0.004,0.002,0.004,0.003,0.005,0.004,0.008,0.008,0.010,0.007,0.005,0.006,0.008,0.006,0.008,0.005,0.006,0.005,0.005,0.003,0.010,0.009,0.003,0.012
"Pakistan","Asia/Pacific","PAK","Subnat","PAKr108","FATA",0.031,0.035,0.033,0.027,0.035,0.037,0.030,0.034,0.031,0.025,0.021,0.025,0.025,0.029,0.025,0.032,0.032,0.030,0.030,0.025,0.034,0.030,0.028,0.034,0.029,0.035,0.028,0.028,0.025,0.032,0.033,0.022,0.026
"Pakistan","Asia/Pacific","Z06","Subnat","PAKr106","Gilgit Baltistan",0.028,0.031,0.034,0.031,0.030,0.032,0.035,0.025,0.029,0.033,0.026,0.022,0.025,0.032,0.028,0.028,0.032,0.025,0.026,0.030,0.032,0.027,0.027,0.025,0.028,0.032,0.027,0.032,0.025,0.028,0.029,0.026,0.028
"Pakistan","Asia/Pacific","PAK","Subnat","PAKr105","Islamabad (ICT)",0.049,0.053,0.052,0.039,0.044,0.047,0.047,0.042,0.040,0.032,0.026,0.029,0.031,0.041,0.033,0.035,0.031,0.037,0.036,0.026,0.033,0.033,0.031,0.036,0.041,0.045,0.026,0.034,0.034,0.035,0.043,0.028,0.029
"Pakistan","Asia/Pacific","PAK","Subnat","PAKr103","Khyber Pakhtunkhwa (NWFrontier)",0.038,0.039,0.043,0.033,0.040,0.039,0.038,0.036,0.037,0.034,0.024,0.027,0.028,0.038,0.031,0.034,0.035,0.031,0.032,0.030,0.038,0.032,0.030,0.034,0.030,0.038,0.028,0.031,0.028,0.032,0.034,0.025,0.030
"Pakistan","Asia/Pacific","PAK","Subnat","PAKr101","Punjab",0.020,0.016,0.021,0.015,0.021,0.020,0.019,0.022,0.017,0.013,0.011,0.016,0.011,0.017,0.012,0.016,0.016,0.017,0.019,0.011,0.018,0.017,0.015,0.019,0.016,0.023,0.013,0.015,0.011,0.018,0.020,0.010,0.018
"Pakistan","Asia/Pacific","PAK","Subnat","PAKr102","Sindh",0.006,0.001,0.013,0.004,0.016,0.005,0.003,0.006,0.006,0.005,0.001,0.006,0.001,0.010,0.002,0.003,0.014,0.008,0.006,0.006,0.011,0.016,0.007,0.006,0.002,0.006,0.005,0.007,0.001,0.011,0.008,0.004,0.019
"Panama","America","PAN","National","PANt","Total",0.097,0.093,0.088,0.095,0.097,0.112,0.107,0.083,0.108,0.125,0.102,0.097,0.092,0.107,0.102,0.110,0.103,0.118,0.114,0.103,0.132,0.120,0.101,0.095,0.098,0.094,0.104,0.100,0.098,0.084,0.102,0.106,0.113
"Panama","America","PAN","Subnat","PANr101","Bocas del Toro",0.097,0.093,0.075,0.097,0.087,0.110,0.121,0.100,0.113,0.129,0.101,0.104,0.114,0.113,0.119,0.118,0.094,0.116,0.131,0.127,0.147,0.115,0.113,0.099,0.105,0.120,0.107,0.112,0.100,0.087,0.113,0.104,0.112
"Panama","America","PAN","Subnat","PANr104","Chiriqui",0.120,0.104,0.100,0.119,0.102,0.156,0.128,0.090,0.143,0.152,0.127,0.121,0.105,0.134,0.131,0.132,0.127,0.147,0.144,0.126,0.166,0.149,0.121,0.123,0.122,0.112,0.132,0.126,0.114,0.098,0.137,0.134,0.146
"Panama","America","PAN","Subnat","PANr102","Cocle",0.082,0.075,0.074,0.075,0.083,0.087,0.084,0.064,0.087,0.099,0.079,0.073,0.076,0.087,0.087,0.094,0.085,0.098,0.096,0.084,0.108,0.102,0.083,0.078,0.082,0.075,0.086,0.085,0.085,0.070,0.090,0.091,0.096
"Panama","America","PAN","Subnat","PANr103","Colon",0.098,0.096,0.094,0.094,0.098,0.102,0.100,0.089,0.103,0.121,0.102,0.096,0.099,0.106,0.102,0.111,0.107,0.113,0.101,0.103,0.121,0.114,0.106,0.090,0.096,0.092,0.104,0.095,0.108,0.087,0.099,0.105,0.103
"Panama","America","PAN","Subnat","PANr105","Darien",0.098,0.101,0.094,0.105,0.109,0.125,0.117,0.082,0.105,0.122,0.110,0.097,0.084,0.103,0.091,0.110,0.104,0.125,0.116,0.097,0.135,0.124,0.097,0.094,0.096,0.091,0.102,0.097,0.096,0.085,0.095,0.104,0.123
"Panama","America","PAN","Subnat","PANr111","Embera Wounaan",0.107,0.110,0.104,0.113,0.118,0.130,0.125,0.088,0.111,0.129,0.116,0.105,0.091,0.111,0.099,0.118,0.114,0.132,0.123,0.105,0.144,0.133,0.106,0.103,0.100,0.096,0.104,0.104,0.105,0.094,0.102,0.110,0.130
"Panama","America","PAN","Subnat","PANr106","Herrera",0.103,0.091,0.087,0.093,0.105,0.111,0.110,0.080,0.108,0.141,0.097,0.096,0.087,0.114,0.100,0.110,0.095,0.129,0.121,0.100,0.136,0.126,0.097,0.094,0.102,0.087,0.108,0.104,0.095,0.082,0.101,0.116,0.120
"Panama","America","PAN","Subnat","PANr110","Kuna Yala",0.074,0.077,0.075,0.075,0.080,0.077,0.081,0.068,0.077,0.087,0.080,0.075,0.073,0.081,0.076,0.083,0.086,0.087,0.080,0.078,0.091,0.088,0.080,0.073,0.072,0.068,0.078,0.072,0.072,0.065,0.065,0.074,0.078
"Panama","America","PAN","Subnat","PANr107","Los Santos",0.103,0.092,0.091,0.100,0.111,0.120,0.110,0.079,0.112,0.143,0.101,0.099,0.087,0.122,0.099,0.109,0.102,0.128,0.114,0.097,0.137,0.130,0.095,0.098,0.108,0.087,0.106,0.100,0.105,0.087,0.104,0.111,0.118
"Panama","America","PAN","Subnat","PANr112","Ngobe Bugle",0.103,0.101,0.095,0.097,0.090,0.116,0.118,0.105,0.131,0.139,0.121,0.113,0.115,0.118,0.129,0.123,0.120,0.122,0.134,0.132,0.151,0.134,0.126,0.112,0.113,0.132,0.114,0.120,0.110,0.096,0.116,0.124,0.121
"Panama","America","PAN","Subnat","PANr108","Panama",0.081,0.081,0.077,0.083,0.086,0.086,0.086,0.070,0.086,0.096,0.082,0.075,0.075,0.088,0.080,0.093,0.090,0.095,0.086,0.081,0.099,0.096,0.081,0.075,0.078,0.072,0.086,0.079,0.083,0.073,0.079,0.088,0.089
"Panama","America","PAN","Subnat","PANr109","Veraguas",0.100,0.096,0.091,0.094,0.098,0.118,0.109,0.081,0.115,0.144,0.109,0.106,0.095,0.114,0.110,0.120,0.109,0.128,0.123,0.107,0.144,0.129,0.108,0.102,0.107,0.102,0.114,0.110,0.100,0.088,0.118,0.116,0.125
"Papua New Guinea","Asia/Pacific","PNG","National","PNGt","Total",0.131,0.123,0.119,0.116,0.125,0.140,0.127,0.096,0.133,0.120,0.127,0.132,0.114,0.132,0.123,0.139,0.142,0.139,0.135,0.139,0.128,0.145,0.147,0.154,0.150,0.121,0.155,0.159,0.143,0.148,0.154,0.143,0.117
"Papua New Guinea","Asia/Pacific","PNG","Subnat","PNGr120","Autonomous Region of Bougainville",0.144,0.129,0.144,0.131,0.141,0.138,0.119,0.101,0.147,0.113,0.121,0.135,0.134,0.145,0.146,0.148,0.164,0.145,0.117,0.141,0.121,0.120,0.143,0.141,0.148,0.127,0.151,0.155,0.140,0.162,0.128,0.123,0.096
"Papua New Guinea","Asia/Pacific","PNG","Subnat","PNGr103","Central",0.110,0.099,0.083,0.087,0.103,0.124,0.122,0.075,0.105,0.117,0.131,0.116,0.092,0.111,0.105,0.118,0.125,0.124,0.123,0.122,0.113,0.133,0.130,0.127,0.123,0.100,0.118,0.138,0.123,0.124,0.143,0.128,0.102
"Papua New Guinea","Asia/Pacific","PNG","Subnat","PNGr110","Chimbu, Simbu",0.169,0.152,0.145,0.135,0.153,0.175,0.158,0.115,0.164,0.159,0.162,0.162,0.132,0.149,0.145,0.154,0.169,0.164,0.179,0.171,0.149,0.195,0.168,0.185,0.191,0.140,0.186,0.191,0.173,0.167,0.195,0.181,0.144
"Papua New Guinea","Asia/Pacific","PNG","Subnat","PNGr118","East New Britain",0.132,0.125,0.125,0.131,0.132,0.130,0.120,0.099,0.128,0.101,0.099,0.137,0.115,0.141,0.137,0.152,0.156,0.146,0.113,0.159,0.110,0.138,0.179,0.174,0.177,0.150,0.155,0.166,0.166,0.186,0.139,0.136,0.098
"Papua New Guinea","Asia/Pacific","PNG","Subnat","PNGr114","East Sepik",0.123,0.120,0.129,0.131,0.122,0.132,0.116,0.113,0.128,0.109,0.109,0.124,0.122,0.126,0.120,0.131,0.140,0.129,0.122,0.125,0.124,0.133,0.136,0.155,0.144,0.136,0.152,0.137,0.132,0.146,0.146,0.128,0.116
"Papua New Guinea","Asia/Pacific","PNG","Subnat","PNGr111","Eastern Highlands",0.139,0.126,0.117,0.111,0.120,0.146,0.129,0.099,0.128,0.119,0.124,0.121,0.114,0.124,0.121,0.129,0.140,0.131,0.145,0.146,0.128,0.153,0.139,0.162,0.152,0.132,0.162,0.166,0.149,0.148,0.160,0.143,0.118
"Papua New Guinea","Asia/Pacific","PNG","Subnat","PNGr108","Enga",0.138,0.140,0.141,0.144,0.139,0.155,0.132,0.119,0.136,0.116,0.125,0.140,0.131,0.149,0.132,0.154,0.156,0.138,0.134,0.139,0.123,0.143,0.143,0.160,0.156,0.139,0.168,0.150,0.148,0.157,0.161,0.142,0.125
"Papua New Guinea","Asia/Pacific","PNG","Subnat","PNGr102","Gulf",0.144,0.137,0.111,0.112,0.126,0.158,0.142,0.084,0.143,0.159,0.160,0.141,0.109,0.127,0.120,0.133,0.129,0.142,0.155,0.141,0.135,0.168,0.155,0.151,0.162,0.107,0.157,0.173,0.149,0.137,0.170,0.149,0.116
"Papua New Guinea","Asia/Pacific","PNG","Subnat","PNGr121","Hela",0.150,0.141,0.133,0.124,0.144,0.165,0.152,0.101,0.161,0.161,0.161,0.153,0.120,0.147,0.128,0.152,0.145,0.150,0.163,0.148,0.151,0.160,0.160,0.166,0.157,0.118,0.175,0.178,0.153,0.141,0.180,0.170,0.148
"Papua New Guinea","Asia/Pacific","PNG","Subnat","PNGr122","Jiwaka",0.167,0.170,0.168,0.169,0.179,0.188,0.170,0.139,0.185,0.158,0.164,0.182,0.153,0.176,0.163,0.187,0.195,0.181,0.182,0.178,0.176,0.188,0.181,0.199,0.192,0.158,0.204,0.196,0.184,0.184,0.211,0.193,0.164
"Papua New Guinea","Asia/Pacific","PNG","Subnat","PNGr113","Madang",0.142,0.135,0.142,0.144,0.138,0.149,0.127,0.119,0.152,0.111,0.117,0.135,0.142,0.141,0.135,0.151,0.163,0.150,0.135,0.141,0.150,0.149,0.154,0.168,0.160,0.151,0.169,0.160,0.155,0.171,0.163,0.143,0.132
"Papua New Guinea","Asia/Pacific","PNG","Subnat","PNGr116","Manus",0.113,0.118,0.097,0.093,0.117,0.125,0.114,0.085,0.097,0.095,0.117,0.144,0.106,0.143,0.124,0.157,0.130,0.141,0.118,0.142,0.085,0.147,0.151,0.151,0.131,0.087,0.128,0.156,0.125,0.135,0.104,0.113,0.080
"Papua New Guinea","Asia/Pacific","PNG","Subnat","PNGr105","Milne Bay",0.083,0.077,0.068,0.073,0.078,0.095,0.098,0.060,0.090,0.094,0.100,0.091,0.080,0.087,0.082,0.092,0.101,0.102,0.116,0.105,0.107,0.112,0.109,0.112,0.107,0.084,0.105,0.123,0.104,0.120,0.122,0.121,0.104
"Papua New Guinea","Asia/Pacific","PNG","Subnat","PNGr112","Morobe",0.160,0.140,0.142,0.133,0.152,0.162,0.152,0.110,0.160,0.134,0.150,0.149,0.140,0.155,0.144,0.168,0.175,0.174,0.174,0.175,0.175,0.194,0.184,0.206,0.201,0.154,0.218,0.228,0.185,0.187,0.213,0.190,0.148
"Papua New Guinea","Asia/Pacific","PNG","Subnat","PNGr104","National Capital District",0.049,0.044,0.037,0.037,0.047,0.058,0.052,0.033,0.055,0.053,0.064,0.057,0.041,0.060,0.055,0.052,0.067,0.058,0.047,0.052,0.053,0.063,0.058,0.056,0.053,0.047,0.055,0.060,0.061,0.055,0.068,0.064,0.054
"Papua New Guinea","Asia/Pacific","PNG","Subnat","PNGr117","New Ireland",0.126,0.115,0.113,0.110,0.118,0.123,0.112,0.091,0.108,0.088,0.096,0.138,0.111,0.146,0.129,0.149,0.130,0.138,0.099,0.140,0.097,0.114,0.154,0.143,0.155,0.123,0.154,0.154,0.148,0.152,0.116,0.117,0.079
"Papua New Guinea","Asia/Pacific","PNG","Subnat","PNGr106","Northern, Oro",0.125,0.114,0.121,0.111,0.106,0.131,0.122,0.095,0.125,0.101,0.118,0.113,0.111,0.125,0.110,0.140,0.137,0.146,0.128,0.136,0.141,0.137,0.131,0.142,0.145,0.126,0.151,0.157,0.135,0.149,0.171,0.141,0.119
"Papua New Guinea","Asia/Pacific","PNG","Subnat","PNGr107","Southern Highlands",0.161,0.152,0.125,0.120,0.144,0.173,0.167,0.095,0.175,0.186,0.185,0.153,0.119,0.138,0.132,0.147,0.155,0.171,0.191,0.169,0.164,0.193,0.184,0.169,0.187,0.112,0.183,0.201,0.167,0.146,0.191,0.188,0.151
"Papua New Guinea","Asia/Pacific","PNG","Subnat","PNGr119","West New Britain",0.124,0.108,0.105,0.108,0.129,0.127,0.112,0.084,0.120,0.103,0.106,0.129,0.101,0.126,0.125,0.139,0.147,0.137,0.123,0.137,0.120,0.148,0.169,0.171,0.150,0.123,0.151,0.173,0.152,0.168,0.158,0.146,0.120
"Papua New Guinea","Asia/Pacific","PNG","Subnat","PNGr115","West Sepik, Sandaun",0.133,0.127,0.133,0.132,0.128,0.143,0.128,0.113,0.137,0.121,0.124,0.139,0.126,0.141,0.126,0.141,0.144,0.138,0.134,0.135,0.131,0.143,0.144,0.160,0.145,0.127,0.169,0.147,0.137,0.146,0.155,0.148,0.121
"Papua New Guinea","Asia/Pacific","PNG","Subnat","PNGr101","Western",0.097,0.088,0.083,0.074,0.087,0.107,0.107,0.062,0.120,0.116,0.118,0.101,0.077,0.091,0.082,0.096,0.087,0.102,0.109,0.101,0.123,0.109,0.108,0.106,0.095,0.075,0.115,0.124,0.098,0.097,0.114,0.124,0.109
"Papua New Guinea","Asia/Pacific","PNG","Subnat","PNGr109","Western Highlands",0.157,0.151,0.150,0.150,0.151,0.169,0.145,0.121,0.157,0.131,0.139,0.146,0.139,0.153,0.140,0.165,0.165,0.150,0.155,0.159,0.146,0.159,0.155,0.180,0.171,0.147,0.194,0.174,0.162,0.167,0.186,0.167,0.132
"Paraguay","America","PRY","National","PRYt","Total",0.068,0.053,0.063,0.054,0.060,0.052,0.071,0.066,0.077,0.052,0.056,0.058,0.058,0.051,0.044,0.047,0.047,0.049,0.044,0.049,0.054,0.049,0.041,0.050,0.065,0.068,0.051,0.056,0.048,0.045,0.035,0.038,0.042
"Paraguay","America","PRY","Subnat","PRYr105","Central (Asuncion, Central)",0.070,0.055,0.063,0.055,0.060,0.048,0.078,0.068,0.084,0.054,0.054,0.060,0.059,0.054,0.044,0.046,0.046,0.048,0.041,0.047,0.052,0.044,0.038,0.048,0.063,0.068,0.051,0.056,0.048,0.041,0.034,0.039,0.041
"Paraguay","America","PRY","Subnat","PRYr102","North-East (Caaguazu, Alto Parana, Canideyu)",0.074,0.055,0.069,0.057,0.065,0.061,0.075,0.073,0.077,0.053,0.058,0.064,0.053,0.050,0.046,0.049,0.047,0.048,0.050,0.057,0.057,0.055,0.046,0.059,0.066,0.076,0.058,0.058,0.050,0.049,0.036,0.039,0.049
"Paraguay","America","PRY","Subnat","PRYr101","North-West (Boqueron, Alto Paraguay, Presidente Hayes, Conception, Amambay, San pedro, Cordillera)",0.051,0.045,0.059,0.041,0.045,0.043,0.048,0.049,0.050,0.038,0.045,0.040,0.032,0.039,0.036,0.038,0.040,0.038,0.041,0.039,0.035,0.038,0.039,0.034,0.043,0.049,0.041,0.044,0.043,0.040,0.029,0.031,0.030
"Paraguay","America","PRY","Subnat","PRYr104","South-East (Guaira, Misiones, Paraguari, Neembucu)",0.070,0.054,0.057,0.055,0.062,0.048,0.073,0.066,0.084,0.054,0.061,0.059,0.071,0.055,0.045,0.048,0.048,0.052,0.043,0.048,0.057,0.049,0.039,0.050,0.070,0.067,0.051,0.058,0.047,0.045,0.036,0.039,0.042
"Paraguay","America","PRY","Subnat","PRYr103","South-West (Caazapa, Itapua)",0.077,0.056,0.066,0.062,0.069,0.058,0.080,0.071,0.088,0.059,0.063,0.068,0.074,0.057,0.048,0.055,0.053,0.057,0.045,0.054,0.067,0.057,0.044,0.061,0.081,0.078,0.055,0.064,0.052,0.050,0.039,0.041,0.049
"Peru","America","PER","National","PERt","Total",0.059,0.056,0.056,0.067,0.067,0.055,0.057,0.058,0.064,0.059,0.059,0.058,0.059,0.054,0.054,0.051,0.057,0.056,0.058,0.063,0.053,0.058,0.062,0.060,0.061,0.062,0.056,0.066,0.060,0.064,0.055,0.060,0.054
"Peru","America","PER","Subnat","PERr106","Central (Huancavelica, Huanuco, Junin, Pasco)",0.078,0.074,0.071,0.085,0.087,0.074,0.075,0.077,0.075,0.078,0.076,0.075,0.075,0.073,0.073,0.067,0.074,0.074,0.077,0.083,0.073,0.081,0.080,0.082,0.082,0.080,0.073,0.081,0.077,0.078,0.075,0.079,0.072
"Peru","America","PER","Subnat","PERr103","East (Madre de Dios, Cusco, Puno, Apurimac)",0.077,0.072,0.072,0.080,0.079,0.072,0.070,0.074,0.071,0.068,0.069,0.069,0.074,0.073,0.071,0.067,0.073,0.074,0.071,0.077,0.069,0.074,0.080,0.076,0.081,0.077,0.070,0.080,0.082,0.081,0.072,0.076,0.065
"Peru","America","PER","Subnat","PERr101","North (Tumbes, Piura, Lambayeque, Cajamarca, La Libertad)",0.034,0.036,0.046,0.051,0.049,0.037,0.035,0.042,0.075,0.043,0.040,0.045,0.043,0.031,0.033,0.032,0.040,0.036,0.045,0.046,0.036,0.036,0.047,0.037,0.038,0.043,0.041,0.060,0.039,0.046,0.034,0.041,0.037
"Peru","America","PER","Subnat","PERr102","North East (Amazonas, Loreto, San Martin, Ucayali)",0.098,0.092,0.092,0.099,0.106,0.087,0.092,0.088,0.092,0.090,0.093,0.085,0.085,0.086,0.082,0.081,0.082,0.086,0.088,0.096,0.080,0.090,0.093,0.093,0.095,0.095,0.087,0.096,0.091,0.100,0.081,0.094,0.086
"Peru","America","PER","Subnat","PERr104","South (Tacna, Moquegua, Arequipa, Ica, Ayacucho)",0.026,0.026,0.019,0.032,0.031,0.022,0.026,0.027,0.024,0.029,0.029,0.030,0.031,0.025,0.026,0.024,0.028,0.024,0.025,0.028,0.023,0.028,0.030,0.027,0.025,0.030,0.024,0.030,0.025,0.029,0.029,0.027,0.023
"Peru","America","PER","Subnat","PERr105","West (Ancash, Lima, Callao)",0.041,0.039,0.035,0.052,0.051,0.039,0.041,0.041,0.048,0.045,0.045,0.046,0.044,0.039,0.041,0.034,0.042,0.040,0.042,0.048,0.036,0.039,0.044,0.044,0.045,0.048,0.042,0.050,0.045,0.048,0.041,0.044,0.038
"Philippines","Asia/Pacific","PHL","National","PHLt","Total",0.077,0.067,0.065,0.078,0.074,0.091,0.089,0.067,0.075,0.103,0.102,0.088,0.072,0.077,0.073,0.082,0.085,0.085,0.100,0.097,0.082,0.110,0.094,0.098,0.095,0.076,0.089,0.106,0.086,0.074,0.093,0.100,0.105
"Philippines","Asia/Pacific","PHL","Subnat","PHLr117","ARMM",0.071,0.064,0.065,0.081,0.076,0.095,0.105,0.072,0.088,0.120,0.106,0.094,0.073,0.087,0.075,0.091,0.086,0.099,0.113,0.094,0.101,0.115,0.105,0.113,0.095,0.079,0.094,0.120,0.082,0.070,0.100,0.114,0.123
"Philippines","Asia/Pacific","PHL","Subnat","PHLr102","Cordillera Admin Region",0.101,0.096,0.089,0.105,0.082,0.100,0.086,0.082,0.101,0.111,0.108,0.105,0.083,0.091,0.094,0.090,0.100,0.092,0.102,0.121,0.098,0.119,0.104,0.102,0.098,0.104,0.111,0.106,0.105,0.103,0.099,0.091,0.107
"Philippines","Asia/Pacific","PHL","Subnat","PHLr103","I-Ilocos",0.093,0.091,0.078,0.082,0.078,0.091,0.075,0.063,0.081,0.091,0.098,0.085,0.081,0.078,0.081,0.070,0.081,0.073,0.088,0.109,0.076,0.100,0.096,0.085,0.083,0.089,0.092,0.084,0.098,0.085,0.079,0.079,0.084
"Philippines","Asia/Pacific","PHL","Subnat","PHLr104","II-Cagayan Valley",0.083,0.079,0.075,0.090,0.065,0.095,0.072,0.072,0.082,0.101,0.104,0.090,0.068,0.074,0.085,0.088,0.093,0.086,0.100,0.108,0.085,0.120,0.096,0.097,0.079,0.086,0.095,0.104,0.085,0.091,0.096,0.081,0.102
"Philippines","Asia/Pacific","PHL","Subnat","PHLr105","III-Central Luzon",0.080,0.067,0.067,0.073,0.068,0.088,0.067,0.059,0.069,0.080,0.105,0.072,0.069,0.061,0.065,0.072,0.080,0.069,0.082,0.093,0.068,0.098,0.088,0.085,0.075,0.074,0.077,0.084,0.082,0.073,0.086,0.072,0.084
"Philippines","Asia/Pacific","PHL","Subnat","PHLr106","IVA-CALABARZON",0.079,0.067,0.064,0.068,0.074,0.101,0.082,0.056,0.071,0.088,0.108,0.079,0.072,0.058,0.069,0.083,0.088,0.073,0.092,0.096,0.076,0.090,0.090,0.089,0.080,0.070,0.089,0.093,0.083,0.069,0.101,0.084,0.093
"Philippines","Asia/Pacific","PHL","Subnat","PHLr107","IVB-MIMAROPA",0.083,0.067,0.071,0.076,0.080,0.093,0.091,0.064,0.074,0.103,0.098,0.097,0.073,0.072,0.071,0.084,0.091,0.091,0.102,0.097,0.078,0.105,0.101,0.099,0.090,0.069,0.095,0.106,0.091,0.076,0.095,0.105,0.098
"Philippines","Asia/Pacific","PHL","Subnat","PHLr112","IX-Zamboanga Peninsula",0.073,0.057,0.063,0.078,0.079,0.089,0.093,0.068,0.077,0.112,0.097,0.090,0.070,0.082,0.070,0.092,0.084,0.094,0.101,0.091,0.090,0.117,0.103,0.109,0.092,0.073,0.092,0.114,0.082,0.069,0.099,0.113,0.116
"Philippines","Asia/Pacific","PHL","Subnat","PHLr101","National Capital Region",0.077,0.064,0.053,0.057,0.065,0.078,0.064,0.049,0.058,0.071,0.093,0.063,0.065,0.050,0.053,0.066,0.066,0.058,0.071,0.083,0.055,0.082,0.074,0.070,0.068,0.060,0.070,0.069,0.080,0.061,0.082,0.063,0.075
"Philippines","Asia/Pacific","PHL","Subnat","PHLr108","V-Bicol",0.066,0.061,0.058,0.067,0.071,0.094,0.085,0.055,0.064,0.089,0.102,0.081,0.063,0.061,0.079,0.076,0.085,0.075,0.098,0.091,0.073,0.106,0.086,0.089,0.092,0.063,0.083,0.098,0.091,0.074,0.097,0.095,0.096
"Philippines","Asia/Pacific","PHL","Subnat","PHLr109","VI-Western Visayas",0.082,0.065,0.065,0.084,0.082,0.094,0.099,0.069,0.075,0.112,0.106,0.102,0.079,0.083,0.078,0.083,0.095,0.093,0.113,0.096,0.086,0.121,0.101,0.105,0.110,0.072,0.098,0.117,0.097,0.075,0.099,0.118,0.114
"Philippines","Asia/Pacific","PHL","Subnat","PHLr110","VII-Central Visayas",0.066,0.047,0.046,0.068,0.066,0.074,0.084,0.056,0.057,0.092,0.085,0.078,0.062,0.068,0.062,0.070,0.072,0.076,0.096,0.076,0.071,0.105,0.079,0.088,0.098,0.064,0.077,0.101,0.078,0.056,0.082,0.106,0.107
"Philippines","Asia/Pacific","PHL","Subnat","PHLr111","VIII-Eastern Visayas",0.069,0.054,0.045,0.067,0.075,0.080,0.086,0.058,0.058,0.096,0.095,0.081,0.069,0.079,0.075,0.072,0.087,0.076,0.108,0.082,0.070,0.110,0.086,0.095,0.113,0.061,0.081,0.117,0.089,0.066,0.086,0.109,0.109
"Philippines","Asia/Pacific","PHL","Subnat","PHLr113","X-Northern Mindanao",0.073,0.063,0.066,0.083,0.076,0.099,0.107,0.080,0.078,0.126,0.109,0.091,0.074,0.091,0.073,0.089,0.083,0.097,0.110,0.105,0.095,0.122,0.099,0.110,0.110,0.080,0.087,0.124,0.079,0.071,0.103,0.126,0.127
"Philippines","Asia/Pacific","PHL","Subnat","PHLr114","XI-Davao",0.072,0.068,0.067,0.085,0.074,0.093,0.106,0.084,0.081,0.122,0.108,0.092,0.077,0.094,0.072,0.090,0.086,0.099,0.107,0.102,0.093,0.119,0.100,0.111,0.107,0.081,0.089,0.127,0.079,0.080,0.095,0.118,0.119
"Philippines","Asia/Pacific","PHL","Subnat","PHLr115","XII-SOCCSKSARGEN",0.068,0.061,0.064,0.080,0.074,0.091,0.101,0.071,0.085,0.118,0.104,0.090,0.072,0.090,0.075,0.088,0.083,0.095,0.109,0.090,0.093,0.114,0.100,0.117,0.095,0.077,0.095,0.120,0.077,0.069,0.098,0.112,0.115
"Philippines","Asia/Pacific","PHL","Subnat","PHLr116","XIII-Caraga",0.079,0.069,0.061,0.087,0.080,0.095,0.111,0.082,0.069,0.118,0.109,0.098,0.082,0.094,0.068,0.092,0.083,0.094,0.106,0.112,0.087,0.126,0.095,0.107,0.134,0.084,0.085,0.124,0.083,0.071,0.088,0.120,0.125
"Poland","Europe","POL","National","POLt","Total",0.024,0.023,0.022,0.024,0.025,0.025,0.024,0.026,0.028,0.025,0.025,0.029,0.026,0.020,0.024,0.023,0.023,0.027,0.025,0.026,0.032,0.022,0.024,0.025,0.025,0.020,0.027,0.030,0.021,0.023,0.026,0.027,0.025
"Poland","Europe","POL","Subnat","POLr112","Dolnoslaskie",0.022,0.022,0.022,0.025,0.023,0.028,0.024,0.029,0.030,0.025,0.025,0.031,0.029,0.017,0.024,0.025,0.025,0.028,0.024,0.028,0.032,0.022,0.026,0.028,0.025,0.020,0.028,0.028,0.020,0.023,0.028,0.028,0.026
"Poland","Europe","POL","Subnat","POLr114","Kujawsko-Pomorskie",0.021,0.020,0.018,0.023,0.021,0.021,0.020,0.021,0.026,0.023,0.022,0.028,0.026,0.017,0.021,0.020,0.021,0.026,0.020,0.022,0.029,0.018,0.021,0.022,0.019,0.016,0.023,0.030,0.018,0.021,0.023,0.025,0.021
"Poland","Europe","POL","Subnat","POLr101","Lodzkie",0.021,0.020,0.021,0.023,0.023,0.021,0.022,0.025,0.026,0.023,0.027,0.028,0.024,0.018,0.021,0.021,0.020,0.025,0.022,0.024,0.030,0.019,0.021,0.025,0.025,0.017,0.026,0.029,0.020,0.019,0.026,0.026,0.025
"Poland","Europe","POL","Subnat","POLr105","Lubelskie",0.024,0.022,0.025,0.021,0.024,0.023,0.024,0.025,0.026,0.025,0.025,0.025,0.024,0.020,0.024,0.021,0.024,0.024,0.026,0.027,0.029,0.023,0.022,0.027,0.026,0.021,0.026,0.027,0.021,0.022,0.027,0.028,0.026
"Poland","Europe","POL","Subnat","POLr111","Lubuskie",0.023,0.018,0.018,0.027,0.024,0.025,0.021,0.022,0.027,0.023,0.022,0.025,0.027,0.015,0.021,0.022,0.020,0.025,0.023,0.024,0.031,0.020,0.025,0.023,0.023,0.019,0.022,0.028,0.017,0.020,0.021,0.024,0.021
"Poland","Europe","POL","Subnat","POLr103","Malopolskie",0.029,0.032,0.028,0.025,0.029,0.028,0.033,0.034,0.033,0.030,0.032,0.037,0.030,0.025,0.031,0.032,0.027,0.032,0.030,0.033,0.041,0.028,0.027,0.029,0.034,0.025,0.032,0.036,0.028,0.031,0.033,0.034,0.031
"Poland","Europe","POL","Subnat","POLr102","Mazowieckie",0.022,0.020,0.023,0.022,0.025,0.023,0.022,0.024,0.025,0.024,0.022,0.026,0.023,0.019,0.022,0.019,0.021,0.024,0.022,0.024,0.029,0.022,0.022,0.025,0.023,0.018,0.026,0.029,0.019,0.019,0.025,0.026,0.023
"Poland","Europe","POL","Subnat","POLr113","Opolskie",0.021,0.024,0.021,0.022,0.022,0.025,0.025,0.030,0.027,0.025,0.027,0.029,0.024,0.019,0.023,0.025,0.023,0.027,0.023,0.027,0.032,0.022,0.024,0.026,0.026,0.018,0.029,0.028,0.021,0.022,0.029,0.026,0.027
"Poland","Europe","POL","Subnat","POLr106","Podkarpackie",0.027,0.029,0.028,0.023,0.026,0.026,0.030,0.031,0.033,0.031,0.029,0.033,0.027,0.024,0.032,0.029,0.027,0.030,0.031,0.031,0.038,0.025,0.027,0.028,0.030,0.024,0.029,0.032,0.028,0.028,0.030,0.032,0.028
"Poland","Europe","POL","Subnat","POLr108","Podlaskie",0.025,0.020,0.023,0.023,0.026,0.026,0.022,0.023,0.025,0.023,0.021,0.025,0.021,0.021,0.024,0.021,0.023,0.024,0.023,0.025,0.029,0.022,0.025,0.025,0.022,0.019,0.028,0.029,0.019,0.020,0.024,0.027,0.025
"Poland","Europe","POL","Subnat","POLr116","Pomorskie",0.025,0.024,0.020,0.025,0.025,0.025,0.023,0.024,0.028,0.027,0.025,0.030,0.027,0.021,0.027,0.021,0.023,0.029,0.026,0.023,0.028,0.023,0.025,0.022,0.020,0.022,0.026,0.032,0.020,0.025,0.023,0.024,0.023
"Poland","Europe","POL","Subnat","POLr104","Slaskie",0.027,0.028,0.025,0.025,0.028,0.028,0.030,0.033,0.030,0.028,0.032,0.034,0.028,0.023,0.026,0.030,0.025,0.031,0.027,0.029,0.036,0.026,0.027,0.028,0.031,0.022,0.032,0.033,0.023,0.027,0.031,0.031,0.031
"Poland","Europe","POL","Subnat","POLr107","Swietokrzyskie",0.022,0.023,0.023,0.022,0.026,0.021,0.025,0.026,0.025,0.024,0.027,0.028,0.023,0.019,0.023,0.023,0.021,0.024,0.024,0.026,0.032,0.022,0.020,0.025,0.028,0.020,0.025,0.029,0.022,0.022,0.026,0.030,0.027
"Poland","Europe","POL","Subnat","POLr115","Warminsko-Mazurskie",0.025,0.022,0.023,0.025,0.027,0.027,0.020,0.024,0.027,0.027,0.022,0.028,0.023,0.021,0.025,0.021,0.022,0.027,0.024,0.023,0.027,0.023,0.027,0.023,0.021,0.021,0.027,0.033,0.019,0.022,0.023,0.025,0.023
"Poland","Europe","POL","Subnat","POLr109","Wielkopolskie",0.021,0.019,0.018,0.024,0.021,0.021,0.021,0.023,0.026,0.023,0.024,0.027,0.024,0.015,0.020,0.020,0.020,0.026,0.021,0.023,0.030,0.018,0.022,0.023,0.021,0.017,0.023,0.029,0.018,0.019,0.023,0.023,0.022
"Poland","Europe","POL","Subnat","POLr110","Zachodniopomorskie",0.025,0.023,0.020,0.027,0.025,0.025,0.022,0.023,0.029,0.026,0.025,0.027,0.028,0.018,0.024,0.023,0.021,0.029,0.026,0.024,0.031,0.023,0.026,0.023,0.024,0.022,0.025,0.033,0.019,0.023,0.022,0.024,0.021
"Portugal","Europe","PRT","National","PRTt","Total",0.022,0.020,0.018,0.023,0.020,0.025,0.031,0.032,0.020,0.022,0.027,0.029,0.027,0.026,0.019,0.020,0.028,0.019,0.022,0.025,0.035,0.023,0.022,0.026,0.028,0.018,0.024,0.017,0.025,0.020,0.021,0.023,0.024
"Portugal","Europe","PRT","Subnat","PRTr105","Alentejo",0.015,0.014,0.013,0.017,0.013,0.017,0.026,0.025,0.014,0.015,0.020,0.022,0.020,0.020,0.014,0.012,0.021,0.014,0.017,0.018,0.028,0.019,0.016,0.018,0.021,0.012,0.018,0.011,0.021,0.013,0.016,0.017,0.017
"Portugal","Europe","PRT","Subnat","PRTr102","Algarve",0.015,0.014,0.012,0.014,0.011,0.014,0.028,0.024,0.012,0.014,0.019,0.019,0.018,0.019,0.013,0.011,0.020,0.014,0.019,0.016,0.029,0.018,0.015,0.016,0.017,0.012,0.014,0.010,0.018,0.009,0.015,0.012,0.015
"Portugal","Europe","PRT","Subnat","PRTr104","Area Metropolitana de Lisboa",0.018,0.016,0.013,0.018,0.015,0.018,0.030,0.028,0.015,0.016,0.022,0.022,0.023,0.022,0.014,0.014,0.023,0.014,0.017,0.020,0.029,0.020,0.016,0.019,0.025,0.013,0.020,0.013,0.021,0.014,0.016,0.017,0.018
"Portugal","Europe","PRT","Subnat","PRTr103","Centro",0.023,0.022,0.020,0.031,0.026,0.030,0.037,0.037,0.024,0.026,0.035,0.034,0.034,0.033,0.020,0.020,0.033,0.019,0.024,0.029,0.036,0.026,0.022,0.032,0.039,0.020,0.033,0.018,0.033,0.026,0.025,0.027,0.028
"Portugal","Europe","PRT","Subnat","PRTr101","Norte",0.029,0.031,0.027,0.038,0.040,0.043,0.042,0.047,0.031,0.039,0.049,0.049,0.044,0.041,0.027,0.026,0.044,0.026,0.032,0.041,0.043,0.032,0.028,0.043,0.050,0.029,0.044,0.026,0.041,0.038,0.034,0.034,0.040
"Portugal","Europe","PRT","Subnat","PRTr107","Regiao Autonoma da Madeira",0.023,0.017,0.015,0.019,0.011,0.019,0.028,0.024,0.016,0.017,0.019,0.022,0.022,0.017,0.016,0.021,0.019,0.015,0.019,0.022,0.035,0.019,0.019,0.015,0.017,0.013,0.016,0.013,0.019,0.009,0.020,0.016,0.017
"Portugal","Europe","PRT","Subnat","PRTr106","Regiao Autonoma dos Acores",0.029,0.025,0.024,0.027,0.025,0.032,0.029,0.037,0.025,0.025,0.025,0.037,0.028,0.029,0.032,0.034,0.035,0.033,0.026,0.030,0.043,0.027,0.036,0.035,0.025,0.030,0.025,0.028,0.024,0.032,0.022,0.038,0.030
"Qatar","Asia/Pacific","QAT","National","QATt","Total",0.002,0.002,0.006,0.002,0.001,0.006,0.003,0.005,0.002,0.001,0.002,0.000,0.001,0.002,0.002,0.001,0.004,0.001,0.001,0.002,0.001,0.002,0.001,0.003,0.002,0.002,0.002,0.003,0.002,0.003,0.001,0.000,0.001
"Romania","Europe","ROU","National","ROUt","Total",0.022,0.030,0.022,0.025,0.023,0.029,0.028,0.030,0.028,0.030,0.020,0.027,0.027,0.022,0.028,0.035,0.026,0.026,0.024,0.024,0.031,0.019,0.024,0.026,0.030,0.024,0.029,0.025,0.026,0.023,0.025,0.027,0.021
"Romania","Europe","ROU","Subnat","ROUr108","Bucuresti",0.020,0.031,0.016,0.021,0.020,0.026,0.023,0.027,0.022,0.028,0.016,0.019,0.026,0.020,0.024,0.036,0.019,0.020,0.015,0.020,0.025,0.017,0.023,0.022,0.030,0.021,0.024,0.027,0.021,0.019,0.020,0.024,0.013
"Romania","Europe","ROU","Subnat","ROUr107","Centru",0.027,0.033,0.028,0.030,0.028,0.033,0.031,0.034,0.033,0.034,0.023,0.034,0.029,0.023,0.031,0.037,0.032,0.031,0.029,0.026,0.034,0.023,0.025,0.028,0.028,0.027,0.033,0.027,0.029,0.026,0.030,0.030,0.026
"Romania","Europe","ROU","Subnat","ROUr101","Nord-Est",0.020,0.031,0.023,0.027,0.020,0.027,0.028,0.028,0.027,0.026,0.021,0.026,0.025,0.020,0.023,0.029,0.025,0.025,0.025,0.020,0.030,0.017,0.021,0.024,0.028,0.020,0.027,0.021,0.024,0.021,0.022,0.023,0.020
"Romania","Europe","ROU","Subnat","ROUr106","Nord-Vest",0.027,0.032,0.029,0.030,0.029,0.036,0.033,0.033,0.037,0.036,0.027,0.038,0.031,0.024,0.034,0.034,0.035,0.032,0.033,0.028,0.039,0.023,0.026,0.030,0.028,0.027,0.033,0.029,0.030,0.026,0.031,0.032,0.029
"Romania","Europe","ROU","Subnat","ROUr103","Sud",0.021,0.032,0.018,0.023,0.022,0.027,0.026,0.029,0.024,0.029,0.017,0.022,0.026,0.021,0.025,0.037,0.023,0.022,0.018,0.023,0.029,0.019,0.024,0.024,0.031,0.023,0.026,0.026,0.025,0.021,0.022,0.026,0.017
"Romania","Europe","ROU","Subnat","ROUr102","Sud-Est",0.016,0.024,0.017,0.020,0.016,0.021,0.023,0.026,0.022,0.023,0.016,0.017,0.021,0.018,0.022,0.026,0.018,0.017,0.015,0.017,0.023,0.016,0.022,0.021,0.026,0.021,0.023,0.021,0.019,0.016,0.017,0.022,0.012
"Romania","Europe","ROU","Subnat","ROUr104","Sud-Vest Oltenia",0.023,0.030,0.019,0.023,0.025,0.030,0.028,0.026,0.027,0.031,0.016,0.025,0.027,0.024,0.027,0.040,0.026,0.027,0.023,0.028,0.034,0.018,0.023,0.028,0.036,0.026,0.030,0.026,0.028,0.025,0.025,0.027,0.023
"Romania","Europe","ROU","Subnat","ROUr105","Vest",0.025,0.030,0.027,0.026,0.025,0.034,0.033,0.033,0.029,0.037,0.021,0.037,0.028,0.025,0.034,0.040,0.033,0.032,0.029,0.032,0.037,0.020,0.027,0.032,0.033,0.026,0.036,0.024,0.030,0.027,0.031,0.029,0.026
"Russian Federation","Europe","RUS","National","RUSt","Total",0.024,0.021,0.021,0.021,0.021,0.023,0.020,0.023,0.021,0.020,0.021,0.022,0.021,0.020,0.022,0.021,0.021,0.021,0.021,0.020,0.019,0.020,0.020,0.021,0.019,0.020,0.021,0.021,0.019,0.020,0.019,0.021,0.020
"Russian Federation","Europe","RUS","Subnat","RUSr101","The Central Federal District",0.029,0.024,0.023,0.025,0.023,0.025,0.020,0.025,0.028,0.022,0.024,0.024,0.020,0.023,0.026,0.023,0.024,0.022,0.024,0.023,0.021,0.021,0.026,0.023,0.017,0.021,0.026,0.024,0.019,0.022,0.022,0.024,0.025
"Russian Federation","Europe","RUS","Subnat","RUSr108","The Far East  Federal District",0.019,0.016,0.016,0.016,0.018,0.018,0.019,0.018,0.017,0.017,0.017,0.016,0.017,0.017,0.018,0.017,0.018,0.018,0.017,0.017,0.018,0.017,0.018,0.019,0.018,0.017,0.019,0.018,0.017,0.018,0.017,0.018,0.020
"Russian Federation","Europe","RUS","Subnat","RUSr102","The North West Federal District",0.023,0.025,0.022,0.023,0.024,0.025,0.021,0.023,0.024,0.021,0.023,0.021,0.022,0.024,0.023,0.022,0.022,0.025,0.025,0.023,0.022,0.021,0.025,0.021,0.022,0.024,0.023,0.026,0.022,0.028,0.026,0.024,0.022
"Russian Federation","Europe","RUS","Subnat","RUSr104","The North-Caucasian Federal District",0.029,0.026,0.031,0.025,0.024,0.031,0.026,0.031,0.024,0.025,0.024,0.027,0.029,0.024,0.029,0.029,0.027,0.024,0.026,0.029,0.025,0.026,0.024,0.027,0.025,0.024,0.030,0.024,0.024,0.021,0.020,0.027,0.022
"Russian Federation","Europe","RUS","Subnat","RUSr105","The Privolzhsky (Volga) Federal District",0.029,0.020,0.021,0.024,0.024,0.021,0.017,0.025,0.022,0.022,0.022,0.024,0.022,0.020,0.024,0.019,0.023,0.023,0.022,0.018,0.017,0.022,0.020,0.022,0.019,0.022,0.020,0.023,0.018,0.022,0.019,0.019,0.022
"Russian Federation","Europe","RUS","Subnat","RUSr107","The Siberian  Federal District",0.019,0.019,0.019,0.019,0.019,0.021,0.019,0.019,0.019,0.018,0.018,0.020,0.020,0.018,0.019,0.018,0.019,0.021,0.021,0.019,0.019,0.018,0.017,0.019,0.019,0.020,0.016,0.019,0.019,0.018,0.020,0.019,0.019
"Russian Federation","Europe","RUS","Subnat","RUSr103","The South Federal District",0.019,0.016,0.021,0.020,0.015,0.021,0.018,0.021,0.016,0.018,0.018,0.021,0.016,0.017,0.021,0.018,0.017,0.015,0.015,0.016,0.016,0.016,0.013,0.017,0.015,0.015,0.019,0.016,0.014,0.014,0.012,0.020,0.017
"Russian Federation","Europe","RUS","Subnat","RUSr106","The Urals  Federal District",0.021,0.019,0.019,0.019,0.019,0.020,0.018,0.020,0.020,0.019,0.018,0.021,0.021,0.017,0.019,0.018,0.020,0.020,0.020,0.017,0.018,0.018,0.017,0.018,0.021,0.021,0.016,0.019,0.019,0.021,0.020,0.018,0.017
"Rwanda","Africa","RWA","National","RWAt","Total",0.059,0.058,0.051,0.044,0.053,0.049,0.049,0.055,0.049,0.041,0.039,0.051,0.048,0.039,0.044,0.044,0.056,0.046,0.043,0.049,0.049,0.055,0.054,0.051,0.044,0.049,0.042,0.043,0.057,0.052,0.059,0.046,0.053
"Rwanda","Africa","RWA","Subnat","RWAr101","City of Kigali",0.041,0.041,0.033,0.030,0.036,0.033,0.031,0.038,0.032,0.026,0.024,0.032,0.030,0.024,0.029,0.030,0.039,0.030,0.030,0.035,0.034,0.040,0.039,0.036,0.031,0.032,0.029,0.032,0.041,0.037,0.042,0.032,0.038
"Rwanda","Africa","RWA","Subnat","RWAr105","East",0.038,0.038,0.031,0.029,0.034,0.030,0.030,0.037,0.032,0.025,0.021,0.030,0.028,0.022,0.027,0.028,0.033,0.028,0.027,0.031,0.032,0.038,0.035,0.032,0.028,0.031,0.025,0.028,0.037,0.032,0.036,0.028,0.033
"Rwanda","Africa","RWA","Subnat","RWAr104","North",0.072,0.066,0.058,0.048,0.059,0.057,0.062,0.060,0.058,0.048,0.045,0.063,0.055,0.046,0.055,0.053,0.071,0.053,0.053,0.059,0.055,0.063,0.061,0.058,0.050,0.058,0.050,0.053,0.067,0.062,0.070,0.050,0.059
"Rwanda","Africa","RWA","Subnat","RWAr102","South",0.052,0.051,0.046,0.038,0.045,0.044,0.040,0.049,0.043,0.034,0.033,0.047,0.042,0.033,0.040,0.037,0.049,0.040,0.036,0.043,0.043,0.050,0.047,0.045,0.041,0.043,0.040,0.038,0.054,0.046,0.051,0.042,0.051
"Rwanda","Africa","RWA","Subnat","RWAr103","West",0.090,0.093,0.088,0.075,0.090,0.083,0.081,0.090,0.079,0.073,0.069,0.084,0.084,0.068,0.069,0.072,0.089,0.077,0.069,0.079,0.079,0.085,0.088,0.082,0.069,0.083,0.064,0.065,0.087,0.081,0.094,0.077,0.086
"Samoa","Asia/Pacific","WSM","National","WSMt","Total",0.091,0.095,0.079,0.083,0.081,0.093,0.090,0.089,0.073,0.080,0.079,0.093,0.084,0.096,0.084,0.088,0.112,0.100,0.085,0.076,0.086,0.078,0.095,0.089,0.091,0.089,0.078,0.107,0.105,0.092,0.126,0.085,0.071
"San Marino","Europe","SMR","National","SMRt","Total",0.024,0.028,0.021,0.019,0.025,0.029,0.030,0.027,0.022,0.034,0.019,0.026,0.035,0.021,0.031,0.035,0.022,0.021,0.025,0.028,0.038,0.021,0.029,0.036,0.037,0.030,0.032,0.025,0.033,0.032,0.020,0.024,0.023
"Sao Tome and Principe","Africa","STP","National","STPt","Total",0.049,0.054,0.037,0.044,0.039,0.046,0.047,0.048,0.050,0.049,0.045,0.045,0.050,0.065,0.044,0.036,0.051,0.076,0.057,0.058,0.037,0.042,0.061,0.043,0.055,0.040,0.060,0.047,0.059,0.055,0.056,0.059,0.054
"Sao Tome and Principe","Africa","STP","Subnat","STPr101","Regiao Centro",0.045,0.052,0.035,0.046,0.037,0.042,0.047,0.044,0.042,0.040,0.038,0.042,0.045,0.062,0.038,0.034,0.048,0.077,0.054,0.054,0.033,0.039,0.057,0.038,0.051,0.039,0.052,0.045,0.055,0.049,0.053,0.051,0.049
"Sao Tome and Principe","Africa","STP","Subnat","STPr104","Regiao do Principe",0.058,0.060,0.039,0.041,0.041,0.058,0.047,0.059,0.070,0.073,0.062,0.051,0.065,0.074,0.061,0.042,0.052,0.074,0.060,0.068,0.046,0.047,0.073,0.056,0.069,0.043,0.083,0.052,0.069,0.075,0.069,0.081,0.066
"Sao Tome and Principe","Africa","STP","Subnat","STPr103","Regiao Norte",0.046,0.053,0.037,0.046,0.039,0.043,0.048,0.046,0.044,0.042,0.039,0.043,0.047,0.062,0.039,0.035,0.054,0.076,0.057,0.056,0.035,0.040,0.058,0.040,0.052,0.039,0.054,0.044,0.057,0.049,0.052,0.051,0.051
"Sao Tome and Principe","Africa","STP","Subnat","STPr102","Regiao Sul",0.045,0.052,0.036,0.045,0.038,0.043,0.048,0.045,0.043,0.041,0.039,0.043,0.046,0.063,0.038,0.035,0.051,0.076,0.056,0.055,0.034,0.040,0.058,0.038,0.050,0.039,0.052,0.045,0.055,0.048,0.052,0.050,0.049
"Saudi Arabia","Asia/Pacific","SAU","National","SAUt","Total",0.001,0.002,0.003,0.003,0.002,0.004,0.003,0.004,0.003,0.002,0.002,0.002,0.002,0.002,0.002,0.002,0.002,0.001,0.002,0.002,0.002,0.002,0.001,0.003,0.002,0.002,0.002,0.002,0.003,0.002,0.002,0.001,0.002
"Saudi Arabia","Asia/Pacific","SAU","Subnat","SAUr101","Center (Riadh, Qassim)",0.001,0.002,0.003,0.003,0.001,0.004,0.003,0.004,0.002,0.001,0.002,0.001,0.002,0.002,0.003,0.002,0.002,0.001,0.002,0.002,0.001,0.002,0.002,0.003,0.001,0.002,0.002,0.002,0.003,0.002,0.001,0.001,0.001
"Saudi Arabia","Asia/Pacific","SAU","Subnat","SAUr104","Eastern province",0.001,0.002,0.003,0.002,0.001,0.004,0.002,0.004,0.001,0.001,0.001,0.001,0.002,0.001,0.002,0.002,0.002,0.001,0.001,0.001,0.001,0.001,0.001,0.002,0.001,0.001,0.001,0.001,0.002,0.002,0.001,0.001,0.001
"Saudi Arabia","Asia/Pacific","SAU","Subnat","SAUr105","North (Northern Borders, Al Jawf, Hail)",0.001,0.002,0.002,0.004,0.003,0.003,0.003,0.003,0.002,0.002,0.002,0.002,0.002,0.002,0.002,0.002,0.003,0.001,0.002,0.002,0.002,0.001,0.001,0.003,0.002,0.002,0.001,0.001,0.004,0.003,0.002,0.001,0.002
"Saudi Arabia","Asia/Pacific","SAU","Subnat","SAUr103","South (Bahah, Jizan, Asir, Najran)",0.003,0.002,0.005,0.004,0.003,0.004,0.005,0.004,0.005,0.003,0.003,0.003,0.004,0.003,0.003,0.004,0.003,0.003,0.002,0.002,0.003,0.002,0.002,0.003,0.002,0.003,0.004,0.003,0.003,0.003,0.003,0.003,0.003
"Saudi Arabia","Asia/Pacific","SAU","Subnat","SAUr102","West (Makka, Madinah, Tabuk)",0.001,0.002,0.003,0.003,0.002,0.003,0.003,0.003,0.002,0.002,0.002,0.002,0.003,0.002,0.002,0.002,0.002,0.001,0.002,0.001,0.002,0.001,0.001,0.002,0.002,0.002,0.002,0.001,0.003,0.002,0.002,0.001,0.002
"Senegal","Africa","SEN","National","SENt","Total",0.015,0.016,0.014,0.018,0.019,0.020,0.016,0.016,0.013,0.019,0.018,0.017,0.013,0.019,0.012,0.015,0.014,0.015,0.020,0.018,0.021,0.014,0.020,0.019,0.013,0.020,0.016,0.015,0.016,0.015,0.023,0.016,0.020
"Senegal","Africa","SEN","Subnat","SENr101","Dakar",0.005,0.008,0.005,0.012,0.008,0.011,0.007,0.008,0.009,0.010,0.009,0.012,0.009,0.010,0.004,0.009,0.010,0.013,0.011,0.010,0.011,0.009,0.013,0.017,0.005,0.016,0.012,0.008,0.007,0.011,0.014,0.009,0.015
"Senegal","Africa","SEN","Subnat","SENr103","Diourbel",0.010,0.010,0.008,0.013,0.014,0.015,0.010,0.013,0.007,0.013,0.014,0.014,0.012,0.015,0.008,0.011,0.009,0.012,0.014,0.014,0.016,0.010,0.017,0.014,0.009,0.016,0.012,0.013,0.010,0.011,0.015,0.009,0.013
"Senegal","Africa","SEN","Subnat","SENr109","Fatick",0.014,0.015,0.013,0.017,0.018,0.021,0.016,0.016,0.012,0.018,0.018,0.018,0.014,0.019,0.011,0.015,0.014,0.015,0.023,0.022,0.023,0.014,0.022,0.022,0.012,0.022,0.016,0.015,0.014,0.015,0.022,0.016,0.022
"Senegal","Africa","SEN","Subnat","SENr106","Kaolack",0.017,0.016,0.014,0.019,0.022,0.019,0.018,0.016,0.012,0.018,0.018,0.017,0.014,0.018,0.012,0.016,0.013,0.014,0.021,0.020,0.022,0.014,0.021,0.018,0.013,0.020,0.016,0.016,0.016,0.014,0.021,0.018,0.021
"Senegal","Africa","SEN","Subnat","SENr110","Kolda",0.028,0.030,0.029,0.031,0.034,0.032,0.032,0.026,0.023,0.033,0.028,0.025,0.018,0.030,0.022,0.025,0.022,0.022,0.030,0.027,0.030,0.023,0.032,0.029,0.023,0.029,0.028,0.025,0.034,0.025,0.037,0.027,0.033
"Senegal","Africa","SEN","Subnat","SENr108","Louga",0.008,0.007,0.005,0.009,0.010,0.011,0.007,0.008,0.005,0.010,0.011,0.010,0.011,0.011,0.006,0.008,0.007,0.008,0.010,0.011,0.011,0.007,0.010,0.010,0.006,0.010,0.007,0.007,0.006,0.008,0.012,0.007,0.009
"Senegal","Africa","SEN","Subnat","SENr104","Saint Louis",0.007,0.008,0.006,0.008,0.011,0.012,0.008,0.007,0.007,0.009,0.010,0.009,0.008,0.011,0.006,0.007,0.006,0.010,0.010,0.010,0.011,0.008,0.010,0.008,0.005,0.008,0.008,0.006,0.006,0.006,0.013,0.008,0.009
"Senegal","Africa","SEN","Subnat","SENr105","Tambacounda",0.020,0.024,0.022,0.020,0.028,0.022,0.024,0.019,0.018,0.025,0.021,0.018,0.014,0.023,0.016,0.017,0.015,0.018,0.023,0.021,0.023,0.017,0.022,0.018,0.014,0.020,0.021,0.019,0.021,0.020,0.028,0.017,0.020
"Senegal","Africa","SEN","Subnat","SENr107","Thies",0.008,0.010,0.008,0.011,0.012,0.014,0.009,0.011,0.009,0.013,0.013,0.013,0.010,0.013,0.007,0.009,0.009,0.012,0.014,0.013,0.015,0.009,0.015,0.016,0.007,0.015,0.012,0.010,0.008,0.011,0.014,0.009,0.014
"Senegal","Africa","SEN","Subnat","SENr102","Ziguinchor",0.032,0.035,0.029,0.037,0.034,0.039,0.032,0.031,0.028,0.039,0.037,0.037,0.021,0.035,0.027,0.030,0.032,0.025,0.042,0.036,0.044,0.029,0.042,0.040,0.030,0.039,0.033,0.032,0.037,0.030,0.051,0.039,0.047
"Serbia","Europe","SRB","National","SRBt","Total",0.019,0.025,0.021,0.020,0.020,0.028,0.029,0.025,0.022,0.031,0.015,0.030,0.025,0.021,0.028,0.031,0.026,0.026,0.022,0.029,0.031,0.016,0.022,0.024,0.036,0.023,0.029,0.021,0.028,0.023,0.024,0.026,0.023
"Serbia","Europe","SRB","Subnat","SRBr101","Belgrade",0.017,0.024,0.019,0.019,0.018,0.026,0.028,0.025,0.019,0.031,0.013,0.031,0.023,0.018,0.027,0.029,0.023,0.025,0.020,0.027,0.030,0.015,0.021,0.021,0.035,0.022,0.028,0.018,0.026,0.022,0.021,0.025,0.021
"Serbia","Europe","SRB","Subnat","SRBr104","South and East Serbia",0.019,0.025,0.021,0.019,0.020,0.028,0.028,0.024,0.023,0.029,0.015,0.026,0.026,0.022,0.026,0.032,0.026,0.025,0.022,0.030,0.030,0.015,0.023,0.023,0.036,0.023,0.029,0.023,0.029,0.023,0.026,0.026,0.024
"Serbia","Europe","SRB","Subnat","SRBr103","Sumadija and West Serbia",0.021,0.029,0.024,0.023,0.025,0.032,0.033,0.029,0.026,0.034,0.019,0.035,0.031,0.025,0.032,0.034,0.031,0.031,0.026,0.033,0.034,0.020,0.026,0.026,0.040,0.026,0.034,0.026,0.035,0.028,0.028,0.029,0.028
"Serbia","Europe","SRB","Subnat","SRBr102","Vojvodina",0.018,0.022,0.019,0.019,0.019,0.025,0.026,0.024,0.019,0.031,0.013,0.028,0.021,0.017,0.027,0.028,0.022,0.024,0.019,0.025,0.031,0.015,0.019,0.024,0.031,0.021,0.026,0.018,0.024,0.021,0.020,0.024,0.019
"Sierra Leone","Africa","SLE","National","SLEt","Total",0.088,0.077,0.091,0.089,0.087,0.087,0.087,0.078,0.080,0.081,0.090,0.085,0.087,0.093,0.086,0.090,0.081,0.092,0.083,0.077,0.088,0.080,0.093,0.079,0.087,0.080,0.098,0.091,0.093,0.104,0.091,0.090,0.094
"Sierra Leone","Africa","SLE","Subnat","SLEr114","Western Urban",0.101,0.091,0.106,0.088,0.111,0.092,0.087,0.072,0.081,0.098,0.106,0.104,0.091,0.114,0.088,0.092,0.081,0.105,0.088,0.076,0.094,0.080,0.109,0.096,0.102,0.092,0.135,0.103,0.096,0.112,0.109,0.098,0.126
"Sierra Leone","Africa","SLE","Subnat","SLEr113","Western Rural",0.111,0.094,0.110,0.092,0.107,0.095,0.090,0.081,0.089,0.096,0.109,0.102,0.096,0.110,0.094,0.101,0.092,0.106,0.095,0.086,0.102,0.085,0.111,0.101,0.100,0.098,0.138,0.105,0.099,0.123,0.110,0.106,0.128
"Sierra Leone","Africa","SLE","Subnat","SLEr109","Bo",0.087,0.077,0.094,0.092,0.088,0.087,0.094,0.080,0.084,0.081,0.099,0.084,0.093,0.094,0.086,0.095,0.088,0.099,0.086,0.077,0.088,0.085,0.093,0.078,0.090,0.085,0.090,0.095,0.104,0.114,0.088,0.092,0.094
"Sierra Leone","Africa","SLE","Subnat","SLEr101","Bombali",0.070,0.063,0.070,0.077,0.072,0.074,0.069,0.066,0.064,0.070,0.068,0.063,0.067,0.077,0.072,0.074,0.061,0.069,0.064,0.062,0.070,0.065,0.080,0.062,0.067,0.059,0.077,0.068,0.075,0.077,0.082,0.073,0.068
"Sierra Leone","Africa","SLE","Subnat","SLEr110","Bonthe",0.108,0.094,0.120,0.108,0.103,0.106,0.105,0.091,0.102,0.093,0.118,0.106,0.115,0.111,0.108,0.119,0.108,0.123,0.105,0.097,0.112,0.100,0.107,0.101,0.114,0.107,0.120,0.128,0.123,0.139,0.096,0.112,0.116
"Sierra Leone","Africa","SLE","Subnat","SLEr106","Kailahun",0.071,0.061,0.071,0.074,0.066,0.074,0.074,0.071,0.071,0.068,0.077,0.067,0.082,0.069,0.069,0.072,0.067,0.074,0.072,0.069,0.070,0.061,0.068,0.060,0.068,0.060,0.066,0.076,0.077,0.077,0.072,0.071,0.070
"Sierra Leone","Africa","SLE","Subnat","SLEr102","Kambia",0.078,0.073,0.084,0.081,0.085,0.083,0.078,0.068,0.075,0.084,0.075,0.073,0.073,0.091,0.077,0.076,0.068,0.089,0.070,0.073,0.080,0.076,0.091,0.076,0.087,0.072,0.101,0.082,0.087,0.089,0.093,0.081,0.085
"Sierra Leone","Africa","SLE","Subnat","SLEr107","Kenema",0.075,0.068,0.078,0.081,0.076,0.082,0.083,0.074,0.077,0.071,0.086,0.075,0.085,0.081,0.076,0.084,0.076,0.084,0.076,0.072,0.078,0.075,0.081,0.067,0.079,0.072,0.073,0.084,0.091,0.093,0.080,0.083,0.081
"Sierra Leone","Africa","SLE","Subnat","SLEr103","Koinadugu",0.068,0.064,0.068,0.077,0.067,0.070,0.070,0.067,0.059,0.067,0.067,0.065,0.062,0.069,0.070,0.071,0.064,0.066,0.070,0.064,0.063,0.063,0.077,0.059,0.058,0.058,0.064,0.066,0.065,0.068,0.068,0.074,0.065
"Sierra Leone","Africa","SLE","Subnat","SLEr108","Kono",0.077,0.067,0.081,0.080,0.075,0.080,0.080,0.080,0.071,0.070,0.077,0.075,0.079,0.081,0.082,0.078,0.074,0.075,0.075,0.073,0.076,0.065,0.080,0.065,0.067,0.065,0.068,0.076,0.081,0.085,0.076,0.081,0.070
"Sierra Leone","Africa","SLE","Subnat","SLEr111","Moyamba",0.101,0.085,0.105,0.103,0.096,0.093,0.095,0.089,0.093,0.086,0.102,0.094,0.097,0.103,0.098,0.105,0.099,0.103,0.098,0.086,0.102,0.094,0.103,0.096,0.097,0.091,0.122,0.102,0.106,0.131,0.102,0.105,0.110
"Sierra Leone","Africa","SLE","Subnat","SLEr104","Port Loko",0.095,0.081,0.094,0.095,0.096,0.090,0.088,0.079,0.084,0.091,0.088,0.090,0.083,0.104,0.091,0.087,0.082,0.093,0.081,0.079,0.093,0.086,0.099,0.085,0.093,0.083,0.122,0.092,0.093,0.116,0.108,0.091,0.099
"Sierra Leone","Africa","SLE","Subnat","SLEr112","Pujehun",0.104,0.096,0.107,0.107,0.100,0.108,0.114,0.091,0.094,0.088,0.112,0.106,0.118,0.109,0.110,0.122,0.102,0.124,0.106,0.088,0.116,0.107,0.105,0.093,0.112,0.105,0.107,0.119,0.119,0.129,0.097,0.107,0.115
"Sierra Leone","Africa","SLE","Subnat","SLEr105","Tonkolili",0.085,0.071,0.085,0.091,0.080,0.087,0.086,0.080,0.076,0.078,0.081,0.079,0.083,0.092,0.087,0.087,0.077,0.083,0.076,0.073,0.087,0.076,0.092,0.075,0.079,0.076,0.089,0.084,0.084,0.103,0.090,0.090,0.083
"Singapore","Asia/Pacific","SGP","National","SGPt","Total",0.072,0.096,0.086,0.089,0.073,0.100,0.083,0.064,0.087,0.081,0.081,0.089,0.070,0.078,0.072,0.069,0.083,0.099,0.087,0.070,0.083,0.085,0.085,0.086,0.077,0.067,0.084,0.091,0.087,0.072,0.091,0.090,0.089
"Slovak Republic","Europe","SVK","National","SVKt","Total",0.025,0.025,0.023,0.022,0.025,0.028,0.029,0.027,0.028,0.029,0.025,0.027,0.027,0.019,0.027,0.030,0.026,0.027,0.026,0.027,0.037,0.021,0.024,0.028,0.031,0.023,0.028,0.027,0.024,0.027,0.030,0.026,0.023
"Slovak Republic","Europe","SVK","Subnat","SVKr101","Bratislavsky kraj",0.021,0.022,0.020,0.020,0.021,0.026,0.025,0.025,0.025,0.027,0.020,0.021,0.024,0.015,0.023,0.027,0.024,0.024,0.022,0.025,0.031,0.018,0.019,0.025,0.029,0.020,0.023,0.020,0.021,0.022,0.026,0.023,0.021
"Slovak Republic","Europe","SVK","Subnat","SVKr103","Stredne Slovensko",0.030,0.029,0.025,0.025,0.030,0.031,0.034,0.031,0.032,0.033,0.031,0.032,0.031,0.022,0.032,0.035,0.028,0.031,0.031,0.030,0.043,0.026,0.028,0.031,0.034,0.027,0.034,0.033,0.027,0.031,0.036,0.030,0.026
"Slovak Republic","Europe","SVK","Subnat","SVKr104","Vychodne Slovensko",0.026,0.026,0.024,0.023,0.025,0.027,0.028,0.028,0.031,0.030,0.026,0.032,0.026,0.020,0.030,0.030,0.026,0.027,0.028,0.029,0.039,0.023,0.026,0.028,0.030,0.023,0.030,0.030,0.026,0.028,0.031,0.028,0.023
"Slovak Republic","Europe","SVK","Subnat","SVKr102","Zapadne Slovensko",0.023,0.023,0.021,0.021,0.024,0.027,0.028,0.025,0.026,0.028,0.024,0.024,0.025,0.017,0.025,0.029,0.024,0.024,0.023,0.025,0.035,0.019,0.021,0.027,0.030,0.022,0.026,0.024,0.022,0.026,0.028,0.023,0.021
"Slovenia","Europe","SVN","National","SVNt","Total",0.040,0.040,0.039,0.038,0.039,0.045,0.045,0.038,0.043,0.044,0.041,0.039,0.042,0.031,0.045,0.040,0.037,0.039,0.045,0.043,0.049,0.029,0.040,0.046,0.056,0.036,0.046,0.046,0.043,0.046,0.041,0.040,0.035
"Slovenia","Europe","SVN","Subnat","SVNr110","Gorenjska",0.048,0.048,0.045,0.043,0.045,0.046,0.054,0.044,0.050,0.049,0.051,0.044,0.047,0.038,0.054,0.042,0.039,0.041,0.057,0.050,0.056,0.035,0.049,0.050,0.064,0.041,0.056,0.054,0.050,0.055,0.052,0.048,0.039
"Slovenia","Europe","SVN","Subnat","SVNr111","Goriska",0.057,0.056,0.058,0.053,0.051,0.058,0.066,0.052,0.058,0.054,0.063,0.055,0.058,0.041,0.059,0.044,0.046,0.047,0.071,0.060,0.069,0.042,0.058,0.062,0.081,0.045,0.066,0.063,0.055,0.064,0.058,0.055,0.044
"Slovenia","Europe","SVN","Subnat","SVNr107","Jugovzhodna Slovenija",0.040,0.039,0.039,0.041,0.039,0.049,0.045,0.040,0.042,0.048,0.040,0.041,0.047,0.034,0.048,0.044,0.041,0.042,0.043,0.042,0.049,0.028,0.040,0.048,0.057,0.040,0.047,0.048,0.045,0.047,0.038,0.042,0.037
"Slovenia","Europe","SVN","Subnat","SVNr103","Koroska",0.039,0.042,0.038,0.034,0.040,0.043,0.042,0.039,0.043,0.047,0.039,0.036,0.042,0.032,0.046,0.043,0.038,0.041,0.040,0.045,0.045,0.033,0.040,0.044,0.053,0.037,0.048,0.042,0.049,0.047,0.043,0.041,0.038
"Slovenia","Europe","SVN","Subnat","SVNr112","Obalno-kraska",0.049,0.045,0.051,0.050,0.042,0.054,0.051,0.045,0.049,0.045,0.052,0.048,0.049,0.032,0.051,0.041,0.042,0.043,0.058,0.047,0.063,0.033,0.047,0.057,0.071,0.039,0.053,0.057,0.044,0.053,0.044,0.046,0.039
"Slovenia","Europe","SVN","Subnat","SVNr109","Osrednjeslovenska",0.040,0.038,0.038,0.039,0.039,0.045,0.043,0.039,0.041,0.045,0.041,0.039,0.041,0.032,0.047,0.039,0.036,0.038,0.046,0.043,0.048,0.027,0.042,0.044,0.054,0.036,0.045,0.047,0.041,0.045,0.039,0.041,0.035
"Slovenia","Europe","SVN","Subnat","SVNr102","Podravska",0.028,0.035,0.028,0.028,0.032,0.036,0.036,0.030,0.035,0.037,0.028,0.029,0.035,0.025,0.034,0.035,0.032,0.033,0.030,0.036,0.038,0.023,0.030,0.037,0.044,0.032,0.036,0.032,0.039,0.038,0.032,0.031,0.029
"Slovenia","Europe","SVN","Subnat","SVNr101","Pomurska",0.023,0.028,0.023,0.022,0.025,0.029,0.032,0.025,0.029,0.031,0.022,0.025,0.027,0.019,0.026,0.029,0.027,0.028,0.025,0.031,0.032,0.018,0.024,0.031,0.036,0.026,0.030,0.026,0.030,0.032,0.028,0.025,0.025
"Slovenia","Europe","SVN","Subnat","SVNr106","Posavska",0.030,0.033,0.030,0.030,0.032,0.038,0.035,0.031,0.034,0.039,0.030,0.031,0.036,0.026,0.036,0.035,0.033,0.034,0.032,0.033,0.039,0.021,0.031,0.038,0.046,0.033,0.035,0.036,0.034,0.038,0.033,0.031,0.029
"Slovenia","Europe","SVN","Subnat","SVNr108","Primorsko-notranjska",0.054,0.048,0.055,0.056,0.047,0.061,0.056,0.049,0.055,0.055,0.058,0.055,0.053,0.040,0.060,0.047,0.049,0.050,0.063,0.054,0.067,0.035,0.055,0.061,0.072,0.042,0.059,0.064,0.051,0.058,0.048,0.054,0.045
"Slovenia","Europe","SVN","Subnat","SVNr104","Savinjska",0.033,0.036,0.032,0.031,0.035,0.038,0.038,0.033,0.037,0.040,0.033,0.033,0.037,0.027,0.039,0.037,0.033,0.035,0.035,0.038,0.040,0.025,0.033,0.039,0.047,0.033,0.039,0.038,0.038,0.040,0.036,0.035,0.030
"Slovenia","Europe","SVN","Subnat","SVNr105","Zasavska",0.034,0.036,0.033,0.033,0.036,0.039,0.038,0.035,0.036,0.041,0.035,0.035,0.037,0.028,0.041,0.037,0.033,0.035,0.036,0.038,0.041,0.025,0.034,0.039,0.047,0.033,0.040,0.040,0.037,0.039,0.036,0.036,0.030
"Solomon Islands","Asia/Pacific","SLB","National","SLBt","Total",0.115,0.113,0.099,0.101,0.112,0.118,0.119,0.085,0.127,0.120,0.121,0.126,0.130,0.115,0.139,0.123,0.146,0.128,0.123,0.131,0.123,0.113,0.138,0.148,0.139,0.135,0.143,0.144,0.147,0.139,0.143,0.147,0.117
"Somalia","Africa","SOM","National","SOMt","Total",0.012,0.010,0.009,0.010,0.015,0.011,0.008,0.023,0.009,0.009,0.009,0.010,0.012,0.010,0.012,0.009,0.014,0.009,0.008,0.009,0.008,0.011,0.010,0.014,0.008,0.013,0.008,0.008,0.012,0.013,0.011,0.006,0.006
"Somalia","Africa","SOM","Subnat","SOMr102","Awdal",0.010,0.010,0.011,0.013,0.009,0.010,0.010,0.014,0.009,0.009,0.008,0.008,0.008,0.010,0.011,0.009,0.013,0.007,0.006,0.007,0.010,0.006,0.005,0.014,0.007,0.007,0.009,0.006,0.011,0.013,0.012,0.006,0.004
"Somalia","Africa","SOM","Subnat","SOMr109","Bakool",0.016,0.012,0.009,0.010,0.018,0.012,0.009,0.031,0.008,0.006,0.010,0.011,0.015,0.013,0.020,0.008,0.018,0.009,0.009,0.011,0.007,0.013,0.010,0.017,0.009,0.018,0.009,0.011,0.016,0.019,0.014,0.005,0.005
"Somalia","Africa","SOM","Subnat","SOMr116","Banadir",0.019,0.013,0.015,0.018,0.025,0.018,0.013,0.035,0.019,0.021,0.015,0.018,0.022,0.019,0.019,0.014,0.019,0.015,0.016,0.018,0.013,0.016,0.019,0.018,0.013,0.018,0.013,0.013,0.016,0.014,0.019,0.014,0.014
"Somalia","Africa","SOM","Subnat","SOMr108","Bari",0.003,0.004,0.005,0.005,0.005,0.004,0.004,0.009,0.002,0.004,0.004,0.002,0.004,0.004,0.007,0.004,0.005,0.003,0.004,0.003,0.004,0.005,0.006,0.007,0.004,0.004,0.003,0.003,0.004,0.010,0.007,0.003,0.002
"Somalia","Africa","SOM","Subnat","SOMr110","Bay",0.018,0.013,0.012,0.011,0.024,0.015,0.009,0.037,0.012,0.011,0.010,0.014,0.019,0.014,0.021,0.009,0.020,0.016,0.013,0.016,0.010,0.015,0.013,0.018,0.012,0.018,0.010,0.014,0.016,0.017,0.014,0.007,0.008
"Somalia","Africa","SOM","Subnat","SOMr117","Galguduud",0.009,0.007,0.005,0.007,0.013,0.008,0.007,0.019,0.006,0.007,0.010,0.008,0.010,0.008,0.011,0.010,0.011,0.006,0.005,0.006,0.005,0.009,0.009,0.012,0.006,0.014,0.005,0.008,0.012,0.011,0.009,0.003,0.004
"Somalia","Africa","SOM","Subnat","SOMr111","Gedo",0.016,0.011,0.012,0.011,0.017,0.014,0.009,0.036,0.013,0.009,0.007,0.009,0.016,0.012,0.017,0.006,0.021,0.012,0.010,0.012,0.012,0.013,0.008,0.015,0.009,0.014,0.012,0.008,0.015,0.017,0.011,0.006,0.005
"Somalia","Africa","SOM","Subnat","SOMr113","Hiran",0.011,0.009,0.006,0.008,0.015,0.012,0.008,0.026,0.008,0.006,0.009,0.010,0.013,0.011,0.013,0.009,0.015,0.007,0.007,0.008,0.005,0.011,0.011,0.013,0.007,0.016,0.006,0.011,0.013,0.014,0.011,0.004,0.004
"Somalia","Africa","SOM","Subnat","SOMr118","Lower Juba",0.018,0.014,0.013,0.014,0.020,0.015,0.011,0.032,0.020,0.015,0.012,0.014,0.017,0.014,0.012,0.010,0.019,0.016,0.014,0.013,0.011,0.016,0.012,0.015,0.011,0.017,0.010,0.012,0.016,0.017,0.016,0.011,0.009
"Somalia","Africa","SOM","Subnat","SOMr115","Lower Shabelle",0.021,0.015,0.014,0.015,0.027,0.018,0.012,0.036,0.017,0.017,0.014,0.017,0.021,0.018,0.020,0.012,0.021,0.015,0.015,0.018,0.011,0.017,0.019,0.020,0.013,0.020,0.011,0.014,0.017,0.017,0.018,0.011,0.010
"Somalia","Africa","SOM","Subnat","SOMr112","Middle Juba",0.018,0.013,0.013,0.011,0.020,0.015,0.009,0.033,0.017,0.016,0.011,0.013,0.017,0.014,0.015,0.009,0.019,0.015,0.013,0.014,0.011,0.016,0.012,0.015,0.011,0.016,0.011,0.011,0.016,0.016,0.014,0.009,0.008
"Somalia","Africa","SOM","Subnat","SOMr114","Middle Shabelle",0.017,0.013,0.010,0.013,0.023,0.015,0.011,0.035,0.014,0.012,0.013,0.016,0.016,0.015,0.019,0.012,0.017,0.010,0.011,0.013,0.008,0.014,0.016,0.019,0.011,0.020,0.009,0.013,0.015,0.016,0.015,0.008,0.009
"Somalia","Africa","SOM","Subnat","SOMr106","Mudug",0.007,0.006,0.004,0.006,0.010,0.007,0.006,0.015,0.004,0.005,0.009,0.008,0.007,0.008,0.007,0.009,0.010,0.005,0.004,0.005,0.005,0.009,0.009,0.012,0.006,0.011,0.004,0.005,0.009,0.010,0.006,0.003,0.004
"Somalia","Africa","SOM","Subnat","SOMr107","Nugal",0.005,0.005,0.004,0.005,0.007,0.005,0.006,0.012,0.002,0.004,0.008,0.004,0.006,0.005,0.006,0.007,0.006,0.005,0.005,0.003,0.005,0.010,0.008,0.009,0.006,0.008,0.004,0.004,0.007,0.010,0.004,0.003,0.003
"Somalia","Africa","SOM","Subnat","SOMr103","Sanaag",0.005,0.007,0.007,0.007,0.007,0.007,0.007,0.013,0.003,0.005,0.006,0.004,0.006,0.005,0.007,0.007,0.008,0.005,0.004,0.004,0.008,0.005,0.005,0.010,0.006,0.007,0.004,0.004,0.008,0.010,0.009,0.006,0.003
"Somalia","Africa","SOM","Subnat","SOMr104","Sool",0.004,0.005,0.004,0.005,0.006,0.005,0.006,0.010,0.002,0.003,0.007,0.004,0.006,0.005,0.006,0.006,0.007,0.005,0.004,0.003,0.005,0.007,0.006,0.008,0.005,0.008,0.003,0.004,0.006,0.009,0.006,0.003,0.001
"Somalia","Africa","SOM","Subnat","SOMr105","Togdhere",0.005,0.007,0.005,0.007,0.008,0.007,0.007,0.012,0.003,0.004,0.006,0.005,0.007,0.005,0.006,0.007,0.009,0.006,0.004,0.004,0.009,0.006,0.006,0.010,0.006,0.009,0.005,0.005,0.008,0.010,0.007,0.005,0.002
"Somalia","Africa","SOM","Subnat","SOMr101","W Galbeed",0.006,0.010,0.009,0.009,0.009,0.008,0.008,0.014,0.006,0.007,0.007,0.007,0.007,0.008,0.008,0.008,0.012,0.007,0.005,0.005,0.012,0.005,0.006,0.012,0.008,0.008,0.007,0.005,0.009,0.012,0.010,0.006,0.003
"South Africa","Africa","ZAF","National","ZAFt","Total",0.019,0.022,0.015,0.020,0.017,0.023,0.026,0.023,0.021,0.021,0.029,0.025,0.018,0.016,0.021,0.019,0.026,0.017,0.018,0.022,0.022,0.023,0.020,0.019,0.021,0.014,0.018,0.020,0.016,0.017,0.020,0.024,0.025
"South Africa","Africa","ZAF","Subnat","ZAFr102","Eastern Cape",0.020,0.026,0.017,0.023,0.021,0.025,0.027,0.022,0.025,0.023,0.031,0.028,0.024,0.020,0.025,0.023,0.030,0.021,0.021,0.020,0.023,0.030,0.027,0.019,0.024,0.020,0.019,0.021,0.019,0.018,0.025,0.024,0.029
"South Africa","Africa","ZAF","Subnat","ZAFr104","Free State",0.021,0.029,0.015,0.025,0.020,0.024,0.032,0.026,0.025,0.021,0.029,0.030,0.024,0.018,0.021,0.022,0.030,0.018,0.017,0.023,0.025,0.025,0.019,0.017,0.020,0.012,0.020,0.020,0.018,0.017,0.025,0.030,0.030
"South Africa","Africa","ZAF","Subnat","ZAFr107","Gauteng",0.022,0.026,0.017,0.024,0.020,0.030,0.031,0.030,0.023,0.024,0.039,0.026,0.021,0.018,0.025,0.021,0.030,0.017,0.022,0.027,0.027,0.026,0.023,0.021,0.025,0.015,0.023,0.025,0.020,0.023,0.022,0.028,0.028
"South Africa","Africa","ZAF","Subnat","ZAFr105","KwaZulu Natal",0.032,0.032,0.024,0.029,0.028,0.036,0.038,0.039,0.032,0.035,0.041,0.034,0.029,0.026,0.032,0.033,0.038,0.026,0.026,0.033,0.030,0.031,0.036,0.032,0.027,0.025,0.030,0.033,0.028,0.029,0.031,0.037,0.042
"South Africa","Africa","ZAF","Subnat","ZAFr108","Mpumalanga",0.026,0.028,0.022,0.025,0.022,0.027,0.033,0.031,0.029,0.028,0.043,0.030,0.021,0.021,0.030,0.025,0.035,0.020,0.025,0.029,0.031,0.027,0.025,0.029,0.027,0.018,0.023,0.026,0.021,0.024,0.026,0.031,0.031
"South Africa","Africa","ZAF","Subnat","ZAFr106","North West",0.016,0.023,0.012,0.017,0.013,0.020,0.022,0.022,0.020,0.017,0.027,0.024,0.016,0.013,0.018,0.015,0.026,0.013,0.016,0.022,0.020,0.021,0.015,0.012,0.020,0.010,0.015,0.019,0.013,0.015,0.016,0.025,0.022
"South Africa","Africa","ZAF","Subnat","ZAFr103","Northern Cape",0.008,0.012,0.004,0.008,0.006,0.009,0.010,0.008,0.008,0.010,0.012,0.014,0.009,0.007,0.010,0.010,0.014,0.008,0.008,0.010,0.010,0.013,0.009,0.006,0.009,0.005,0.007,0.008,0.006,0.004,0.008,0.011,0.013
"South Africa","Africa","ZAF","Subnat","ZAFr109","Northern Province",0.014,0.015,0.012,0.014,0.011,0.017,0.024,0.018,0.020,0.020,0.031,0.020,0.010,0.013,0.017,0.013,0.021,0.017,0.016,0.019,0.020,0.018,0.014,0.021,0.023,0.010,0.015,0.018,0.013,0.015,0.018,0.022,0.017
"South Africa","Africa","ZAF","Subnat","ZAFr101","Western Cape",0.012,0.012,0.013,0.014,0.011,0.014,0.017,0.011,0.012,0.011,0.012,0.015,0.013,0.011,0.012,0.012,0.013,0.013,0.013,0.012,0.011,0.013,0.014,0.014,0.013,0.011,0.010,0.008,0.010,0.008,0.011,0.013,0.010
"South Sudan","Africa","SSD","National","SSDt","Total",0.035,0.043,0.038,0.035,0.041,0.038,0.043,0.037,0.039,0.038,0.034,0.036,0.030,0.035,0.030,0.033,0.034,0.033,0.032,0.028,0.034,0.030,0.033,0.030,0.030,0.026,0.026,0.027,0.025,0.033,0.029,0.024,0.025
"South Sudan","Africa","SSD","Subnat","SSDr109","Central Equatoria",0.046,0.051,0.048,0.043,0.049,0.048,0.052,0.045,0.043,0.045,0.038,0.044,0.040,0.043,0.040,0.039,0.043,0.042,0.043,0.036,0.045,0.040,0.042,0.040,0.036,0.036,0.031,0.036,0.033,0.043,0.041,0.030,0.031
"South Sudan","Africa","SSD","Subnat","SSDr110","Eastern Equatoria",0.033,0.041,0.037,0.028,0.041,0.035,0.037,0.035,0.029,0.033,0.029,0.035,0.028,0.033,0.029,0.029,0.039,0.033,0.034,0.028,0.033,0.034,0.039,0.033,0.031,0.032,0.023,0.029,0.029,0.038,0.040,0.024,0.024
"South Sudan","Africa","SSD","Subnat","SSDr102","Jonglei",0.032,0.042,0.038,0.031,0.041,0.036,0.040,0.034,0.035,0.035,0.031,0.036,0.025,0.032,0.027,0.031,0.032,0.033,0.032,0.024,0.030,0.031,0.033,0.030,0.028,0.025,0.022,0.024,0.024,0.034,0.029,0.023,0.021
"South Sudan","Africa","SSD","Subnat","SSDr107","Lakes",0.036,0.047,0.040,0.037,0.040,0.040,0.046,0.036,0.043,0.041,0.036,0.036,0.032,0.037,0.030,0.033,0.035,0.033,0.034,0.030,0.036,0.031,0.034,0.031,0.031,0.027,0.027,0.027,0.024,0.034,0.029,0.024,0.025
"South Sudan","Africa","SSD","Subnat","SSDr105","Northern Bahr El Ghazal",0.030,0.035,0.034,0.033,0.037,0.032,0.039,0.035,0.036,0.037,0.031,0.031,0.026,0.031,0.028,0.032,0.031,0.027,0.026,0.025,0.031,0.024,0.026,0.022,0.024,0.020,0.023,0.023,0.022,0.026,0.023,0.020,0.023
"South Sudan","Africa","SSD","Subnat","SSDr103","Unity",0.032,0.040,0.035,0.032,0.039,0.033,0.041,0.036,0.040,0.035,0.033,0.035,0.028,0.035,0.026,0.033,0.029,0.030,0.028,0.024,0.029,0.026,0.028,0.025,0.029,0.021,0.022,0.021,0.021,0.029,0.023,0.021,0.022
"South Sudan","Africa","SSD","Subnat","SSDr101","Upper Nile",0.025,0.035,0.031,0.027,0.035,0.032,0.037,0.030,0.031,0.029,0.028,0.030,0.018,0.026,0.021,0.028,0.024,0.030,0.024,0.018,0.025,0.025,0.027,0.024,0.026,0.019,0.021,0.022,0.017,0.025,0.021,0.018,0.019
"South Sudan","Africa","SSD","Subnat","SSDr104","Warrap",0.034,0.042,0.036,0.036,0.039,0.036,0.042,0.036,0.042,0.038,0.034,0.033,0.029,0.037,0.028,0.033,0.032,0.029,0.030,0.026,0.033,0.028,0.028,0.026,0.029,0.023,0.024,0.025,0.022,0.028,0.025,0.022,0.026
"South Sudan","Africa","SSD","Subnat","SSDr106","Western Bahr El Ghazal",0.036,0.041,0.038,0.037,0.039,0.037,0.043,0.038,0.039,0.040,0.033,0.032,0.031,0.033,0.032,0.034,0.033,0.030,0.029,0.029,0.034,0.028,0.029,0.026,0.029,0.025,0.027,0.028,0.026,0.030,0.026,0.023,0.025
"South Sudan","Africa","SSD","Subnat","SSDr108","Western Equatoria",0.048,0.050,0.049,0.048,0.048,0.047,0.054,0.047,0.047,0.051,0.044,0.044,0.042,0.043,0.040,0.040,0.044,0.042,0.043,0.040,0.044,0.037,0.039,0.037,0.039,0.034,0.034,0.036,0.033,0.038,0.035,0.032,0.033
"Spain","Europe","ESP","National","ESPt","Total",0.021,0.022,0.023,0.023,0.019,0.021,0.029,0.026,0.020,0.023,0.023,0.022,0.024,0.026,0.022,0.019,0.023,0.022,0.026,0.023,0.027,0.020,0.021,0.027,0.025,0.021,0.025,0.019,0.029,0.023,0.024,0.025,0.022
"Spain","Europe","ESP","Subnat","ESPr115","Andalucia",0.014,0.016,0.014,0.014,0.011,0.014,0.030,0.025,0.014,0.015,0.017,0.020,0.017,0.021,0.016,0.010,0.020,0.015,0.019,0.020,0.029,0.017,0.016,0.018,0.017,0.013,0.018,0.012,0.023,0.013,0.015,0.015,0.016
"Spain","Europe","ESP","Subnat","ESPr107","Aragon",0.019,0.018,0.021,0.018,0.016,0.016,0.024,0.025,0.017,0.020,0.020,0.016,0.022,0.025,0.017,0.016,0.017,0.018,0.024,0.018,0.021,0.017,0.018,0.024,0.023,0.019,0.021,0.016,0.028,0.019,0.023,0.021,0.021
"Spain","Europe","ESP","Subnat","ESPr119","Canarias",0.007,0.008,0.004,0.007,0.004,0.005,0.010,0.006,0.005,0.006,0.004,0.006,0.008,0.005,0.009,0.009,0.008,0.006,0.006,0.007,0.011,0.006,0.006,0.006,0.007,0.006,0.007,0.004,0.007,0.004,0.005,0.005,0.007
"Spain","Europe","ESP","Subnat","ESPr103","Cantabria",0.036,0.036,0.043,0.039,0.034,0.035,0.044,0.037,0.036,0.042,0.037,0.036,0.037,0.040,0.041,0.038,0.035,0.039,0.044,0.034,0.039,0.030,0.037,0.048,0.041,0.040,0.039,0.036,0.044,0.044,0.038,0.043,0.031
"Spain","Europe","ESP","Subnat","ESPr109","Castilla y Leon",0.019,0.018,0.018,0.022,0.018,0.021,0.026,0.028,0.019,0.022,0.023,0.021,0.023,0.025,0.019,0.016,0.023,0.019,0.022,0.020,0.025,0.018,0.019,0.025,0.024,0.018,0.024,0.016,0.027,0.022,0.023,0.023,0.020
"Spain","Europe","ESP","Subnat","ESPr110","Castilla-la Mancha",0.013,0.016,0.015,0.014,0.011,0.014,0.023,0.024,0.015,0.015,0.015,0.016,0.018,0.019,0.017,0.011,0.017,0.016,0.019,0.017,0.023,0.015,0.015,0.019,0.017,0.012,0.020,0.013,0.022,0.016,0.017,0.018,0.017
"Spain","Europe","ESP","Subnat","ESPr112","Cataluna",0.024,0.026,0.029,0.024,0.024,0.024,0.033,0.024,0.021,0.023,0.023,0.023,0.029,0.030,0.023,0.022,0.020,0.023,0.029,0.021,0.029,0.024,0.022,0.028,0.029,0.022,0.024,0.021,0.037,0.024,0.031,0.024,0.024
"Spain","Europe","ESP","Subnat","ESPr120","Ceuta y Melilla",0.022,0.020,0.016,0.023,0.013,0.016,0.034,0.024,0.012,0.017,0.019,0.017,0.017,0.024,0.017,0.015,0.018,0.018,0.028,0.019,0.037,0.020,0.017,0.016,0.014,0.015,0.019,0.014,0.023,0.011,0.016,0.018,0.015
"Spain","Europe","ESP","Subnat","ESPr108","Comunidad de Madrid",0.013,0.017,0.014,0.017,0.011,0.015,0.023,0.025,0.016,0.016,0.018,0.016,0.020,0.023,0.016,0.011,0.019,0.016,0.018,0.014,0.021,0.017,0.014,0.018,0.019,0.012,0.021,0.012,0.022,0.015,0.019,0.018,0.018
"Spain","Europe","ESP","Subnat","ESPr105","Comunidad Foral de Navarra",0.027,0.026,0.031,0.029,0.026,0.024,0.031,0.034,0.024,0.030,0.030,0.021,0.029,0.030,0.024,0.025,0.025,0.026,0.032,0.029,0.027,0.022,0.026,0.040,0.031,0.029,0.029,0.027,0.038,0.032,0.029,0.031,0.024
"Spain","Europe","ESP","Subnat","ESPr113","Comunidad Valenciana",0.017,0.017,0.016,0.017,0.013,0.012,0.020,0.019,0.013,0.014,0.012,0.015,0.018,0.019,0.019,0.011,0.015,0.019,0.020,0.016,0.018,0.016,0.014,0.014,0.014,0.018,0.017,0.012,0.022,0.017,0.021,0.022,0.022
"Spain","Europe","ESP","Subnat","ESPr111","Extremadura",0.015,0.015,0.015,0.017,0.015,0.019,0.030,0.027,0.016,0.016,0.021,0.023,0.022,0.023,0.016,0.011,0.022,0.017,0.018,0.018,0.030,0.019,0.017,0.021,0.023,0.014,0.022,0.013,0.024,0.014,0.019,0.018,0.019
"Spain","Europe","ESP","Subnat","ESPr101","Galicia",0.035,0.037,0.035,0.041,0.042,0.047,0.045,0.046,0.037,0.045,0.053,0.048,0.045,0.043,0.031,0.031,0.046,0.031,0.042,0.046,0.047,0.033,0.036,0.047,0.055,0.035,0.047,0.031,0.047,0.047,0.041,0.040,0.042
"Spain","Europe","ESP","Subnat","ESPr114","Illes Balears",0.016,0.017,0.012,0.011,0.012,0.011,0.020,0.012,0.013,0.009,0.010,0.015,0.018,0.016,0.016,0.013,0.015,0.016,0.019,0.016,0.018,0.014,0.011,0.017,0.014,0.013,0.013,0.014,0.021,0.013,0.014,0.018,0.015
"Spain","Europe","ESP","Subnat","ESPr106","La Rioja",0.025,0.024,0.025,0.025,0.021,0.021,0.028,0.031,0.020,0.027,0.024,0.019,0.025,0.028,0.025,0.023,0.025,0.022,0.030,0.023,0.025,0.021,0.023,0.032,0.027,0.025,0.025,0.021,0.035,0.025,0.026,0.028,0.021
"Spain","Europe","ESP","Subnat","ESPr104","Pais Vasco",0.033,0.033,0.042,0.036,0.033,0.031,0.040,0.034,0.033,0.039,0.035,0.029,0.035,0.035,0.035,0.034,0.030,0.035,0.041,0.034,0.034,0.029,0.033,0.048,0.036,0.037,0.036,0.035,0.043,0.040,0.035,0.041,0.028
"Spain","Europe","ESP","Subnat","ESPr102","Principado de Asturias",0.039,0.041,0.046,0.042,0.037,0.041,0.047,0.041,0.039,0.044,0.044,0.040,0.039,0.044,0.041,0.040,0.041,0.039,0.047,0.044,0.047,0.034,0.039,0.050,0.050,0.044,0.048,0.039,0.051,0.052,0.043,0.046,0.038
"Spain","Europe","ESP","Subnat","ESPr116","Region de Murcia",0.013,0.011,0.013,0.012,0.007,0.008,0.013,0.016,0.009,0.011,0.007,0.011,0.012,0.014,0.013,0.008,0.013,0.016,0.014,0.014,0.013,0.011,0.012,0.009,0.008,0.011,0.013,0.011,0.015,0.016,0.013,0.015,0.016
"Sri Lanka","Asia/Pacific","LKA","National","LKAt","Total",0.051,0.047,0.044,0.057,0.060,0.051,0.053,0.059,0.050,0.056,0.057,0.051,0.056,0.053,0.057,0.053,0.062,0.054,0.067,0.055,0.071,0.076,0.056,0.055,0.073,0.072,0.044,0.055,0.063,0.055,0.051,0.065,0.060
"St. Kitts and Nevis","America","KNA","National","KNAt","Total",0.027,0.023,0.025,0.025,0.017,0.030,0.032,0.023,0.037,0.037,0.022,0.022,0.022,0.032,0.043,0.037,0.031,0.029,0.030,0.029,0.043,0.042,0.032,0.032,0.029,0.021,0.032,0.036,0.024,0.023,0.029,0.022,0.029
"St. Lucia","America","LCA","National","LCAt","Total",0.027,0.027,0.031,0.029,0.026,0.030,0.032,0.026,0.033,0.029,0.031,0.026,0.028,0.030,0.038,0.047,0.033,0.032,0.033,0.027,0.046,0.044,0.035,0.032,0.026,0.022,0.036,0.033,0.031,0.026,0.031,0.025,0.033
"St. Vincent and the Grenadines","America","VCT","National","VCTt","Total",0.032,0.034,0.037,0.035,0.031,0.035,0.037,0.031,0.042,0.037,0.036,0.035,0.034,0.037,0.049,0.053,0.038,0.040,0.040,0.033,0.054,0.052,0.040,0.038,0.029,0.026,0.039,0.045,0.034,0.030,0.035,0.029,0.042
"Sudan","Africa","SDN","National","SDNt","Total",0.008,0.011,0.011,0.011,0.012,0.012,0.014,0.013,0.012,0.012,0.009,0.011,0.008,0.011,0.008,0.010,0.010,0.011,0.009,0.007,0.009,0.008,0.009,0.009,0.011,0.007,0.008,0.007,0.009,0.012,0.009,0.006,0.007
"Sudan","Africa","SDN","Subnat","SDNr105","Al Gedarif",0.008,0.011,0.014,0.014,0.015,0.017,0.023,0.017,0.016,0.017,0.010,0.013,0.010,0.014,0.010,0.012,0.013,0.015,0.012,0.009,0.012,0.010,0.011,0.010,0.014,0.009,0.011,0.009,0.013,0.017,0.011,0.008,0.009
"Sudan","Africa","SDN","Subnat","SDNr107","Al Gezira",0.003,0.006,0.006,0.008,0.008,0.009,0.013,0.010,0.008,0.007,0.004,0.007,0.004,0.008,0.005,0.006,0.006,0.008,0.005,0.004,0.004,0.004,0.004,0.004,0.007,0.004,0.005,0.004,0.006,0.010,0.007,0.004,0.006
"Sudan","Africa","SDN","Subnat","SDNr110","Blue Nile",0.017,0.024,0.025,0.023,0.025,0.024,0.030,0.027,0.025,0.023,0.020,0.024,0.016,0.019,0.017,0.021,0.021,0.024,0.019,0.014,0.018,0.019,0.020,0.019,0.023,0.016,0.017,0.016,0.015,0.020,0.015,0.014,0.015
"Sudan","Africa","SDN","Subnat","SDNr104","Kassala",0.001,0.003,0.004,0.004,0.006,0.007,0.009,0.007,0.006,0.006,0.003,0.004,0.003,0.007,0.003,0.005,0.005,0.006,0.003,0.003,0.004,0.003,0.003,0.004,0.005,0.002,0.004,0.004,0.006,0.009,0.003,0.002,0.003
"Sudan","Africa","SDN","Subnat","SDNr106","Khartoum",0.001,0.002,0.002,0.002,0.003,0.003,0.005,0.005,0.004,0.003,0.001,0.002,0.002,0.003,0.001,0.002,0.002,0.005,0.002,0.001,0.001,0.001,0.001,0.002,0.003,0.001,0.001,0.001,0.003,0.005,0.002,0.001,0.001
"Sudan","Africa","SDN","Subnat","SDNr102","Nahr El Nil",0.000,0.001,0.001,0.001,0.001,0.001,0.002,0.002,0.001,0.001,0.000,0.001,0.000,0.001,0.000,0.001,0.001,0.002,0.000,0.000,0.001,0.000,0.000,0.001,0.001,0.000,0.001,0.001,0.001,0.003,0.001,0.001,0.000
"Sudan","Africa","SDN","Subnat","SDNr113","North Darfur",0.002,0.004,0.003,0.002,0.006,0.003,0.003,0.004,0.005,0.006,0.002,0.004,0.003,0.003,0.003,0.005,0.003,0.004,0.003,0.002,0.004,0.003,0.003,0.003,0.004,0.002,0.003,0.002,0.004,0.005,0.004,0.002,0.002
"Sudan","Africa","SDN","Subnat","SDNr111","North Kordofan",0.007,0.009,0.008,0.008,0.011,0.009,0.012,0.010,0.010,0.011,0.008,0.009,0.007,0.009,0.007,0.009,0.008,0.009,0.007,0.006,0.007,0.006,0.006,0.007,0.008,0.005,0.006,0.005,0.007,0.010,0.008,0.005,0.006
"Sudan","Africa","SDN","Subnat","SDNr101","Northern",0.000,0.000,0.000,0.000,0.000,0.000,0.000,0.000,0.000,0.000,0.000,0.000,0.000,0.000,0.000,0.000,0.000,0.001,0.000,0.000,0.000,0.000,0.000,0.000,0.000,0.000,0.000,0.000,0.000,0.000,0.000,0.000,0.000
"Sudan","Africa","SDN","Subnat","SDNr103","Red Sea",0.001,0.001,0.002,0.002,0.002,0.002,0.003,0.003,0.001,0.002,0.002,0.001,0.001,0.002,0.001,0.002,0.002,0.002,0.001,0.001,0.001,0.001,0.001,0.002,0.002,0.001,0.001,0.002,0.002,0.002,0.001,0.001,0.001
"Sudan","Africa","SDN","Subnat","SDNr109","Sinnar",0.011,0.014,0.016,0.017,0.017,0.018,0.025,0.020,0.019,0.018,0.012,0.017,0.011,0.014,0.011,0.013,0.014,0.016,0.013,0.008,0.012,0.012,0.012,0.012,0.016,0.010,0.012,0.010,0.012,0.017,0.012,0.010,0.011
"Sudan","Africa","SDN","Subnat","SDNr115","South Darfur",0.020,0.023,0.022,0.022,0.023,0.021,0.026,0.023,0.024,0.023,0.021,0.022,0.019,0.023,0.019,0.023,0.022,0.019,0.017,0.017,0.021,0.017,0.020,0.017,0.020,0.014,0.017,0.015,0.017,0.020,0.017,0.013,0.014
"Sudan","Africa","SDN","Subnat","SDNr112","South Kordofan",0.020,0.028,0.023,0.024,0.028,0.024,0.029,0.026,0.027,0.026,0.023,0.025,0.019,0.023,0.020,0.023,0.021,0.023,0.020,0.016,0.020,0.019,0.018,0.020,0.023,0.015,0.016,0.017,0.017,0.024,0.018,0.015,0.016
"Sudan","Africa","SDN","Subnat","SDNr114","West Darfur",0.020,0.027,0.024,0.022,0.027,0.026,0.024,0.023,0.029,0.028,0.022,0.025,0.022,0.025,0.022,0.027,0.025,0.021,0.021,0.017,0.024,0.018,0.026,0.021,0.024,0.017,0.021,0.019,0.022,0.026,0.023,0.016,0.019
"Sudan","Africa","SDN","Subnat","SDNr108","White Nile",0.006,0.009,0.008,0.010,0.010,0.011,0.014,0.012,0.011,0.011,0.007,0.010,0.006,0.009,0.007,0.008,0.008,0.012,0.007,0.005,0.006,0.006,0.005,0.006,0.009,0.005,0.007,0.006,0.007,0.011,0.009,0.005,0.007
"Suriname","America","SUR","National","SURt","Total",0.067,0.048,0.038,0.054,0.053,0.049,0.062,0.050,0.052,0.065,0.068,0.050,0.063,0.049,0.057,0.060,0.070,0.068,0.071,0.050,0.072,0.067,0.070,0.071,0.053,0.060,0.073,0.073,0.077,0.061,0.072,0.096,0.098
"Suriname","America","SUR","Subnat","SURr105","Brokopondo and Sipaliwini",0.055,0.042,0.033,0.049,0.046,0.046,0.057,0.042,0.045,0.063,0.060,0.049,0.053,0.049,0.052,0.059,0.065,0.065,0.068,0.045,0.075,0.069,0.065,0.068,0.051,0.054,0.065,0.076,0.077,0.061,0.072,0.092,0.093
"Suriname","America","SUR","Subnat","SURr104","Commewijne and Marowijne",0.077,0.054,0.048,0.064,0.062,0.054,0.069,0.060,0.058,0.069,0.076,0.054,0.071,0.053,0.063,0.064,0.074,0.071,0.071,0.054,0.074,0.068,0.071,0.078,0.058,0.065,0.079,0.077,0.079,0.062,0.080,0.108,0.114
"Suriname","America","SUR","Subnat","SURr103","Nickerie, Coronie and Saramacca",0.071,0.051,0.037,0.054,0.056,0.052,0.063,0.051,0.058,0.068,0.071,0.053,0.068,0.051,0.060,0.063,0.074,0.073,0.079,0.056,0.076,0.072,0.077,0.073,0.056,0.063,0.081,0.075,0.082,0.066,0.072,0.097,0.094
"Suriname","America","SUR","Subnat","SURr101","Paramaribo",0.063,0.046,0.039,0.050,0.050,0.047,0.057,0.048,0.051,0.063,0.067,0.047,0.063,0.046,0.058,0.056,0.066,0.064,0.066,0.048,0.066,0.062,0.067,0.070,0.050,0.058,0.072,0.068,0.072,0.056,0.069,0.091,0.092
"Suriname","America","SUR","Subnat","SURr102","Wanica and Para",0.068,0.046,0.035,0.054,0.052,0.047,0.061,0.050,0.050,0.063,0.063,0.048,0.060,0.046,0.053,0.058,0.069,0.066,0.069,0.048,0.068,0.064,0.068,0.067,0.048,0.059,0.069,0.071,0.073,0.058,0.070,0.093,0.096
"Svalbard and Jan Mayen","Europe","SJM","National","SJMt","Total",0.020,0.019,0.018,0.019,0.019,0.018,0.020,0.017,0.014,0.020,0.019,0.017,0.016,0.015,0.020,0.021,0.022,0.021,0.019,0.021,0.016,0.021,0.022,0.019,0.018,0.023,0.023,0.019,0.023,0.017,0.021,0.019,0.020
"Sweden","Europe","SWE","National","SWEt","Total",0.027,0.023,0.024,0.025,0.023,0.024,0.021,0.023,0.029,0.027,0.029,0.025,0.024,0.023,0.025,0.023,0.026,0.026,0.026,0.025,0.025,0.027,0.030,0.022,0.026,0.027,0.022,0.026,0.020,0.027,0.026,0.026,0.024
"Sweden","Europe","SWE","Subnat","SWEr107","Mellersta Norrland",0.029,0.025,0.030,0.029,0.022,0.025,0.022,0.025,0.033,0.026,0.033,0.029,0.022,0.025,0.024,0.027,0.029,0.023,0.025,0.028,0.025,0.030,0.031,0.026,0.027,0.030,0.024,0.027,0.022,0.028,0.028,0.028,0.028
"Sweden","Europe","SWE","Subnat","SWEr106","Norra Mellansverige",0.028,0.023,0.025,0.024,0.021,0.024,0.022,0.024,0.027,0.028,0.033,0.026,0.025,0.024,0.024,0.023,0.028,0.023,0.028,0.028,0.026,0.027,0.031,0.021,0.030,0.028,0.024,0.026,0.020,0.029,0.027,0.026,0.024
"Sweden","Europe","SWE","Subnat","SWEr102","Ostra Mellansverige",0.025,0.021,0.021,0.022,0.020,0.023,0.019,0.022,0.026,0.023,0.026,0.021,0.022,0.022,0.022,0.021,0.023,0.022,0.025,0.024,0.025,0.023,0.029,0.019,0.025,0.025,0.019,0.022,0.017,0.025,0.022,0.023,0.022
"Sweden","Europe","SWE","Subnat","SWEr108","Ovre Norrland",0.028,0.026,0.028,0.028,0.019,0.025,0.023,0.023,0.032,0.026,0.032,0.029,0.021,0.023,0.027,0.028,0.026,0.026,0.026,0.024,0.023,0.031,0.030,0.026,0.023,0.031,0.026,0.029,0.022,0.028,0.031,0.027,0.027
"Sweden","Europe","SWE","Subnat","SWEr103","Smaland med oarna",0.025,0.021,0.020,0.024,0.024,0.024,0.021,0.022,0.028,0.026,0.025,0.024,0.025,0.022,0.026,0.022,0.026,0.028,0.025,0.022,0.028,0.025,0.028,0.020,0.026,0.025,0.021,0.026,0.019,0.025,0.023,0.025,0.020
"Sweden","Europe","SWE","Subnat","SWEr101","Stockholm",0.024,0.022,0.020,0.021,0.020,0.021,0.017,0.020,0.023,0.020,0.022,0.020,0.019,0.020,0.020,0.020,0.021,0.021,0.024,0.022,0.022,0.020,0.031,0.018,0.021,0.023,0.018,0.020,0.016,0.024,0.020,0.021,0.019
"Sweden","Europe","SWE","Subnat","SWEr104","Sydsverige",0.025,0.025,0.021,0.027,0.027,0.024,0.021,0.022,0.030,0.029,0.025,0.026,0.028,0.021,0.028,0.021,0.026,0.030,0.025,0.022,0.026,0.026,0.026,0.021,0.028,0.025,0.022,0.028,0.018,0.027,0.024,0.027,0.022
"Sweden","Europe","SWE","Subnat","SWEr105","Vastsverige",0.032,0.024,0.026,0.027,0.028,0.029,0.022,0.026,0.034,0.035,0.034,0.027,0.028,0.026,0.030,0.025,0.033,0.033,0.033,0.029,0.029,0.032,0.035,0.025,0.034,0.032,0.026,0.029,0.022,0.034,0.031,0.028,0.026
"Switzerland","Europe","CHE","National","CHEt","Total",0.050,0.047,0.052,0.055,0.054,0.056,0.051,0.047,0.049,0.066,0.057,0.059,0.061,0.038,0.047,0.044,0.049,0.052,0.055,0.050,0.053,0.046,0.057,0.054,0.055,0.046,0.055,0.051,0.048,0.055,0.049,0.055,0.042
"Switzerland","Europe","CHE","Subnat","CHEr106","Central Switzerland",0.058,0.055,0.061,0.063,0.064,0.068,0.061,0.054,0.059,0.077,0.064,0.070,0.071,0.045,0.056,0.055,0.057,0.062,0.064,0.059,0.061,0.055,0.067,0.061,0.062,0.056,0.062,0.063,0.052,0.062,0.055,0.063,0.050
"Switzerland","Europe","CHE","Subnat","CHEr105","Eastern Switzerland",0.050,0.049,0.051,0.053,0.051,0.053,0.052,0.048,0.050,0.067,0.062,0.059,0.059,0.040,0.045,0.045,0.047,0.052,0.057,0.051,0.054,0.047,0.057,0.053,0.053,0.047,0.055,0.053,0.047,0.058,0.052,0.054,0.045
"Switzerland","Europe","CHE","Subnat","CHEr102","Espace Mittelland",0.051,0.047,0.054,0.054,0.055,0.060,0.050,0.046,0.049,0.065,0.051,0.060,0.061,0.040,0.049,0.047,0.053,0.056,0.051,0.049,0.053,0.045,0.058,0.054,0.053,0.046,0.057,0.052,0.047,0.052,0.047,0.057,0.044
"Switzerland","Europe","CHE","Subnat","CHEr101","Lake Geneva region",0.051,0.047,0.056,0.057,0.056,0.059,0.052,0.047,0.049,0.067,0.056,0.058,0.060,0.041,0.049,0.043,0.050,0.055,0.055,0.050,0.052,0.046,0.057,0.055,0.053,0.045,0.056,0.050,0.054,0.056,0.049,0.057,0.043
"Switzerland","Europe","CHE","Subnat","CHEr103","Northwestern Switzerland",0.045,0.041,0.045,0.044,0.049,0.052,0.043,0.039,0.043,0.055,0.043,0.053,0.052,0.033,0.042,0.040,0.048,0.047,0.043,0.043,0.046,0.037,0.050,0.047,0.047,0.039,0.050,0.044,0.037,0.044,0.041,0.049,0.040
"Switzerland","Europe","CHE","Subnat","CHEr107","Ticino",0.050,0.051,0.055,0.068,0.059,0.048,0.061,0.052,0.053,0.072,0.076,0.059,0.069,0.040,0.046,0.035,0.047,0.047,0.074,0.056,0.059,0.050,0.063,0.062,0.069,0.051,0.059,0.051,0.060,0.069,0.056,0.055,0.039
"Switzerland","Europe","CHE","Subnat","CHEr104","Zurich",0.045,0.040,0.044,0.042,0.047,0.053,0.043,0.038,0.043,0.056,0.044,0.053,0.053,0.029,0.039,0.040,0.043,0.047,0.045,0.042,0.045,0.038,0.046,0.046,0.047,0.040,0.046,0.046,0.035,0.044,0.041,0.049,0.037
"Syrian Arab Republic","Asia/Pacific","SYR","National","SYRt","Total",0.007,0.012,0.012,0.010,0.014,0.008,0.013,0.011,0.010,0.006,0.010,0.011,0.012,0.014,0.011,0.009,0.010,0.010,0.007,0.010,0.008,0.012,0.013,0.010,0.009,0.010,0.010,0.007,0.015,0.014,0.011,0.007,0.009
"Syrian Arab Republic","Asia/Pacific","SYR","Subnat","SYRr102","Rural Damascus",0.004,0.006,0.006,0.005,0.008,0.003,0.006,0.005,0.004,0.002,0.005,0.004,0.006,0.006,0.005,0.004,0.004,0.004,0.003,0.003,0.004,0.005,0.005,0.004,0.004,0.005,0.003,0.003,0.007,0.006,0.006,0.003,0.004
"Syrian Arab Republic","Asia/Pacific","SYR","Subnat","SYRr111","Al Hasaka",0.008,0.012,0.013,0.016,0.015,0.008,0.017,0.011,0.009,0.005,0.009,0.011,0.011,0.012,0.012,0.008,0.014,0.008,0.005,0.009,0.007,0.011,0.011,0.010,0.011,0.009,0.010,0.007,0.017,0.018,0.013,0.004,0.008
"Syrian Arab Republic","Asia/Pacific","SYR","Subnat","SYRr106","Al Latakia",0.019,0.032,0.029,0.021,0.034,0.025,0.035,0.030,0.032,0.021,0.027,0.033,0.029,0.036,0.027,0.027,0.027,0.031,0.022,0.037,0.022,0.037,0.040,0.029,0.024,0.030,0.033,0.023,0.039,0.041,0.025,0.024,0.025
"Syrian Arab Republic","Asia/Pacific","SYR","Subnat","SYRr114","Al Qunitara - Quneitra",0.011,0.017,0.020,0.010,0.018,0.009,0.013,0.013,0.011,0.007,0.012,0.009,0.016,0.019,0.013,0.011,0.011,0.012,0.008,0.013,0.009,0.015,0.018,0.014,0.008,0.012,0.013,0.008,0.017,0.018,0.015,0.011,0.011
"Syrian Arab Republic","Asia/Pacific","SYR","Subnat","SYRr109","Al Raka-Raqqa",0.004,0.007,0.008,0.009,0.009,0.005,0.011,0.009,0.005,0.004,0.007,0.009,0.007,0.008,0.009,0.005,0.007,0.006,0.004,0.006,0.004,0.007,0.008,0.006,0.008,0.006,0.004,0.005,0.012,0.010,0.007,0.003,0.006
"Syrian Arab Republic","Asia/Pacific","SYR","Subnat","SYRr112","Al Swida - Sweida",0.006,0.006,0.007,0.005,0.009,0.004,0.006,0.007,0.004,0.002,0.005,0.004,0.007,0.007,0.005,0.004,0.005,0.004,0.003,0.004,0.004,0.006,0.005,0.005,0.004,0.006,0.004,0.003,0.009,0.007,0.008,0.003,0.005
"Syrian Arab Republic","Asia/Pacific","SYR","Subnat","SYRr101","Damascus",0.005,0.008,0.009,0.005,0.009,0.004,0.006,0.006,0.006,0.002,0.006,0.004,0.007,0.009,0.007,0.005,0.005,0.005,0.004,0.005,0.005,0.006,0.008,0.006,0.004,0.006,0.005,0.004,0.008,0.008,0.008,0.005,0.005
"Syrian Arab Republic","Asia/Pacific","SYR","Subnat","SYRr113","Daraa",0.007,0.010,0.012,0.007,0.011,0.005,0.008,0.009,0.007,0.004,0.008,0.005,0.010,0.012,0.008,0.007,0.006,0.006,0.005,0.007,0.005,0.008,0.010,0.008,0.005,0.007,0.008,0.004,0.011,0.010,0.010,0.006,0.007
"Syrian Arab Republic","Asia/Pacific","SYR","Subnat","SYRr110","Der El Zour - Deir Ezzor",0.004,0.005,0.006,0.007,0.007,0.004,0.007,0.007,0.005,0.002,0.005,0.006,0.006,0.005,0.006,0.003,0.006,0.003,0.002,0.004,0.003,0.004,0.004,0.005,0.006,0.005,0.003,0.004,0.009,0.007,0.006,0.001,0.004
"Syrian Arab Republic","Asia/Pacific","SYR","Subnat","SYRr107","Edlab Idleb",0.007,0.014,0.013,0.012,0.016,0.010,0.016,0.013,0.012,0.008,0.012,0.014,0.012,0.016,0.015,0.010,0.011,0.013,0.008,0.010,0.009,0.013,0.017,0.010,0.009,0.012,0.011,0.008,0.018,0.018,0.012,0.009,0.011
"Syrian Arab Republic","Asia/Pacific","SYR","Subnat","SYRr108","Halab - Aleppo",0.005,0.011,0.010,0.012,0.014,0.009,0.015,0.010,0.009,0.006,0.009,0.012,0.009,0.013,0.012,0.007,0.010,0.010,0.005,0.008,0.007,0.009,0.013,0.007,0.009,0.009,0.007,0.006,0.015,0.015,0.010,0.006,0.009
"Syrian Arab Republic","Asia/Pacific","SYR","Subnat","SYRr104","Hamaa",0.006,0.011,0.012,0.011,0.014,0.008,0.013,0.012,0.011,0.007,0.011,0.012,0.012,0.014,0.012,0.009,0.010,0.011,0.007,0.009,0.007,0.012,0.013,0.010,0.009,0.010,0.009,0.008,0.016,0.013,0.011,0.007,0.010
"Syrian Arab Republic","Asia/Pacific","SYR","Subnat","SYRr103","Homs",0.004,0.005,0.006,0.005,0.007,0.004,0.006,0.007,0.005,0.002,0.005,0.005,0.006,0.006,0.006,0.004,0.005,0.005,0.003,0.003,0.004,0.005,0.005,0.005,0.005,0.004,0.003,0.004,0.008,0.006,0.005,0.002,0.005
"Syrian Arab Republic","Asia/Pacific","SYR","Subnat","SYRr105","Tartous",0.014,0.021,0.024,0.018,0.028,0.016,0.024,0.020,0.022,0.014,0.021,0.023,0.024,0.031,0.022,0.023,0.022,0.022,0.016,0.025,0.016,0.024,0.029,0.024,0.017,0.021,0.023,0.016,0.027,0.025,0.022,0.019,0.020
"Tajikistan","Asia/Pacific","TJK","National","TJKt","Total",0.027,0.032,0.030,0.033,0.028,0.022,0.027,0.025,0.036,0.032,0.023,0.021,0.029,0.031,0.028,0.025,0.024,0.025,0.022,0.032,0.028,0.028,0.025,0.024,0.027,0.028,0.027,0.025,0.026,0.025,0.024,0.020,0.026
"Tajikistan","Asia/Pacific","TJK","Subnat","TJKr104","DRS",0.040,0.045,0.042,0.048,0.040,0.031,0.039,0.033,0.050,0.046,0.033,0.032,0.041,0.042,0.040,0.035,0.035,0.037,0.033,0.042,0.040,0.040,0.033,0.033,0.039,0.041,0.037,0.036,0.038,0.034,0.031,0.029,0.037
"Tajikistan","Asia/Pacific","TJK","Subnat","TJKr101","Duchanbe",0.028,0.036,0.036,0.036,0.031,0.024,0.028,0.030,0.040,0.034,0.021,0.019,0.031,0.036,0.029,0.028,0.022,0.023,0.020,0.037,0.027,0.028,0.027,0.026,0.030,0.028,0.026,0.024,0.027,0.028,0.025,0.018,0.027
"Tajikistan","Asia/Pacific","TJK","Subnat","TJKr105","GBAO",0.016,0.018,0.018,0.020,0.016,0.014,0.017,0.013,0.019,0.020,0.016,0.015,0.017,0.018,0.019,0.015,0.017,0.016,0.016,0.017,0.020,0.016,0.016,0.013,0.015,0.019,0.018,0.018,0.016,0.014,0.015,0.015,0.017
"Tajikistan","Asia/Pacific","TJK","Subnat","TJKr102","Khatlon",0.022,0.029,0.025,0.026,0.023,0.019,0.023,0.021,0.029,0.025,0.016,0.015,0.022,0.026,0.021,0.020,0.019,0.018,0.014,0.027,0.022,0.021,0.022,0.019,0.022,0.022,0.020,0.019,0.019,0.022,0.019,0.013,0.019
"Tajikistan","Asia/Pacific","TJK","Subnat","TJKr103","Sughd (formerly Leninabad)",0.029,0.032,0.031,0.036,0.030,0.025,0.028,0.026,0.039,0.036,0.027,0.026,0.035,0.034,0.034,0.027,0.027,0.029,0.027,0.034,0.031,0.032,0.025,0.028,0.028,0.032,0.033,0.029,0.029,0.030,0.028,0.025,0.031
"Tanzania","Africa","TZA","National","TZAt","Total",0.035,0.036,0.033,0.029,0.037,0.033,0.030,0.042,0.037,0.031,0.029,0.030,0.037,0.024,0.032,0.026,0.042,0.031,0.032,0.029,0.032,0.036,0.032,0.033,0.034,0.034,0.031,0.036,0.040,0.042,0.044,0.029,0.029
"Tanzania","Africa","TZA","Subnat","TZAr202"," Arusha, Manyara",0.029,0.026,0.025,0.018,0.028,0.026,0.023,0.035,0.033,0.020,0.023,0.025,0.031,0.018,0.024,0.016,0.031,0.026,0.022,0.019,0.026,0.029,0.023,0.032,0.026,0.028,0.024,0.020,0.033,0.034,0.044,0.022,0.022
"Tanzania","Africa","TZA","Subnat","TZAr207"," Dar Es Salam",0.037,0.033,0.035,0.033,0.039,0.036,0.033,0.048,0.042,0.035,0.027,0.028,0.038,0.020,0.031,0.032,0.051,0.034,0.036,0.027,0.030,0.035,0.033,0.035,0.035,0.032,0.030,0.044,0.047,0.047,0.048,0.034,0.025
"Tanzania","Africa","TZA","Subnat","TZAr201"," Dodoma",0.020,0.021,0.019,0.014,0.020,0.020,0.018,0.025,0.021,0.014,0.018,0.017,0.021,0.013,0.020,0.012,0.019,0.018,0.017,0.014,0.015,0.023,0.017,0.017,0.021,0.018,0.020,0.014,0.026,0.024,0.032,0.017,0.020
"Tanzania","Africa","TZA","Subnat","TZAr211"," Iringa, Njombe",0.045,0.053,0.045,0.038,0.048,0.043,0.045,0.051,0.050,0.043,0.047,0.045,0.051,0.039,0.047,0.036,0.049,0.045,0.050,0.047,0.042,0.055,0.044,0.045,0.052,0.049,0.046,0.051,0.050,0.054,0.057,0.041,0.048
"Tanzania","Africa","TZA","Subnat","TZAr218"," Kagera",0.041,0.040,0.034,0.033,0.039,0.034,0.033,0.042,0.035,0.028,0.024,0.033,0.032,0.025,0.030,0.030,0.036,0.032,0.028,0.032,0.036,0.040,0.038,0.035,0.034,0.032,0.029,0.031,0.037,0.037,0.037,0.028,0.030
"Tanzania","Africa","TZA","Subnat","TZAr216"," Kigoma",0.047,0.047,0.043,0.040,0.048,0.039,0.037,0.051,0.043,0.037,0.035,0.039,0.041,0.031,0.038,0.035,0.046,0.036,0.039,0.041,0.042,0.044,0.043,0.042,0.040,0.043,0.041,0.043,0.044,0.043,0.046,0.038,0.038
"Tanzania","Africa","TZA","Subnat","TZAr203"," Kilimanjaro",0.043,0.040,0.039,0.027,0.043,0.041,0.035,0.045,0.049,0.033,0.030,0.036,0.047,0.031,0.039,0.030,0.050,0.036,0.038,0.028,0.041,0.038,0.037,0.047,0.042,0.044,0.037,0.035,0.047,0.050,0.057,0.031,0.023
"Tanzania","Africa","TZA","Subnat","TZAr208"," Lindi",0.028,0.034,0.026,0.029,0.029,0.031,0.025,0.028,0.029,0.026,0.027,0.029,0.036,0.018,0.032,0.022,0.036,0.024,0.027,0.022,0.022,0.030,0.026,0.025,0.030,0.025,0.031,0.031,0.033,0.035,0.032,0.025,0.031
"Tanzania","Africa","TZA","Subnat","TZAr220"," Mara",0.041,0.042,0.034,0.028,0.044,0.033,0.030,0.043,0.031,0.029,0.028,0.031,0.036,0.026,0.031,0.025,0.043,0.034,0.030,0.038,0.036,0.044,0.040,0.036,0.033,0.040,0.026,0.032,0.035,0.042,0.046,0.030,0.031
"Tanzania","Africa","TZA","Subnat","TZAr212"," Mbeya",0.039,0.042,0.036,0.029,0.038,0.031,0.034,0.042,0.040,0.033,0.038,0.037,0.043,0.029,0.038,0.027,0.040,0.033,0.040,0.041,0.035,0.043,0.037,0.039,0.040,0.041,0.038,0.041,0.042,0.044,0.052,0.034,0.039
"Tanzania","Africa","TZA","Subnat","TZAr205"," Morogoro",0.038,0.039,0.035,0.031,0.038,0.036,0.034,0.042,0.037,0.032,0.032,0.032,0.043,0.024,0.036,0.025,0.039,0.034,0.034,0.027,0.029,0.038,0.029,0.030,0.038,0.033,0.035,0.036,0.039,0.044,0.043,0.029,0.036
"Tanzania","Africa","TZA","Subnat","TZAr209"," Mtwara",0.026,0.034,0.025,0.030,0.028,0.029,0.024,0.028,0.026,0.026,0.030,0.028,0.034,0.019,0.035,0.022,0.037,0.026,0.029,0.023,0.023,0.030,0.029,0.026,0.035,0.025,0.032,0.033,0.032,0.036,0.025,0.025,0.030
"Tanzania","Africa","TZA","Subnat","TZAr219"," Mwanza, Geita",0.045,0.047,0.039,0.036,0.045,0.038,0.035,0.047,0.037,0.031,0.028,0.034,0.038,0.029,0.035,0.029,0.045,0.033,0.034,0.036,0.039,0.042,0.042,0.040,0.037,0.039,0.031,0.035,0.038,0.042,0.043,0.031,0.032
"Tanzania","Africa","TZA","Subnat","TZAr224"," Pemba North",0.032,0.034,0.038,0.028,0.042,0.038,0.029,0.046,0.048,0.037,0.028,0.031,0.038,0.027,0.029,0.035,0.052,0.037,0.033,0.030,0.037,0.032,0.032,0.033,0.031,0.036,0.027,0.048,0.048,0.054,0.052,0.030,0.025
"Tanzania","Africa","TZA","Subnat","TZAr225"," Pemba South",0.032,0.034,0.036,0.028,0.041,0.039,0.029,0.045,0.047,0.038,0.027,0.030,0.039,0.026,0.030,0.036,0.052,0.036,0.033,0.029,0.037,0.032,0.033,0.033,0.032,0.036,0.027,0.047,0.049,0.053,0.051,0.031,0.025
"Tanzania","Africa","TZA","Subnat","TZAr206"," Pwani",0.035,0.032,0.032,0.029,0.035,0.034,0.030,0.041,0.037,0.032,0.027,0.028,0.036,0.018,0.030,0.027,0.044,0.029,0.032,0.023,0.027,0.035,0.028,0.030,0.033,0.030,0.031,0.037,0.039,0.042,0.043,0.030,0.027
"Tanzania","Africa","TZA","Subnat","TZAr215"," Rukwa, Katavi",0.041,0.042,0.037,0.031,0.042,0.031,0.034,0.044,0.041,0.033,0.036,0.037,0.041,0.029,0.037,0.027,0.042,0.033,0.041,0.038,0.037,0.041,0.039,0.040,0.037,0.042,0.038,0.043,0.041,0.043,0.048,0.035,0.041
"Tanzania","Africa","TZA","Subnat","TZAr210"," Ruvuma",0.034,0.045,0.032,0.034,0.038,0.037,0.036,0.041,0.033,0.035,0.038,0.033,0.044,0.031,0.040,0.027,0.039,0.038,0.036,0.035,0.032,0.038,0.036,0.035,0.040,0.037,0.035,0.041,0.040,0.043,0.037,0.033,0.044
"Tanzania","Africa","TZA","Subnat","TZAr217"," Shinyanga, Simiyu",0.033,0.032,0.028,0.020,0.035,0.025,0.024,0.036,0.029,0.022,0.025,0.025,0.030,0.018,0.026,0.017,0.033,0.024,0.023,0.027,0.027,0.032,0.028,0.028,0.027,0.030,0.022,0.025,0.031,0.031,0.038,0.024,0.022
"Tanzania","Africa","TZA","Subnat","TZAr213"," Singida",0.024,0.024,0.025,0.016,0.025,0.022,0.024,0.032,0.025,0.020,0.024,0.022,0.024,0.015,0.023,0.013,0.023,0.022,0.020,0.022,0.021,0.027,0.020,0.024,0.026,0.025,0.023,0.019,0.028,0.027,0.036,0.021,0.023
"Tanzania","Africa","TZA","Subnat","TZAr214"," Tabora",0.031,0.030,0.028,0.020,0.032,0.023,0.023,0.037,0.029,0.023,0.027,0.026,0.031,0.019,0.026,0.016,0.031,0.022,0.027,0.028,0.027,0.030,0.027,0.029,0.027,0.032,0.027,0.030,0.031,0.029,0.036,0.024,0.027
"Tanzania","Africa","TZA","Subnat","TZAr204"," Tanga",0.035,0.030,0.033,0.027,0.038,0.034,0.029,0.043,0.040,0.031,0.029,0.026,0.038,0.022,0.032,0.025,0.044,0.030,0.032,0.023,0.030,0.032,0.026,0.030,0.033,0.032,0.028,0.032,0.041,0.042,0.049,0.024,0.022
"Tanzania","Africa","TZA","Subnat","TZAr221"," Zanzibar North",0.037,0.033,0.038,0.033,0.043,0.037,0.034,0.051,0.044,0.042,0.030,0.030,0.041,0.024,0.033,0.034,0.054,0.035,0.034,0.030,0.035,0.037,0.033,0.035,0.037,0.036,0.031,0.044,0.049,0.051,0.048,0.031,0.023
"Tanzania","Africa","TZA","Subnat","TZAr222"," Zanzibar South",0.035,0.032,0.033,0.031,0.039,0.035,0.030,0.047,0.045,0.037,0.027,0.027,0.037,0.021,0.031,0.033,0.052,0.033,0.033,0.027,0.032,0.033,0.032,0.033,0.035,0.034,0.028,0.043,0.048,0.049,0.045,0.031,0.023
"Tanzania","Africa","TZA","Subnat","TZAr223"," Zanzibar West",0.034,0.030,0.033,0.031,0.038,0.035,0.031,0.048,0.042,0.037,0.027,0.026,0.037,0.020,0.031,0.030,0.050,0.032,0.031,0.027,0.032,0.034,0.030,0.032,0.034,0.033,0.028,0.040,0.046,0.047,0.045,0.030,0.022
"Thailand","Asia/Pacific","THA","National","THAt","Total",0.048,0.051,0.047,0.048,0.056,0.058,0.060,0.047,0.049,0.064,0.062,0.056,0.054,0.048,0.045,0.053,0.055,0.057,0.058,0.052,0.055,0.063,0.054,0.055,0.048,0.048,0.052,0.062,0.058,0.046,0.051,0.058,0.062
"Thailand","Asia/Pacific","THA","Subnat","THAr101","Bangkok",0.036,0.037,0.035,0.037,0.043,0.053,0.052,0.035,0.039,0.052,0.045,0.044,0.043,0.038,0.036,0.040,0.045,0.043,0.045,0.042,0.044,0.050,0.045,0.045,0.037,0.038,0.041,0.052,0.052,0.036,0.042,0.050,0.052
"Thailand","Asia/Pacific","THA","Subnat","THAr102","Central",0.046,0.051,0.042,0.044,0.054,0.056,0.060,0.048,0.047,0.062,0.056,0.054,0.054,0.049,0.043,0.052,0.055,0.053,0.055,0.053,0.050,0.058,0.055,0.057,0.048,0.046,0.048,0.057,0.058,0.046,0.049,0.058,0.059
"Thailand","Asia/Pacific","THA","Subnat","THAr103","North",0.053,0.053,0.051,0.044,0.069,0.061,0.058,0.048,0.040,0.063,0.061,0.055,0.062,0.047,0.048,0.055,0.058,0.057,0.059,0.052,0.050,0.067,0.052,0.054,0.048,0.051,0.052,0.060,0.060,0.046,0.042,0.055,0.055
"Thailand","Asia/Pacific","THA","Subnat","THAr104","Northeast",0.053,0.047,0.046,0.042,0.050,0.050,0.053,0.046,0.041,0.054,0.059,0.049,0.057,0.045,0.042,0.043,0.048,0.051,0.053,0.050,0.052,0.055,0.045,0.050,0.044,0.042,0.048,0.057,0.048,0.042,0.046,0.050,0.056
"Thailand","Asia/Pacific","THA","Subnat","THAr105","South",0.054,0.067,0.063,0.074,0.068,0.073,0.080,0.061,0.077,0.090,0.088,0.079,0.054,0.062,0.053,0.074,0.069,0.080,0.076,0.065,0.079,0.083,0.073,0.068,0.064,0.061,0.068,0.087,0.071,0.058,0.074,0.076,0.090
"Timor-Leste","Asia/Pacific","TLS","National","TLSt","Total",0.053,0.041,0.044,0.050,0.046,0.060,0.055,0.042,0.065,0.066,0.068,0.062,0.041,0.046,0.050,0.043,0.060,0.052,0.055,0.046,0.071,0.060,0.052,0.068,0.045,0.041,0.056,0.061,0.049,0.044,0.053,0.068,0.068
"Timor-Leste","Asia/Pacific","TLS","Subnat","TLSr101","Aileu",0.057,0.045,0.055,0.051,0.054,0.067,0.061,0.047,0.075,0.069,0.074,0.068,0.044,0.049,0.056,0.049,0.064,0.056,0.063,0.052,0.078,0.067,0.056,0.073,0.052,0.048,0.065,0.068,0.057,0.048,0.060,0.077,0.071
"Timor-Leste","Asia/Pacific","TLS","Subnat","TLSr102","Ainaro",0.056,0.043,0.043,0.049,0.047,0.066,0.058,0.043,0.065,0.075,0.081,0.070,0.040,0.047,0.051,0.043,0.062,0.057,0.059,0.049,0.078,0.064,0.054,0.070,0.046,0.039,0.059,0.060,0.050,0.041,0.056,0.066,0.075
"Timor-Leste","Asia/Pacific","TLS","Subnat","TLSr103","Baucau",0.057,0.043,0.051,0.057,0.051,0.068,0.063,0.050,0.080,0.080,0.073,0.070,0.049,0.054,0.057,0.053,0.071,0.060,0.062,0.053,0.082,0.069,0.064,0.082,0.050,0.050,0.062,0.076,0.055,0.056,0.060,0.081,0.080
"Timor-Leste","Asia/Pacific","TLS","Subnat","TLSr104","Bobonaro",0.053,0.040,0.046,0.053,0.046,0.058,0.054,0.047,0.063,0.064,0.067,0.065,0.041,0.051,0.054,0.043,0.061,0.049,0.061,0.046,0.070,0.057,0.049,0.067,0.050,0.042,0.058,0.060,0.051,0.041,0.053,0.070,0.076
"Timor-Leste","Asia/Pacific","TLS","Subnat","TLSr105","Cova Lima",0.047,0.036,0.036,0.047,0.038,0.052,0.048,0.037,0.053,0.061,0.066,0.060,0.034,0.043,0.047,0.034,0.054,0.044,0.049,0.040,0.066,0.054,0.043,0.060,0.039,0.032,0.049,0.051,0.043,0.034,0.048,0.056,0.068
"Timor-Leste","Asia/Pacific","TLS","Subnat","TLSr106","Dili",0.044,0.040,0.040,0.043,0.043,0.050,0.047,0.028,0.056,0.049,0.047,0.045,0.035,0.033,0.039,0.039,0.048,0.042,0.040,0.036,0.053,0.050,0.044,0.055,0.036,0.035,0.043,0.049,0.036,0.039,0.042,0.058,0.049
"Timor-Leste","Asia/Pacific","TLS","Subnat","TLSr107","Ermera",0.058,0.045,0.054,0.056,0.054,0.067,0.060,0.050,0.075,0.072,0.076,0.072,0.047,0.053,0.057,0.051,0.066,0.058,0.068,0.051,0.080,0.064,0.058,0.075,0.056,0.048,0.068,0.069,0.056,0.048,0.057,0.079,0.079
"Timor-Leste","Asia/Pacific","TLS","Subnat","TLSr109","Lautem",0.057,0.035,0.048,0.049,0.047,0.065,0.063,0.046,0.082,0.079,0.073,0.071,0.045,0.051,0.057,0.049,0.070,0.058,0.057,0.053,0.081,0.067,0.067,0.076,0.049,0.043,0.058,0.071,0.053,0.054,0.060,0.075,0.069
"Timor-Leste","Asia/Pacific","TLS","Subnat","TLSr108","Liquica",0.050,0.039,0.047,0.051,0.047,0.057,0.051,0.042,0.066,0.058,0.059,0.058,0.042,0.046,0.047,0.045,0.058,0.050,0.055,0.043,0.066,0.052,0.051,0.064,0.048,0.042,0.058,0.059,0.046,0.044,0.047,0.070,0.067
"Timor-Leste","Asia/Pacific","TLS","Subnat","TLSr111","Manatuto",0.051,0.040,0.043,0.048,0.043,0.058,0.053,0.040,0.063,0.064,0.066,0.057,0.038,0.043,0.047,0.039,0.057,0.050,0.050,0.046,0.068,0.059,0.049,0.067,0.041,0.044,0.052,0.058,0.048,0.044,0.056,0.064,0.062
"Timor-Leste","Asia/Pacific","TLS","Subnat","TLSr110","Manufahi",0.059,0.044,0.039,0.049,0.044,0.067,0.057,0.041,0.062,0.075,0.081,0.066,0.038,0.047,0.050,0.039,0.061,0.056,0.054,0.052,0.077,0.066,0.052,0.069,0.042,0.040,0.055,0.059,0.051,0.041,0.060,0.062,0.069
"Timor-Leste","Asia/Pacific","TLS","Subnat","TLSr112","Oecussi",0.045,0.048,0.037,0.045,0.042,0.054,0.049,0.036,0.047,0.051,0.055,0.048,0.036,0.041,0.039,0.038,0.052,0.042,0.051,0.040,0.053,0.056,0.040,0.063,0.041,0.037,0.045,0.051,0.046,0.037,0.043,0.065,0.059
"Timor-Leste","Asia/Pacific","TLS","Subnat","TLSr113","Viqueque",0.049,0.036,0.038,0.046,0.040,0.055,0.052,0.038,0.063,0.066,0.066,0.057,0.038,0.045,0.046,0.038,0.061,0.048,0.048,0.043,0.070,0.056,0.051,0.067,0.038,0.038,0.049,0.058,0.046,0.045,0.050,0.061,0.064
"Togo","Africa","TGO","National","TGOt","Total",0.039,0.047,0.040,0.044,0.046,0.046,0.040,0.042,0.037,0.049,0.037,0.034,0.042,0.040,0.038,0.035,0.039,0.039,0.037,0.038,0.042,0.037,0.043,0.035,0.044,0.037,0.044,0.039,0.044,0.047,0.035,0.035,0.037
"Togo","Africa","TGO","Subnat","TGOr104","Centrale",0.052,0.061,0.054,0.060,0.058,0.059,0.053,0.052,0.050,0.061,0.052,0.040,0.052,0.050,0.048,0.046,0.049,0.050,0.043,0.049,0.052,0.045,0.051,0.050,0.052,0.045,0.055,0.052,0.055,0.053,0.041,0.041,0.046
"Togo","Africa","TGO","Subnat","TGOr105","Kara",0.041,0.048,0.044,0.043,0.046,0.044,0.037,0.041,0.043,0.050,0.035,0.030,0.042,0.041,0.034,0.033,0.040,0.036,0.037,0.038,0.040,0.030,0.040,0.038,0.040,0.038,0.041,0.039,0.042,0.042,0.036,0.031,0.041
"Togo","Africa","TGO","Subnat","TGOr101","Lome",0.033,0.041,0.029,0.037,0.040,0.041,0.035,0.041,0.025,0.042,0.032,0.034,0.036,0.036,0.038,0.032,0.036,0.037,0.034,0.035,0.042,0.039,0.039,0.027,0.045,0.035,0.039,0.036,0.040,0.050,0.031,0.037,0.034
"Togo","Africa","TGO","Subnat","TGOr102","Maritime",0.038,0.047,0.037,0.046,0.045,0.049,0.040,0.046,0.032,0.048,0.037,0.037,0.042,0.042,0.043,0.037,0.042,0.040,0.040,0.038,0.044,0.042,0.045,0.033,0.049,0.039,0.048,0.041,0.047,0.052,0.034,0.040,0.035
"Togo","Africa","TGO","Subnat","TGOr103","Plateaux",0.048,0.056,0.049,0.056,0.054,0.055,0.046,0.048,0.042,0.057,0.046,0.037,0.051,0.045,0.045,0.041,0.044,0.046,0.041,0.042,0.046,0.046,0.051,0.039,0.049,0.040,0.055,0.044,0.052,0.054,0.039,0.038,0.040
"Togo","Africa","TGO","Subnat","TGOr106","Savanes",0.025,0.029,0.029,0.025,0.031,0.026,0.026,0.025,0.028,0.035,0.021,0.023,0.029,0.027,0.019,0.022,0.023,0.023,0.024,0.024,0.027,0.019,0.032,0.023,0.026,0.028,0.025,0.024,0.029,0.029,0.033,0.021,0.029
"Tonga","Asia/Pacific","TON","National","TONt","Total",0.055,0.046,0.040,0.047,0.040,0.039,0.061,0.062,0.042,0.067,0.077,0.055,0.059,0.050,0.062,0.066,0.064,0.075,0.064,0.061,0.060,0.071,0.070,0.074,0.052,0.044,0.063,0.084,0.069,0.080,0.069,0.073,0.081
"Trinidad and Tobago","America","TTO","National","TTOt","Total",0.040,0.041,0.038,0.038,0.038,0.039,0.045,0.040,0.054,0.050,0.051,0.047,0.048,0.045,0.055,0.058,0.045,0.053,0.049,0.044,0.057,0.063,0.056,0.046,0.042,0.036,0.043,0.054,0.047,0.041,0.042,0.053,0.061
"Trinidad and Tobago","America","TTO","Subnat","TTOr103","Central",0.039,0.040,0.036,0.035,0.037,0.038,0.042,0.037,0.050,0.047,0.046,0.042,0.043,0.043,0.049,0.054,0.040,0.050,0.047,0.040,0.054,0.061,0.054,0.045,0.039,0.032,0.038,0.052,0.044,0.039,0.040,0.052,0.060
"Trinidad and Tobago","America","TTO","Subnat","TTOr102","East",0.047,0.048,0.044,0.044,0.045,0.044,0.051,0.048,0.061,0.056,0.057,0.053,0.056,0.051,0.060,0.063,0.050,0.059,0.055,0.050,0.062,0.070,0.063,0.054,0.050,0.042,0.049,0.061,0.055,0.047,0.048,0.061,0.069
"Trinidad and Tobago","America","TTO","Subnat","TTOr101","North West",0.034,0.034,0.031,0.031,0.033,0.033,0.040,0.034,0.047,0.047,0.045,0.043,0.042,0.039,0.050,0.053,0.039,0.048,0.044,0.038,0.051,0.055,0.049,0.039,0.037,0.030,0.036,0.047,0.042,0.034,0.035,0.046,0.053
"Trinidad and Tobago","America","TTO","Subnat","TTOr104","South West",0.042,0.041,0.039,0.039,0.040,0.040,0.047,0.042,0.055,0.051,0.053,0.048,0.053,0.048,0.056,0.057,0.046,0.055,0.052,0.045,0.059,0.065,0.061,0.048,0.043,0.038,0.045,0.057,0.050,0.044,0.046,0.060,0.064
"Trinidad and Tobago","America","TTO","Subnat","TTOr105","Tobago",0.040,0.041,0.037,0.039,0.037,0.040,0.045,0.041,0.058,0.050,0.051,0.049,0.047,0.045,0.058,0.061,0.049,0.052,0.049,0.044,0.059,0.062,0.053,0.041,0.041,0.036,0.046,0.056,0.045,0.042,0.042,0.046,0.058
"Tunisia","Africa","TUN","National","TUNt","Total",0.013,0.011,0.012,0.007,0.007,0.010,0.011,0.011,0.009,0.010,0.007,0.007,0.008,0.016,0.012,0.011,0.010,0.012,0.008,0.014,0.010,0.013,0.010,0.009,0.010,0.009,0.009,0.008,0.011,0.012,0.009,0.008,0.006
"Tunisia","Africa","TUN","Subnat","TUNr105","Centre Est (Sousse, Monastir, Mahdia, Sfax)",0.012,0.008,0.012,0.007,0.005,0.009,0.008,0.011,0.006,0.009,0.004,0.005,0.006,0.014,0.008,0.008,0.009,0.010,0.006,0.011,0.007,0.008,0.009,0.008,0.007,0.008,0.009,0.006,0.009,0.009,0.008,0.004,0.005
"Tunisia","Africa","TUN","Subnat","TUNr104","Centre Ouest (Kairouan, Kasserine, Sidi Bouzid)",0.015,0.010,0.014,0.006,0.006,0.010,0.010,0.010,0.007,0.010,0.006,0.006,0.008,0.015,0.010,0.011,0.009,0.010,0.008,0.013,0.009,0.011,0.010,0.009,0.010,0.008,0.009,0.007,0.011,0.010,0.010,0.005,0.006
"Tunisia","Africa","TUN","Subnat","TUNr101","Grand Tunis (Tunis, Ariana, Ben Arous, Manouba)",0.016,0.016,0.013,0.011,0.009,0.012,0.017,0.016,0.012,0.012,0.011,0.009,0.011,0.024,0.017,0.016,0.014,0.017,0.011,0.019,0.015,0.021,0.014,0.013,0.015,0.013,0.014,0.010,0.015,0.017,0.014,0.015,0.007
"Tunisia","Africa","TUN","Subnat","TUNr102","Nord Est (Nabeul, Zaghouan, Bizerte)",0.017,0.017,0.016,0.012,0.010,0.014,0.019,0.018,0.014,0.014,0.012,0.010,0.012,0.025,0.019,0.018,0.015,0.018,0.012,0.022,0.016,0.021,0.016,0.015,0.016,0.015,0.016,0.012,0.017,0.019,0.014,0.015,0.009
"Tunisia","Africa","TUN","Subnat","TUNr103","Nord Ouest (Beja, Jendouba, Kef, Siliana)",0.017,0.017,0.019,0.011,0.011,0.014,0.019,0.017,0.015,0.016,0.012,0.013,0.015,0.026,0.021,0.019,0.015,0.017,0.014,0.022,0.016,0.021,0.017,0.016,0.017,0.015,0.014,0.014,0.017,0.020,0.015,0.013,0.011
"Tunisia","Africa","TUN","Subnat","TUNr107","Sud Est (Gabes, Medinine, Tataouine)",0.005,0.002,0.003,0.002,0.003,0.005,0.003,0.003,0.003,0.004,0.002,0.001,0.002,0.004,0.003,0.003,0.004,0.004,0.002,0.003,0.002,0.003,0.003,0.002,0.002,0.003,0.002,0.005,0.002,0.003,0.002,0.001,0.001
"Tunisia","Africa","TUN","Subnat","TUNr106","Sud Ouest (Gafsa, Tozeur, Kebili)",0.008,0.003,0.005,0.002,0.003,0.004,0.003,0.003,0.003,0.003,0.001,0.002,0.003,0.006,0.004,0.003,0.004,0.004,0.002,0.006,0.003,0.003,0.003,0.002,0.003,0.003,0.003,0.004,0.003,0.003,0.003,0.001,0.001
"Turkiye","Asia/Pacific","TUR","National","TURt","Total",0.021,0.026,0.023,0.023,0.024,0.025,0.026,0.026,0.025,0.023,0.022,0.025,0.023,0.024,0.023,0.026,0.024,0.022,0.019,0.028,0.027,0.025,0.026,0.021,0.025,0.026,0.026,0.023,0.027,0.024,0.021,0.023,0.022
"Turkiye","Asia/Pacific","TUR","Subnat","TURr103","Aegean (Afyon, Aydin, Denizli, Izmir, Kutahya, Man",0.016,0.017,0.014,0.018,0.020,0.021,0.021,0.022,0.021,0.020,0.018,0.024,0.020,0.021,0.017,0.022,0.018,0.018,0.013,0.029,0.024,0.022,0.024,0.020,0.023,0.024,0.018,0.021,0.022,0.021,0.017,0.021,0.016
"Turkiye","Asia/Pacific","TUR","Subnat","TURr107","Central Anatolia (Kayseri, Kirsehir, Nevsehir, Nig",0.016,0.020,0.018,0.016,0.016,0.019,0.020,0.019,0.019,0.015,0.017,0.016,0.016,0.016,0.015,0.017,0.016,0.016,0.015,0.021,0.019,0.018,0.020,0.013,0.016,0.018,0.018,0.016,0.018,0.017,0.014,0.016,0.016
"Turkiye","Asia/Pacific","TUR","Subnat","TURr111","Central East Anatolia (Bingol, Bitlis, Elazig, Hak",0.020,0.026,0.027,0.027,0.027,0.025,0.026,0.024,0.023,0.018,0.020,0.023,0.024,0.028,0.024,0.025,0.026,0.024,0.018,0.027,0.024,0.026,0.027,0.023,0.020,0.025,0.026,0.020,0.030,0.024,0.023,0.019,0.021
"Turkiye","Asia/Pacific","TUR","Subnat","TURr109","East Black Sea (Artvin, Giresun, Gumushane, Ordu,",0.041,0.046,0.048,0.042,0.042,0.046,0.045,0.045,0.043,0.048,0.043,0.045,0.049,0.042,0.046,0.050,0.050,0.048,0.042,0.052,0.048,0.050,0.048,0.041,0.047,0.051,0.055,0.043,0.050,0.042,0.041,0.047,0.044
"Turkiye","Asia/Pacific","TUR","Subnat","TURr104","East Marmara (Bilecik, Bolu, Bursa, Duzce, Eskiseh",0.020,0.028,0.022,0.021,0.022,0.025,0.026,0.029,0.027,0.024,0.025,0.025,0.022,0.021,0.021,0.027,0.020,0.019,0.020,0.027,0.029,0.022,0.025,0.020,0.027,0.027,0.025,0.024,0.027,0.023,0.020,0.027,0.022
"Turkiye","Asia/Pacific","TUR","Subnat","TURr101","Istanbul",0.019,0.025,0.021,0.019,0.022,0.027,0.023,0.029,0.028,0.023,0.022,0.025,0.021,0.023,0.020,0.028,0.021,0.017,0.019,0.026,0.033,0.021,0.021,0.017,0.026,0.024,0.024,0.027,0.028,0.020,0.019,0.026,0.020
"Turkiye","Asia/Pacific","TUR","Subnat","TURr106","Mediterranean (Adana, Antalya, Burdur, Hatay, Ispa",0.019,0.028,0.022,0.021,0.027,0.027,0.031,0.027,0.027,0.022,0.024,0.029,0.024,0.028,0.024,0.023,0.024,0.022,0.018,0.032,0.027,0.026,0.032,0.020,0.026,0.026,0.025,0.023,0.028,0.031,0.022,0.021,0.023
"Turkiye","Asia/Pacific","TUR","Subnat","TURr110","North East Anatolia (Agri, Erzincan, Erzurum, Kars",0.024,0.026,0.027,0.026,0.025,0.026,0.024,0.023,0.025,0.025,0.020,0.024,0.027,0.027,0.026,0.030,0.026,0.028,0.021,0.030,0.028,0.028,0.026,0.022,0.023,0.029,0.029,0.021,0.030,0.021,0.023,0.022,0.023
"Turkiye","Asia/Pacific","TUR","Subnat","TURr112","South East Anatolia (Adiyaman, Diyarbakir, Gaziant",0.016,0.024,0.023,0.026,0.026,0.020,0.030,0.022,0.020,0.014,0.017,0.022,0.019,0.026,0.022,0.019,0.024,0.019,0.014,0.022,0.018,0.023,0.025,0.019,0.019,0.022,0.022,0.016,0.030,0.029,0.022,0.014,0.019
"Turkiye","Asia/Pacific","TUR","Subnat","TURr105","West Anatolia (Ankara, Konya, Karaman)",0.012,0.016,0.013,0.012,0.014,0.015,0.016,0.016,0.014,0.013,0.014,0.016,0.013,0.014,0.012,0.014,0.014,0.013,0.010,0.017,0.015,0.015,0.016,0.011,0.015,0.016,0.015,0.014,0.015,0.016,0.012,0.013,0.014
"Turkiye","Asia/Pacific","TUR","Subnat","TURr108","West Black Sea (Amasya, Cankiri, Corum, Kastamonu,",0.025,0.030,0.028,0.024,0.024,0.028,0.028,0.029,0.029,0.027,0.027,0.026,0.023,0.022,0.025,0.028,0.023,0.022,0.024,0.030,0.029,0.025,0.028,0.021,0.027,0.027,0.028,0.025,0.025,0.023,0.019,0.027,0.026
"Turkiye","Asia/Pacific","TUR","Subnat","TURr102","West Marmara (Balikesir, Canakkale, Edirne, Kirkla",0.017,0.022,0.018,0.019,0.021,0.025,0.023,0.026,0.029,0.024,0.017,0.024,0.021,0.022,0.019,0.027,0.022,0.021,0.016,0.027,0.032,0.021,0.024,0.021,0.029,0.024,0.022,0.026,0.027,0.021,0.019,0.028,0.018
"Turkmenistan","Asia/Pacific","TKM","National","TKMt","Total",0.007,0.008,0.008,0.008,0.007,0.006,0.006,0.007,0.008,0.007,0.005,0.005,0.009,0.009,0.008,0.007,0.006,0.007,0.004,0.009,0.006,0.007,0.006,0.006,0.005,0.008,0.008,0.006,0.006,0.010,0.007,0.004,0.006
"Turkmenistan","Asia/Pacific","TKM","Subnat","TKMr102","Akhal",0.005,0.006,0.007,0.007,0.006,0.005,0.006,0.007,0.007,0.006,0.004,0.005,0.007,0.008,0.007,0.006,0.005,0.006,0.003,0.008,0.005,0.007,0.005,0.005,0.004,0.006,0.007,0.005,0.006,0.009,0.007,0.003,0.005
"Turkmenistan","Asia/Pacific","TKM","Subnat","TKMr101","Ashgabat City",0.011,0.015,0.016,0.016,0.013,0.010,0.014,0.014,0.016,0.013,0.010,0.010,0.016,0.017,0.013,0.015,0.011,0.013,0.007,0.017,0.011,0.014,0.011,0.012,0.010,0.013,0.016,0.011,0.012,0.020,0.016,0.008,0.011
"Turkmenistan","Asia/Pacific","TKM","Subnat","TKMr103","Balkan",0.006,0.006,0.006,0.007,0.008,0.006,0.006,0.005,0.006,0.006,0.006,0.005,0.007,0.007,0.007,0.006,0.006,0.006,0.004,0.007,0.006,0.006,0.005,0.005,0.004,0.007,0.008,0.005,0.005,0.008,0.005,0.004,0.004
"Turkmenistan","Asia/Pacific","TKM","Subnat","TKMr104","Dashoguz",0.004,0.004,0.004,0.005,0.005,0.004,0.003,0.004,0.004,0.004,0.002,0.003,0.006,0.006,0.004,0.004,0.004,0.004,0.002,0.004,0.003,0.003,0.003,0.003,0.003,0.005,0.006,0.003,0.003,0.004,0.002,0.002,0.003
"Turkmenistan","Asia/Pacific","TKM","Subnat","TKMr105","Lebap",0.005,0.007,0.007,0.006,0.005,0.004,0.004,0.006,0.007,0.005,0.003,0.004,0.007,0.007,0.007,0.005,0.005,0.005,0.003,0.007,0.004,0.005,0.005,0.005,0.004,0.006,0.004,0.005,0.004,0.007,0.005,0.003,0.004
"Turkmenistan","Asia/Pacific","TKM","Subnat","TKMr106","Mary",0.008,0.009,0.010,0.008,0.007,0.006,0.006,0.009,0.010,0.007,0.004,0.005,0.008,0.009,0.008,0.007,0.006,0.007,0.004,0.009,0.006,0.007,0.007,0.006,0.005,0.008,0.006,0.007,0.006,0.010,0.009,0.003,0.006
"Turks & Caicos Islands","America","TCA","National","TCAt","Total",0.023,0.018,0.021,0.026,0.025,0.018,0.022,0.018,0.027,0.029,0.017,0.025,0.019,0.022,0.026,0.030,0.027,0.032,0.039,0.026,0.031,0.035,0.023,0.020,0.025,0.022,0.025,0.039,0.023,0.021,0.025,0.020,0.023
"Turks & Caicos Islands","America","TCA","Subnat","TCAr102","Caicos",0.023,0.018,0.022,0.026,0.026,0.019,0.022,0.019,0.027,0.030,0.017,0.025,0.019,0.022,0.028,0.030,0.028,0.032,0.040,0.027,0.032,0.036,0.022,0.020,0.027,0.022,0.025,0.039,0.022,0.021,0.025,0.020,0.023
"Turks & Caicos Islands","America","TCA","Subnat","TCAr103","Providenciales",0.023,0.018,0.021,0.028,0.026,0.018,0.021,0.018,0.025,0.029,0.017,0.025,0.019,0.022,0.024,0.031,0.028,0.033,0.037,0.028,0.031,0.037,0.022,0.020,0.026,0.024,0.026,0.037,0.022,0.022,0.025,0.020,0.020
"Turks & Caicos Islands","America","TCA","Subnat","TCAr101","Turks islands",0.023,0.018,0.021,0.023,0.024,0.018,0.023,0.018,0.030,0.028,0.017,0.024,0.018,0.021,0.024,0.029,0.026,0.030,0.040,0.024,0.030,0.033,0.024,0.019,0.022,0.019,0.025,0.039,0.024,0.020,0.025,0.020,0.026
"Uganda","Africa","UGA","National","UGAt","Total",0.059,0.062,0.053,0.050,0.060,0.055,0.055,0.057,0.050,0.052,0.044,0.052,0.048,0.046,0.047,0.047,0.056,0.049,0.048,0.047,0.056,0.055,0.053,0.050,0.047,0.050,0.040,0.046,0.052,0.056,0.058,0.041,0.044
"Uganda","Africa","UGA","Subnat","UGAr101","Central 1 (Central South)",0.050,0.052,0.043,0.045,0.048,0.044,0.045,0.048,0.045,0.044,0.037,0.044,0.038,0.035,0.037,0.040,0.042,0.040,0.038,0.039,0.046,0.045,0.043,0.040,0.040,0.038,0.034,0.038,0.043,0.044,0.044,0.033,0.034
"Uganda","Africa","UGA","Subnat","UGAr102","Central 2 (Central North)",0.059,0.057,0.052,0.050,0.058,0.052,0.053,0.055,0.047,0.051,0.043,0.050,0.047,0.043,0.046,0.045,0.052,0.046,0.045,0.044,0.053,0.050,0.048,0.044,0.043,0.045,0.036,0.043,0.049,0.053,0.051,0.035,0.037
"Uganda","Africa","UGA","Subnat","UGAr104","East Central (Busoga)",0.072,0.075,0.064,0.061,0.074,0.068,0.065,0.073,0.059,0.062,0.055,0.061,0.061,0.054,0.057,0.054,0.072,0.059,0.058,0.058,0.064,0.067,0.061,0.057,0.055,0.062,0.045,0.054,0.064,0.068,0.071,0.048,0.051
"Uganda","Africa","UGA","Subnat","UGAr105","Eastern (Bukedi, Bugishu, Teso)",0.077,0.080,0.065,0.060,0.076,0.072,0.067,0.080,0.064,0.067,0.056,0.068,0.061,0.061,0.066,0.060,0.080,0.065,0.064,0.058,0.075,0.073,0.069,0.064,0.063,0.071,0.049,0.056,0.068,0.076,0.081,0.055,0.059
"Uganda","Africa","UGA","Subnat","UGAr103","Kampala",0.071,0.073,0.061,0.062,0.071,0.065,0.064,0.066,0.060,0.066,0.055,0.063,0.060,0.053,0.055,0.054,0.067,0.055,0.056,0.059,0.064,0.063,0.060,0.055,0.055,0.057,0.044,0.054,0.060,0.063,0.063,0.049,0.046
"Uganda","Africa","UGA","Subnat","UGAr106","North (Karamoja, Lango, Acholi)",0.044,0.050,0.043,0.034,0.048,0.040,0.042,0.042,0.036,0.039,0.034,0.043,0.032,0.040,0.037,0.037,0.046,0.040,0.041,0.032,0.045,0.045,0.046,0.043,0.038,0.040,0.031,0.038,0.042,0.047,0.053,0.031,0.034
"Uganda","Africa","UGA","Subnat","UGAr109","Southwest (Ankole, Kigezi)",0.051,0.056,0.045,0.043,0.049,0.045,0.047,0.047,0.046,0.043,0.036,0.045,0.040,0.036,0.038,0.042,0.047,0.045,0.040,0.043,0.048,0.052,0.048,0.043,0.040,0.045,0.037,0.042,0.047,0.048,0.051,0.039,0.046
"Uganda","Africa","UGA","Subnat","UGAr107","West Nile",0.043,0.049,0.044,0.041,0.048,0.045,0.047,0.044,0.037,0.040,0.034,0.037,0.038,0.038,0.036,0.038,0.042,0.039,0.040,0.035,0.041,0.043,0.041,0.044,0.037,0.037,0.031,0.034,0.033,0.046,0.045,0.031,0.034
"Uganda","Africa","UGA","Subnat","UGAr108","Western (Bunyoro, Tooro)",0.068,0.070,0.058,0.057,0.066,0.061,0.063,0.059,0.054,0.059,0.048,0.058,0.053,0.052,0.053,0.052,0.060,0.056,0.052,0.055,0.064,0.060,0.061,0.056,0.051,0.057,0.050,0.052,0.056,0.063,0.065,0.048,0.050
"Ukraine","Europe","UKR","National","UKRt","Total",0.022,0.021,0.021,0.022,0.018,0.024,0.022,0.026,0.023,0.022,0.021,0.023,0.020,0.020,0.024,0.022,0.021,0.019,0.021,0.020,0.023,0.017,0.020,0.021,0.019,0.018,0.023,0.019,0.019,0.017,0.019,0.023,0.021
"Ukraine","Europe","UKR","Subnat","UKRr102","Central",0.021,0.020,0.019,0.022,0.019,0.023,0.023,0.026,0.023,0.020,0.022,0.022,0.020,0.019,0.023,0.021,0.020,0.018,0.021,0.018,0.022,0.016,0.018,0.019,0.018,0.018,0.024,0.018,0.019,0.016,0.018,0.023,0.021
"Ukraine","Europe","UKR","Subnat","UKRr103","East",0.019,0.016,0.022,0.021,0.016,0.025,0.019,0.025,0.017,0.018,0.019,0.020,0.018,0.019,0.025,0.020,0.018,0.016,0.017,0.019,0.019,0.015,0.016,0.017,0.018,0.017,0.021,0.016,0.017,0.017,0.014,0.022,0.020
"Ukraine","Europe","UKR","Subnat","UKRr101","North",0.027,0.022,0.021,0.024,0.021,0.024,0.023,0.026,0.026,0.023,0.023,0.025,0.022,0.021,0.022,0.022,0.023,0.020,0.022,0.021,0.021,0.019,0.024,0.023,0.017,0.019,0.024,0.022,0.020,0.017,0.020,0.023,0.026
"Ukraine","Europe","UKR","Subnat","UKRr104","South",0.015,0.015,0.016,0.015,0.013,0.019,0.018,0.023,0.016,0.018,0.016,0.017,0.015,0.015,0.021,0.017,0.015,0.013,0.015,0.014,0.020,0.013,0.014,0.016,0.015,0.016,0.019,0.014,0.015,0.013,0.013,0.022,0.014
"Ukraine","Europe","UKR","Subnat","UKRr105","West",0.026,0.029,0.028,0.027,0.024,0.028,0.028,0.031,0.034,0.029,0.026,0.032,0.027,0.024,0.028,0.027,0.028,0.029,0.031,0.026,0.033,0.021,0.028,0.028,0.025,0.021,0.027,0.028,0.026,0.024,0.028,0.028,0.026
"United Arab Emirates","Asia/Pacific","ARE","National","AREt","Total",0.003,0.001,0.004,0.003,0.000,0.003,0.003,0.005,0.002,0.001,0.000,0.000,0.001,0.001,0.001,0.001,0.002,0.001,0.001,0.002,0.001,0.001,0.001,0.002,0.001,0.001,0.002,0.002,0.001,0.001,0.002,0.000,0.001
"United Kingdom","Europe","GBR","National","GBRt","Total",0.028,0.026,0.031,0.031,0.031,0.026,0.025,0.028,0.034,0.032,0.037,0.030,0.034,0.025,0.031,0.027,0.030,0.031,0.034,0.031,0.026,0.027,0.038,0.029,0.034,0.032,0.029,0.030,0.028,0.034,0.034,0.033,0.030
"United Kingdom","Europe","GBR","Subnat","GBRr104","East Midlands",0.019,0.020,0.026,0.027,0.024,0.020,0.019,0.023,0.027,0.026,0.032,0.026,0.027,0.020,0.026,0.021,0.024,0.027,0.028,0.024,0.021,0.018,0.034,0.022,0.028,0.023,0.026,0.024,0.022,0.031,0.027,0.028,0.024
"United Kingdom","Europe","GBR","Subnat","GBRr106","East of England",0.018,0.019,0.025,0.025,0.022,0.020,0.018,0.020,0.026,0.024,0.030,0.027,0.025,0.020,0.024,0.020,0.023,0.025,0.026,0.022,0.022,0.018,0.031,0.022,0.026,0.023,0.023,0.023,0.022,0.027,0.025,0.028,0.022
"United Kingdom","Europe","GBR","Subnat","GBRr107","London",0.016,0.021,0.025,0.023,0.023,0.020,0.017,0.020,0.026,0.023,0.030,0.027,0.026,0.020,0.022,0.019,0.023,0.023,0.024,0.022,0.021,0.018,0.030,0.023,0.028,0.023,0.021,0.023,0.021,0.026,0.024,0.028,0.022
"United Kingdom","Europe","GBR","Subnat","GBRr101","North East",0.027,0.026,0.028,0.028,0.026,0.025,0.025,0.027,0.033,0.028,0.034,0.028,0.032,0.021,0.030,0.028,0.028,0.026,0.035,0.029,0.026,0.028,0.036,0.027,0.030,0.032,0.027,0.029,0.028,0.030,0.032,0.032,0.027
"United Kingdom","Europe","GBR","Subnat","GBRr102","North West",0.039,0.034,0.040,0.037,0.042,0.032,0.032,0.035,0.045,0.041,0.048,0.035,0.044,0.033,0.043,0.036,0.041,0.040,0.045,0.040,0.030,0.040,0.049,0.036,0.043,0.046,0.038,0.040,0.036,0.045,0.048,0.041,0.039
"United Kingdom","Europe","GBR","Subnat","GBRr112","Northern Ireland",0.038,0.031,0.036,0.035,0.036,0.033,0.033,0.032,0.038,0.036,0.038,0.029,0.042,0.029,0.032,0.032,0.034,0.034,0.037,0.039,0.032,0.039,0.037,0.033,0.039,0.040,0.032,0.034,0.032,0.037,0.040,0.034,0.036
"United Kingdom","Europe","GBR","Subnat","GBRr111","Scotland",0.052,0.040,0.048,0.042,0.046,0.041,0.038,0.040,0.050,0.048,0.047,0.039,0.047,0.035,0.046,0.044,0.046,0.044,0.048,0.047,0.036,0.051,0.045,0.040,0.050,0.051,0.042,0.044,0.041,0.045,0.050,0.041,0.045
"United Kingdom","Europe","GBR","Subnat","GBRr108","South East",0.019,0.021,0.026,0.026,0.026,0.022,0.019,0.023,0.028,0.027,0.033,0.027,0.029,0.021,0.024,0.021,0.025,0.026,0.027,0.025,0.022,0.019,0.032,0.025,0.031,0.024,0.023,0.025,0.023,0.029,0.026,0.028,0.025
"United Kingdom","Europe","GBR","Subnat","GBRr109","South West",0.025,0.024,0.028,0.030,0.032,0.026,0.024,0.029,0.033,0.033,0.036,0.028,0.033,0.024,0.028,0.024,0.027,0.032,0.032,0.030,0.025,0.023,0.038,0.028,0.034,0.027,0.027,0.027,0.028,0.033,0.032,0.031,0.028
"United Kingdom","Europe","GBR","Subnat","GBRr110","Wales",0.035,0.033,0.037,0.038,0.042,0.032,0.032,0.035,0.044,0.042,0.048,0.036,0.041,0.031,0.038,0.034,0.037,0.041,0.044,0.039,0.029,0.032,0.048,0.036,0.043,0.041,0.036,0.036,0.038,0.043,0.045,0.040,0.037
"United Kingdom","Europe","GBR","Subnat","GBRr105","West Midlands",0.021,0.022,0.028,0.028,0.027,0.022,0.021,0.024,0.028,0.029,0.034,0.026,0.028,0.020,0.026,0.022,0.025,0.030,0.029,0.026,0.022,0.019,0.037,0.025,0.029,0.025,0.025,0.025,0.025,0.033,0.029,0.028,0.025
"United Kingdom","Europe","GBR","Subnat","GBRr103","Yorkshire and The Humber",0.025,0.023,0.028,0.028,0.028,0.023,0.024,0.026,0.032,0.028,0.036,0.028,0.032,0.023,0.031,0.026,0.028,0.029,0.034,0.028,0.024,0.025,0.039,0.026,0.031,0.030,0.028,0.028,0.026,0.033,0.032,0.031,0.028
"United States","America","USA","National","USAt","Total",0.034,0.033,0.032,0.034,0.033,0.033,0.036,0.032,0.033,0.029,0.029,0.029,0.031,0.034,0.033,0.031,0.031,0.029,0.033,0.034,0.031,0.033,0.028,0.032,0.031,0.033,0.031,0.034,0.039,0.037,0.033,0.033,0.032
"United States","America","USA","Subnat","USAr101","Alabama",0.037,0.050,0.046,0.042,0.049,0.045,0.043,0.049,0.048,0.035,0.033,0.041,0.044,0.047,0.045,0.045,0.034,0.028,0.040,0.055,0.035,0.037,0.040,0.049,0.039,0.046,0.034,0.046,0.053,0.044,0.051,0.051,0.044
"United States","America","USA","Subnat","USAr102","Alaska",0.031,0.030,0.030,0.033,0.032,0.026,0.025,0.027,0.030,0.029,0.030,0.029,0.031,0.030,0.029,0.030,0.030,0.026,0.028,0.027,0.026,0.030,0.029,0.031,0.029,0.031,0.029,0.030,0.031,0.032,0.030,0.031,0.033
"United States","America","USA","Subnat","USAr103","Arizona",0.013,0.012,0.016,0.015,0.010,0.009,0.008,0.010,0.011,0.008,0.009,0.009,0.005,0.009,0.011,0.011,0.008,0.009,0.011,0.006,0.012,0.007,0.007,0.010,0.008,0.011,0.010,0.009,0.010,0.013,0.006,0.010,0.010
"United States","America","USA","Subnat","USAr104","Arkansas",0.050,0.050,0.041,0.042,0.046,0.037,0.041,0.043,0.041,0.037,0.037,0.044,0.042,0.038,0.045,0.028,0.039,0.034,0.047,0.056,0.031,0.039,0.031,0.042,0.037,0.049,0.037,0.042,0.051,0.053,0.051,0.045,0.041
"United States","America","USA","Subnat","USAr105","California",0.013,0.017,0.020,0.023,0.015,0.028,0.026,0.017,0.030,0.015,0.018,0.019,0.015,0.018,0.018,0.024,0.020,0.012,0.015,0.015,0.026,0.017,0.020,0.007,0.016,0.013,0.021,0.025,0.015,0.026,0.011,0.016,0.012
"United States","America","USA","Subnat","USAr106","Colorado",0.021,0.021,0.020,0.021,0.017,0.021,0.019,0.021,0.018,0.018,0.016,0.016,0.012,0.016,0.018,0.017,0.018,0.017,0.017,0.018,0.017,0.017,0.011,0.017,0.017,0.020,0.016,0.018,0.015,0.018,0.012,0.016,0.015
"United States","America","USA","Subnat","USAr107","Connecticut",0.043,0.039,0.039,0.039,0.041,0.037,0.048,0.035,0.035,0.037,0.034,0.030,0.036,0.047,0.041,0.045,0.042,0.036,0.046,0.042,0.041,0.050,0.033,0.037,0.036,0.034,0.033,0.040,0.050,0.046,0.040,0.042,0.040
"United States","America","USA","Subnat","USAr108","Delaware",0.034,0.034,0.036,0.035,0.036,0.033,0.047,0.033,0.033,0.035,0.038,0.030,0.037,0.050,0.038,0.036,0.035,0.032,0.036,0.045,0.036,0.039,0.036,0.038,0.038,0.038,0.039,0.039,0.052,0.038,0.049,0.039,0.041
"United States","America","USA","Subnat","USAr109","District of Columbia",0.035,0.032,0.033,0.037,0.037,0.035,0.047,0.030,0.033,0.033,0.031,0.029,0.032,0.045,0.038,0.035,0.037,0.027,0.036,0.040,0.034,0.043,0.029,0.037,0.034,0.033,0.036,0.034,0.054,0.037,0.048,0.035,0.042
"United States","America","USA","Subnat","USAr110","Florida",0.028,0.041,0.039,0.040,0.046,0.043,0.037,0.044,0.039,0.034,0.028,0.036,0.040,0.039,0.039,0.041,0.027,0.030,0.035,0.037,0.034,0.032,0.037,0.040,0.039,0.035,0.043,0.046,0.048,0.041,0.043,0.045,0.044
"United States","America","USA","Subnat","USAr111","Georgia",0.032,0.043,0.046,0.037,0.049,0.040,0.039,0.044,0.042,0.031,0.030,0.031,0.039,0.042,0.039,0.042,0.029,0.029,0.034,0.045,0.032,0.030,0.035,0.045,0.037,0.042,0.031,0.038,0.047,0.039,0.044,0.044,0.035
"United States","America","USA","Subnat","USAr112","Hawaii",0.072,0.057,0.057,0.047,0.054,0.041,0.059,0.059,0.046,0.052,0.048,0.054,0.060,0.050,0.067,0.059,0.063,0.058,0.056,0.054,0.046,0.058,0.048,0.053,0.060,0.058,0.061,0.054,0.067,0.059,0.055,0.058,0.050
"United States","America","USA","Subnat","USAr113","Idaho",0.022,0.021,0.018,0.023,0.019,0.027,0.028,0.023,0.027,0.021,0.019,0.017,0.018,0.020,0.021,0.022,0.024,0.019,0.020,0.022,0.023,0.022,0.022,0.017,0.024,0.020,0.023,0.026,0.021,0.022,0.021,0.020,0.021
"United States","America","USA","Subnat","USAr114","Illinois",0.042,0.035,0.035,0.045,0.032,0.033,0.035,0.033,0.039,0.029,0.032,0.034,0.030,0.031,0.034,0.027,0.035,0.029,0.041,0.042,0.034,0.040,0.026,0.033,0.035,0.041,0.033,0.036,0.043,0.043,0.036,0.037,0.034
"United States","America","USA","Subnat","USAr115","Indiana",0.045,0.032,0.035,0.043,0.031,0.036,0.044,0.036,0.038,0.030,0.037,0.034,0.034,0.038,0.034,0.033,0.043,0.031,0.039,0.036,0.031,0.047,0.027,0.037,0.036,0.039,0.037,0.038,0.046,0.044,0.036,0.039,0.036
"United States","America","USA","Subnat","USAr116","Iowa",0.037,0.036,0.033,0.045,0.028,0.031,0.031,0.029,0.036,0.028,0.027,0.034,0.027,0.026,0.031,0.025,0.027,0.032,0.035,0.036,0.037,0.029,0.022,0.032,0.032,0.038,0.033,0.029,0.042,0.039,0.028,0.029,0.025
"United States","America","USA","Subnat","USAr117","Kansas",0.028,0.023,0.030,0.037,0.022,0.029,0.027,0.028,0.029,0.028,0.024,0.026,0.020,0.023,0.026,0.024,0.022,0.027,0.029,0.026,0.023,0.020,0.017,0.025,0.022,0.028,0.025,0.027,0.028,0.031,0.021,0.023,0.020
"United States","America","USA","Subnat","USAr118","Kentucky",0.049,0.041,0.037,0.041,0.045,0.041,0.050,0.043,0.041,0.033,0.037,0.037,0.044,0.046,0.046,0.034,0.043,0.031,0.039,0.045,0.034,0.051,0.033,0.043,0.039,0.045,0.040,0.043,0.055,0.051,0.049,0.045,0.044
"United States","America","USA","Subnat","USAr119","Louisiana",0.041,0.057,0.048,0.043,0.043,0.045,0.038,0.047,0.047,0.034,0.034,0.047,0.050,0.040,0.050,0.035,0.039,0.037,0.044,0.047,0.035,0.032,0.044,0.046,0.041,0.049,0.050,0.049,0.051,0.050,0.056,0.054,0.045
"United States","America","USA","Subnat","USAr120","Maine",0.042,0.036,0.032,0.038,0.037,0.036,0.044,0.035,0.040,0.037,0.036,0.027,0.036,0.038,0.032,0.050,0.041,0.040,0.045,0.040,0.043,0.041,0.038,0.038,0.043,0.036,0.035,0.038,0.041,0.044,0.035,0.036,0.040
"United States","America","USA","Subnat","USAr121","Maryland",0.037,0.032,0.035,0.038,0.037,0.035,0.049,0.032,0.035,0.035,0.034,0.030,0.035,0.047,0.039,0.035,0.036,0.030,0.037,0.042,0.035,0.042,0.033,0.037,0.036,0.036,0.038,0.037,0.055,0.039,0.046,0.037,0.040
"United States","America","USA","Subnat","USAr122","Massachusetts",0.041,0.038,0.036,0.037,0.040,0.035,0.047,0.037,0.037,0.035,0.035,0.030,0.039,0.043,0.037,0.045,0.041,0.037,0.047,0.042,0.041,0.047,0.033,0.037,0.038,0.034,0.032,0.040,0.048,0.046,0.036,0.043,0.037
"United States","America","USA","Subnat","USAr123","Michigan",0.035,0.033,0.031,0.032,0.029,0.032,0.033,0.028,0.028,0.029,0.030,0.031,0.029,0.028,0.032,0.026,0.030,0.027,0.033,0.031,0.028,0.032,0.026,0.034,0.033,0.029,0.032,0.037,0.033,0.039,0.030,0.029,0.031
"United States","America","USA","Subnat","USAr124","Minnesota",0.026,0.030,0.026,0.028,0.028,0.029,0.028,0.024,0.028,0.027,0.026,0.028,0.026,0.022,0.027,0.027,0.021,0.027,0.026,0.025,0.031,0.023,0.024,0.027,0.028,0.027,0.029,0.028,0.029,0.033,0.021,0.024,0.026
"United States","America","USA","Subnat","USAr125","Mississippi",0.041,0.052,0.044,0.045,0.047,0.044,0.041,0.047,0.046,0.035,0.033,0.047,0.049,0.043,0.050,0.040,0.038,0.030,0.043,0.055,0.036,0.038,0.042,0.048,0.039,0.044,0.041,0.044,0.052,0.052,0.053,0.053,0.045
"United States","America","USA","Subnat","USAr126","Missouri",0.045,0.037,0.038,0.047,0.035,0.036,0.038,0.036,0.043,0.031,0.030,0.036,0.033,0.034,0.035,0.029,0.031,0.031,0.042,0.040,0.033,0.037,0.026,0.036,0.031,0.044,0.032,0.036,0.038,0.045,0.040,0.039,0.035
"United States","America","USA","Subnat","USAr127","Montana",0.017,0.020,0.018,0.022,0.017,0.022,0.020,0.019,0.019,0.017,0.016,0.015,0.018,0.017,0.017,0.019,0.018,0.017,0.019,0.017,0.021,0.022,0.016,0.020,0.021,0.017,0.020,0.017,0.020,0.021,0.016,0.014,0.018
"United States","America","USA","Subnat","USAr128","Nebraska",0.023,0.023,0.025,0.033,0.020,0.026,0.026,0.020,0.024,0.022,0.018,0.024,0.015,0.019,0.020,0.022,0.019,0.025,0.023,0.026,0.023,0.024,0.014,0.020,0.022,0.026,0.024,0.022,0.028,0.029,0.017,0.019,0.015
"United States","America","USA","Subnat","USAr129","Nevada",0.010,0.011,0.010,0.010,0.009,0.013,0.011,0.010,0.016,0.008,0.010,0.008,0.007,0.009,0.011,0.013,0.010,0.007,0.008,0.009,0.013,0.008,0.008,0.007,0.008,0.009,0.011,0.011,0.008,0.013,0.006,0.009,0.008
"United States","America","USA","Subnat","USAr130","New Hampshire",0.043,0.037,0.033,0.035,0.038,0.037,0.048,0.037,0.038,0.037,0.037,0.029,0.037,0.041,0.034,0.048,0.044,0.040,0.046,0.041,0.042,0.046,0.034,0.036,0.039,0.034,0.032,0.039,0.044,0.044,0.036,0.039,0.038
"United States","America","USA","Subnat","USAr131","New Jersey",0.037,0.036,0.036,0.037,0.040,0.032,0.048,0.033,0.033,0.037,0.034,0.028,0.036,0.048,0.039,0.036,0.040,0.036,0.039,0.042,0.037,0.047,0.033,0.036,0.037,0.035,0.034,0.038,0.053,0.042,0.042,0.041,0.039
"United States","America","USA","Subnat","USAr132","New Mexico",0.016,0.019,0.015,0.013,0.014,0.012,0.012,0.017,0.013,0.014,0.012,0.011,0.011,0.009,0.017,0.013,0.015,0.012,0.013,0.011,0.013,0.008,0.007,0.011,0.011,0.015,0.011,0.014,0.010,0.012,0.008,0.012,0.012
"United States","America","USA","Subnat","USAr133","New York",0.046,0.036,0.040,0.041,0.041,0.036,0.047,0.039,0.037,0.036,0.041,0.032,0.040,0.045,0.041,0.042,0.044,0.039,0.043,0.037,0.039,0.050,0.036,0.040,0.039,0.035,0.035,0.045,0.046,0.046,0.039,0.043,0.040
"United States","America","USA","Subnat","USAr134","North Carolina",0.039,0.041,0.046,0.041,0.043,0.045,0.047,0.039,0.045,0.040,0.037,0.030,0.041,0.052,0.041,0.040,0.041,0.029,0.036,0.044,0.037,0.035,0.037,0.044,0.039,0.046,0.042,0.040,0.055,0.040,0.053,0.038,0.038
"United States","America","USA","Subnat","USAr135","North Dakota",0.014,0.020,0.016,0.023,0.022,0.022,0.020,0.019,0.023,0.021,0.024,0.017,0.017,0.017,0.020,0.020,0.015,0.020,0.020,0.021,0.024,0.023,0.016,0.023,0.020,0.018,0.023,0.014,0.018,0.025,0.012,0.015,0.020
"United States","America","USA","Subnat","USAr136","Ohio",0.047,0.030,0.035,0.038,0.034,0.037,0.047,0.037,0.035,0.031,0.038,0.034,0.036,0.042,0.042,0.035,0.039,0.034,0.039,0.034,0.031,0.049,0.031,0.038,0.035,0.037,0.035,0.041,0.050,0.043,0.039,0.039,0.036
"United States","America","USA","Subnat","USAr137","Oklahoma",0.038,0.033,0.035,0.035,0.032,0.033,0.032,0.032,0.028,0.029,0.030,0.027,0.027,0.023,0.033,0.021,0.023,0.033,0.031,0.031,0.025,0.022,0.021,0.029,0.023,0.040,0.026,0.031,0.031,0.036,0.031,0.030,0.027
"United States","America","USA","Subnat","USAr138","Oregon",0.026,0.024,0.023,0.027,0.025,0.035,0.039,0.027,0.036,0.028,0.025,0.024,0.023,0.027,0.026,0.029,0.031,0.025,0.025,0.024,0.033,0.026,0.034,0.019,0.031,0.025,0.029,0.032,0.023,0.027,0.025,0.026,0.026
"United States","America","USA","Subnat","USAr139","Pennsylvania",0.045,0.033,0.038,0.040,0.043,0.038,0.050,0.036,0.037,0.035,0.037,0.030,0.038,0.047,0.044,0.036,0.040,0.037,0.041,0.037,0.037,0.051,0.036,0.035,0.036,0.035,0.035,0.041,0.056,0.045,0.039,0.040,0.039
"United States","America","USA","Subnat","USAr140","Rhode Island",0.041,0.037,0.037,0.037,0.038,0.035,0.048,0.034,0.037,0.036,0.033,0.031,0.038,0.042,0.039,0.045,0.041,0.034,0.046,0.043,0.040,0.043,0.032,0.038,0.041,0.033,0.035,0.042,0.048,0.048,0.038,0.040,0.036
"United States","America","USA","Subnat","USAr141","South Carolina",0.034,0.043,0.049,0.039,0.045,0.044,0.041,0.043,0.042,0.038,0.032,0.029,0.039,0.046,0.037,0.041,0.034,0.031,0.038,0.041,0.032,0.030,0.035,0.044,0.038,0.045,0.038,0.039,0.049,0.039,0.049,0.042,0.038
"United States","America","USA","Subnat","USAr142","South Dakota",0.017,0.022,0.021,0.026,0.021,0.024,0.023,0.021,0.024,0.020,0.020,0.020,0.014,0.017,0.019,0.019,0.016,0.021,0.024,0.024,0.024,0.023,0.014,0.024,0.021,0.020,0.020,0.018,0.023,0.029,0.013,0.018,0.016
"United States","America","USA","Subnat","USAr143","Tennessee",0.047,0.048,0.041,0.041,0.053,0.043,0.049,0.048,0.043,0.036,0.036,0.042,0.045,0.048,0.050,0.036,0.039,0.028,0.037,0.050,0.035,0.046,0.037,0.047,0.041,0.047,0.036,0.047,0.057,0.054,0.052,0.047,0.045
"United States","America","USA","Subnat","USAr144","Texas",0.028,0.031,0.028,0.023,0.024,0.024,0.020,0.029,0.024,0.020,0.024,0.025,0.026,0.020,0.031,0.018,0.020,0.030,0.020,0.023,0.022,0.013,0.020,0.021,0.019,0.031,0.026,0.025,0.028,0.023,0.023,0.025,0.019
"United States","America","USA","Subnat","USAr145","Utah",0.013,0.014,0.013,0.015,0.012,0.014,0.013,0.015,0.015,0.011,0.012,0.010,0.008,0.011,0.013,0.014,0.012,0.011,0.011,0.011,0.015,0.012,0.009,0.011,0.010,0.012,0.013,0.012,0.010,0.015,0.007,0.012,0.010
"United States","America","USA","Subnat","USAr146","Vermont",0.046,0.038,0.034,0.037,0.040,0.038,0.047,0.037,0.038,0.037,0.040,0.030,0.041,0.043,0.035,0.046,0.044,0.044,0.045,0.038,0.041,0.048,0.035,0.039,0.038,0.037,0.035,0.042,0.043,0.044,0.035,0.039,0.041
"United States","America","USA","Subnat","USAr147","Virginia",0.040,0.033,0.036,0.037,0.038,0.036,0.048,0.034,0.038,0.034,0.032,0.029,0.035,0.048,0.038,0.034,0.037,0.026,0.032,0.041,0.034,0.037,0.031,0.041,0.035,0.038,0.036,0.035,0.049,0.037,0.048,0.032,0.036
"United States","America","USA","Subnat","USAr148","Washington",0.044,0.034,0.031,0.029,0.037,0.043,0.046,0.042,0.041,0.042,0.029,0.033,0.031,0.036,0.032,0.032,0.042,0.035,0.032,0.033,0.039,0.037,0.044,0.030,0.040,0.035,0.040,0.042,0.035,0.029,0.039,0.038,0.036
"United States","America","USA","Subnat","USAr149","West Virginia",0.052,0.041,0.040,0.043,0.047,0.042,0.058,0.038,0.042,0.036,0.038,0.036,0.045,0.052,0.048,0.038,0.042,0.037,0.043,0.044,0.037,0.050,0.040,0.042,0.040,0.043,0.043,0.045,0.058,0.046,0.049,0.040,0.045
"United States","America","USA","Subnat","USAr150","Wisconsin",0.034,0.034,0.027,0.033,0.028,0.029,0.030,0.027,0.028,0.027,0.030,0.029,0.028,0.024,0.030,0.025,0.026,0.027,0.028,0.028,0.031,0.027,0.023,0.032,0.033,0.031,0.033,0.034,0.034,0.039,0.030,0.027,0.030
"United States","America","USA","Subnat","USAr151","Wyoming",0.018,0.019,0.017,0.020,0.015,0.021,0.018,0.019,0.019,0.017,0.015,0.013,0.013,0.016,0.015,0.016,0.014,0.016,0.016,0.018,0.018,0.018,0.011,0.016,0.018,0.016,0.017,0.019,0.017,0.019,0.012,0.015,0.015
"Uruguay","America","URY","National","URYt","Total",0.049,0.044,0.042,0.048,0.042,0.034,0.035,0.040,0.051,0.037,0.047,0.049,0.062,0.045,0.032,0.039,0.037,0.044,0.027,0.044,0.041,0.034,0.043,0.034,0.052,0.036,0.043,0.043,0.036,0.049,0.027,0.035,0.029
"Uruguay","America","URY","Subnat","URYr105","Centro (Durazno and Tacuarembo)",0.059,0.048,0.044,0.049,0.043,0.039,0.036,0.046,0.060,0.037,0.049,0.051,0.069,0.048,0.031,0.041,0.038,0.046,0.025,0.044,0.042,0.037,0.046,0.040,0.054,0.044,0.045,0.047,0.038,0.057,0.030,0.035,0.032
"Uruguay","America","URY","Subnat","URYr106","Centro Sur (Flores, Florida and Lavalleja)",0.047,0.044,0.041,0.045,0.039,0.033,0.031,0.037,0.045,0.036,0.048,0.047,0.056,0.046,0.030,0.040,0.037,0.044,0.025,0.042,0.042,0.031,0.040,0.031,0.052,0.032,0.044,0.041,0.036,0.044,0.027,0.037,0.029
"Uruguay","America","URY","Subnat","URYr103","Costa Este (Canelones, Maldonado and Rocha)",0.042,0.043,0.042,0.043,0.039,0.033,0.033,0.035,0.048,0.036,0.045,0.045,0.056,0.043,0.034,0.038,0.037,0.043,0.030,0.044,0.040,0.032,0.040,0.032,0.051,0.030,0.042,0.038,0.034,0.041,0.027,0.039,0.030
"Uruguay","America","URY","Subnat","URYr107","Litoral Norte (Paysandu, Salto and Rio Negro)",0.057,0.050,0.045,0.050,0.042,0.036,0.040,0.043,0.059,0.039,0.052,0.050,0.072,0.049,0.032,0.042,0.037,0.045,0.025,0.044,0.042,0.039,0.047,0.038,0.054,0.045,0.047,0.051,0.038,0.059,0.028,0.032,0.030
"Uruguay","America","URY","Subnat","URYr104","Litoral Sur (Soriano, Colonia and San Jose)",0.044,0.039,0.037,0.049,0.039,0.028,0.032,0.036,0.037,0.036,0.047,0.050,0.056,0.045,0.031,0.036,0.037,0.044,0.022,0.046,0.038,0.030,0.045,0.027,0.053,0.029,0.041,0.041,0.034,0.043,0.023,0.030,0.026
"Uruguay","America","URY","Subnat","URYr101","Montevideo and Metropolitan area",0.037,0.036,0.037,0.051,0.041,0.026,0.033,0.035,0.039,0.036,0.042,0.043,0.052,0.042,0.035,0.034,0.037,0.043,0.027,0.045,0.036,0.028,0.044,0.029,0.050,0.024,0.041,0.039,0.035,0.037,0.022,0.033,0.023
"Uruguay","America","URY","Subnat","URYr102","Norte (Artigas, Rivera, Cerro Largo and Trienta y Tres)",0.054,0.048,0.047,0.050,0.049,0.044,0.041,0.050,0.067,0.038,0.049,0.056,0.073,0.046,0.033,0.041,0.037,0.045,0.031,0.043,0.043,0.038,0.042,0.042,0.054,0.049,0.045,0.047,0.038,0.059,0.031,0.037,0.033
"Uzbekistan","Asia/Pacific","UZB","National","UZBt","Total",0.014,0.016,0.016,0.019,0.015,0.011,0.013,0.014,0.019,0.016,0.011,0.012,0.018,0.019,0.016,0.014,0.013,0.013,0.011,0.016,0.015,0.014,0.013,0.013,0.013,0.016,0.015,0.014,0.013,0.015,0.013,0.010,0.015
"Uzbekistan","Asia/Pacific","UZB","Subnat","UZBr102","Central (Navoi, Bukhara, Samarkand)",0.006,0.008,0.008,0.007,0.006,0.004,0.004,0.007,0.008,0.006,0.004,0.005,0.009,0.010,0.007,0.007,0.006,0.006,0.004,0.008,0.005,0.006,0.006,0.006,0.006,0.007,0.006,0.006,0.005,0.007,0.006,0.004,0.006
"Uzbekistan","Asia/Pacific","UZB","Subnat","UZBr104","Central-East (Dzhizak, Syrdarya)",0.015,0.018,0.017,0.020,0.015,0.011,0.013,0.016,0.021,0.016,0.012,0.011,0.021,0.021,0.017,0.013,0.013,0.014,0.012,0.019,0.015,0.015,0.012,0.015,0.014,0.015,0.015,0.014,0.013,0.016,0.015,0.010,0.016
"Uzbekistan","Asia/Pacific","UZB","Subnat","UZBr105","East (Namangan, Fergana, Andizhan)",0.018,0.019,0.018,0.024,0.017,0.013,0.018,0.014,0.024,0.020,0.015,0.016,0.019,0.022,0.019,0.018,0.016,0.016,0.014,0.018,0.021,0.018,0.015,0.015,0.016,0.019,0.020,0.018,0.018,0.017,0.015,0.014,0.018
"Uzbekistan","Asia/Pacific","UZB","Subnat","UZBr103","South (Kashkadarya, Surkhandarya)",0.016,0.020,0.020,0.020,0.016,0.013,0.014,0.018,0.023,0.018,0.010,0.011,0.020,0.021,0.019,0.015,0.014,0.016,0.012,0.021,0.016,0.016,0.017,0.015,0.016,0.018,0.015,0.014,0.015,0.020,0.016,0.010,0.016
"Uzbekistan","Asia/Pacific","UZB","Subnat","UZBr106","Tashkent",0.025,0.026,0.026,0.036,0.028,0.018,0.026,0.024,0.035,0.030,0.022,0.024,0.032,0.033,0.028,0.025,0.025,0.024,0.021,0.029,0.029,0.025,0.022,0.023,0.026,0.028,0.028,0.027,0.024,0.024,0.022,0.020,0.028
"Uzbekistan","Asia/Pacific","UZB","Subnat","UZBr101","West (Karakalpakstan, Khorezm)",0.006,0.005,0.005,0.006,0.006,0.004,0.003,0.005,0.005,0.004,0.004,0.004,0.006,0.007,0.005,0.004,0.005,0.004,0.003,0.004,0.004,0.003,0.004,0.004,0.004,0.007,0.007,0.004,0.004,0.005,0.003,0.003,0.004
"Vanuatu","Asia/Pacific","VUT","National","VUTt","Total",0.061,0.066,0.050,0.044,0.060,0.052,0.074,0.053,0.065,0.100,0.102,0.070,0.083,0.058,0.061,0.065,0.070,0.078,0.086,0.077,0.071,0.098,0.098,0.084,0.071,0.070,0.051,0.076,0.077,0.065,0.090,0.083,0.108
"Vanuatu","Asia/Pacific","VUT","Subnat","VUTr103","Malampa",0.057,0.061,0.047,0.041,0.060,0.046,0.063,0.051,0.058,0.098,0.096,0.061,0.073,0.055,0.054,0.060,0.065,0.078,0.078,0.070,0.070,0.094,0.088,0.081,0.068,0.064,0.048,0.064,0.078,0.061,0.086,0.078,0.109
"Vanuatu","Asia/Pacific","VUT","Subnat","VUTr104","Penama",0.067,0.076,0.057,0.040,0.072,0.052,0.080,0.058,0.067,0.097,0.111,0.071,0.093,0.061,0.065,0.069,0.073,0.081,0.094,0.083,0.075,0.119,0.110,0.090,0.078,0.070,0.052,0.085,0.080,0.074,0.102,0.093,0.111
"Vanuatu","Asia/Pacific","VUT","Subnat","VUTr105","Sanma",0.077,0.092,0.063,0.054,0.072,0.062,0.091,0.065,0.074,0.108,0.112,0.084,0.091,0.072,0.067,0.077,0.089,0.093,0.098,0.101,0.081,0.100,0.118,0.100,0.080,0.078,0.057,0.088,0.092,0.087,0.109,0.100,0.122
"Vanuatu","Asia/Pacific","VUT","Subnat","VUTr102","Shefa",0.051,0.047,0.045,0.047,0.051,0.043,0.058,0.048,0.058,0.090,0.092,0.062,0.074,0.054,0.055,0.050,0.057,0.070,0.074,0.065,0.067,0.082,0.073,0.070,0.064,0.061,0.044,0.068,0.065,0.047,0.071,0.069,0.113
"Vanuatu","Asia/Pacific","VUT","Subnat","VUTr101","Tafea",0.042,0.045,0.034,0.036,0.043,0.037,0.053,0.031,0.055,0.098,0.077,0.054,0.065,0.042,0.045,0.053,0.044,0.060,0.066,0.052,0.052,0.085,0.063,0.062,0.051,0.065,0.042,0.054,0.056,0.037,0.053,0.065,0.093
"Vanuatu","Asia/Pacific","VUT","Subnat","VUTr106","Torba",0.076,0.075,0.052,0.048,0.064,0.070,0.099,0.068,0.075,0.111,0.125,0.084,0.104,0.066,0.081,0.080,0.091,0.085,0.105,0.092,0.080,0.110,0.135,0.100,0.084,0.081,0.062,0.098,0.090,0.087,0.119,0.093,0.103
"Vatican City","Europe","VAT","National","VATt","Total",0.027,0.030,0.030,0.025,0.022,0.025,0.036,0.029,0.028,0.030,0.027,0.021,0.030,0.024,0.034,0.034,0.019,0.022,0.035,0.030,0.040,0.024,0.032,0.035,0.036,0.027,0.028,0.023,0.038,0.035,0.030,0.030,0.022
"Venezuela, RB","America","VEN","National","VENt","Total",0.062,0.057,0.054,0.057,0.054,0.055,0.057,0.048,0.061,0.063,0.056,0.049,0.055,0.057,0.063,0.061,0.059,0.057,0.063,0.051,0.074,0.074,0.062,0.057,0.050,0.047,0.058,0.058,0.053,0.047,0.049,0.056,0.060
"Venezuela, RB","America","VEN","Subnat","VENr110","Amacuros Delta Federal Territory",0.056,0.050,0.043,0.047,0.046,0.042,0.051,0.051,0.052,0.057,0.054,0.044,0.058,0.048,0.055,0.053,0.051,0.055,0.059,0.045,0.060,0.061,0.068,0.058,0.052,0.052,0.049,0.058,0.052,0.048,0.051,0.073,0.075
"Venezuela, RB","America","VEN","Subnat","VENr102","Amazonas Federal Territory",0.114,0.110,0.097,0.113,0.107,0.102,0.113,0.096,0.116,0.119,0.116,0.108,0.112,0.116,0.110,0.105,0.114,0.114,0.117,0.098,0.119,0.117,0.115,0.110,0.114,0.104,0.114,0.114,0.116,0.117,0.105,0.116,0.108
"Venezuela, RB","America","VEN","Subnat","VENr103","Anzoategui",0.038,0.032,0.031,0.036,0.030,0.036,0.039,0.029,0.040,0.042,0.034,0.030,0.030,0.037,0.044,0.040,0.040,0.040,0.044,0.027,0.055,0.049,0.044,0.040,0.033,0.029,0.045,0.042,0.033,0.033,0.038,0.038,0.042
"Venezuela, RB","America","VEN","Subnat","VENr104","Apure",0.079,0.084,0.082,0.083,0.078,0.074,0.075,0.066,0.078,0.073,0.072,0.067,0.074,0.076,0.081,0.068,0.069,0.071,0.075,0.061,0.084,0.078,0.069,0.068,0.064,0.063,0.073,0.062,0.065,0.054,0.052,0.057,0.056
"Venezuela, RB","America","VEN","Subnat","VENr105","Aragua",0.042,0.039,0.041,0.042,0.037,0.040,0.041,0.032,0.044,0.047,0.039,0.037,0.040,0.044,0.049,0.046,0.042,0.040,0.046,0.035,0.054,0.057,0.049,0.042,0.035,0.032,0.045,0.044,0.040,0.035,0.037,0.040,0.046
"Venezuela, RB","America","VEN","Subnat","VENr106","Barinas",0.080,0.078,0.076,0.076,0.068,0.065,0.070,0.059,0.076,0.068,0.064,0.062,0.070,0.072,0.077,0.066,0.071,0.065,0.071,0.058,0.082,0.082,0.068,0.062,0.057,0.055,0.066,0.058,0.057,0.049,0.050,0.053,0.051
"Venezuela, RB","America","VEN","Subnat","VENr107","Bolivar",0.079,0.069,0.062,0.074,0.069,0.070,0.076,0.062,0.079,0.082,0.073,0.064,0.074,0.076,0.080,0.075,0.080,0.082,0.083,0.059,0.095,0.086,0.084,0.080,0.071,0.067,0.083,0.085,0.080,0.078,0.073,0.086,0.088
"Venezuela, RB","America","VEN","Subnat","VENr108","Carabobo",0.059,0.053,0.058,0.052,0.051,0.049,0.056,0.050,0.055,0.058,0.053,0.051,0.057,0.054,0.059,0.057,0.054,0.046,0.058,0.051,0.069,0.073,0.061,0.057,0.054,0.048,0.058,0.057,0.055,0.041,0.044,0.058,0.059
"Venezuela, RB","America","VEN","Subnat","VENr109","Cojedes",0.060,0.057,0.057,0.052,0.051,0.049,0.048,0.045,0.054,0.051,0.044,0.048,0.056,0.054,0.060,0.056,0.053,0.046,0.056,0.044,0.066,0.060,0.055,0.052,0.042,0.038,0.061,0.048,0.049,0.042,0.041,0.042,0.048
"Venezuela, RB","America","VEN","Subnat","VENr111","Falcon",0.037,0.027,0.031,0.032,0.026,0.034,0.031,0.026,0.032,0.039,0.031,0.023,0.028,0.033,0.040,0.044,0.031,0.033,0.041,0.028,0.056,0.051,0.032,0.030,0.025,0.020,0.032,0.034,0.027,0.021,0.030,0.029,0.038
"Venezuela, RB","America","VEN","Subnat","VENr101","Federal District",0.030,0.025,0.023,0.027,0.024,0.037,0.034,0.023,0.038,0.050,0.034,0.027,0.025,0.032,0.041,0.045,0.033,0.037,0.042,0.026,0.056,0.052,0.041,0.033,0.026,0.021,0.035,0.038,0.032,0.024,0.031,0.033,0.045
"Venezuela, RB","America","VEN","Subnat","VENr112","Guarico",0.046,0.045,0.044,0.045,0.042,0.045,0.047,0.037,0.047,0.048,0.043,0.040,0.045,0.049,0.054,0.049,0.047,0.046,0.049,0.037,0.060,0.052,0.049,0.045,0.038,0.038,0.054,0.045,0.043,0.041,0.041,0.037,0.042
"Venezuela, RB","America","VEN","Subnat","VENr113","Lara",0.039,0.029,0.030,0.030,0.027,0.031,0.029,0.024,0.031,0.034,0.028,0.021,0.027,0.029,0.034,0.038,0.032,0.026,0.038,0.028,0.052,0.047,0.033,0.029,0.024,0.021,0.029,0.032,0.027,0.022,0.026,0.028,0.034
"Venezuela, RB","America","VEN","Subnat","VENr114","Merida",0.107,0.097,0.084,0.096,0.097,0.090,0.093,0.079,0.104,0.105,0.090,0.075,0.083,0.090,0.096,0.098,0.097,0.086,0.102,0.091,0.112,0.124,0.095,0.092,0.077,0.076,0.086,0.085,0.080,0.077,0.079,0.087,0.091
"Venezuela, RB","America","VEN","Subnat","VENr115","Miranda",0.052,0.048,0.050,0.049,0.044,0.047,0.053,0.045,0.053,0.057,0.052,0.043,0.048,0.050,0.063,0.059,0.053,0.053,0.058,0.045,0.064,0.069,0.061,0.054,0.047,0.042,0.056,0.058,0.049,0.039,0.043,0.051,0.057
"Venezuela, RB","America","VEN","Subnat","VENr116","Monagas",0.041,0.035,0.033,0.035,0.033,0.033,0.037,0.035,0.040,0.043,0.036,0.031,0.038,0.036,0.045,0.040,0.038,0.042,0.044,0.031,0.051,0.051,0.050,0.041,0.036,0.033,0.041,0.043,0.036,0.034,0.038,0.052,0.050
"Venezuela, RB","America","VEN","Subnat","VENr117","Nueva Esparta",0.009,0.007,0.006,0.007,0.007,0.011,0.011,0.009,0.013,0.020,0.017,0.010,0.009,0.009,0.019,0.017,0.012,0.017,0.020,0.010,0.023,0.023,0.017,0.011,0.009,0.006,0.016,0.013,0.011,0.008,0.011,0.015,0.021
"Venezuela, RB","America","VEN","Subnat","VENr118","Portuguesa",0.069,0.068,0.063,0.060,0.057,0.052,0.057,0.050,0.060,0.054,0.051,0.052,0.060,0.056,0.064,0.053,0.057,0.051,0.061,0.049,0.069,0.064,0.057,0.050,0.047,0.045,0.059,0.050,0.053,0.042,0.043,0.048,0.048
"Venezuela, RB","America","VEN","Subnat","VENr119","Sucre",0.050,0.043,0.041,0.043,0.040,0.045,0.049,0.044,0.054,0.058,0.053,0.043,0.047,0.046,0.059,0.057,0.047,0.053,0.055,0.044,0.064,0.070,0.061,0.050,0.046,0.039,0.051,0.057,0.050,0.043,0.048,0.060,0.067
"Venezuela, RB","America","VEN","Subnat","VENr120","Tachira",0.107,0.104,0.093,0.101,0.101,0.090,0.096,0.080,0.099,0.103,0.096,0.080,0.086,0.095,0.095,0.095,0.105,0.088,0.098,0.093,0.107,0.125,0.096,0.090,0.075,0.078,0.088,0.080,0.079,0.071,0.077,0.082,0.083
"Venezuela, RB","America","VEN","Subnat","VENr121","Trujillo",0.102,0.080,0.077,0.089,0.088,0.091,0.086,0.065,0.097,0.100,0.077,0.068,0.073,0.084,0.088,0.093,0.094,0.086,0.094,0.087,0.119,0.123,0.087,0.081,0.069,0.064,0.079,0.086,0.073,0.064,0.075,0.083,0.090
"Venezuela, RB","America","VEN","Subnat","VENr124","Vargas",0.059,0.051,0.047,0.056,0.049,0.061,0.059,0.047,0.068,0.080,0.058,0.048,0.049,0.056,0.070,0.074,0.063,0.062,0.070,0.052,0.083,0.087,0.072,0.065,0.053,0.047,0.060,0.070,0.060,0.048,0.053,0.062,0.076
"Venezuela, RB","America","VEN","Subnat","VENr122","Yaracuy",0.055,0.049,0.052,0.046,0.046,0.041,0.049,0.044,0.046,0.048,0.047,0.040,0.051,0.044,0.053,0.048,0.046,0.039,0.051,0.046,0.057,0.061,0.053,0.049,0.045,0.043,0.049,0.048,0.048,0.036,0.037,0.049,0.051
"Venezuela, RB","America","VEN","Subnat","VENr123","Zulia",0.085,0.079,0.076,0.083,0.078,0.078,0.079,0.062,0.089,0.083,0.075,0.067,0.069,0.079,0.084,0.088,0.084,0.086,0.082,0.077,0.110,0.104,0.081,0.072,0.061,0.056,0.073,0.075,0.063,0.052,0.064,0.063,0.075
"Viet Nam","Asia/Pacific","VNM","National","VNMt","Total",0.069,0.059,0.061,0.063,0.067,0.063,0.073,0.064,0.064,0.070,0.067,0.064,0.060,0.059,0.053,0.063,0.061,0.069,0.071,0.066,0.070,0.067,0.066,0.072,0.063,0.058,0.066,0.076,0.069,0.058,0.067,0.067,0.073
"Viet Nam","Asia/Pacific","VNM","Subnat","VNMr104","Central Highlands",0.068,0.051,0.057,0.055,0.049,0.053,0.067,0.054,0.062,0.066,0.062,0.053,0.053,0.050,0.042,0.056,0.059,0.072,0.060,0.073,0.062,0.065,0.059,0.068,0.057,0.049,0.062,0.066,0.056,0.052,0.062,0.064,0.067
"Viet Nam","Asia/Pacific","VNM","Subnat","VNMr106","Mekong River Delta",0.054,0.061,0.057,0.069,0.059,0.064,0.076,0.056,0.072,0.082,0.073,0.068,0.055,0.068,0.055,0.064,0.069,0.074,0.075,0.064,0.078,0.068,0.071,0.070,0.064,0.057,0.070,0.081,0.070,0.058,0.066,0.073,0.080
"Viet Nam","Asia/Pacific","VNM","Subnat","VNMr103","North Central Coast and South Central Coast",0.073,0.057,0.066,0.060,0.059,0.068,0.079,0.060,0.067,0.076,0.075,0.066,0.063,0.061,0.055,0.071,0.062,0.078,0.077,0.072,0.078,0.082,0.060,0.080,0.057,0.056,0.074,0.085,0.066,0.059,0.081,0.075,0.078
"Viet Nam","Asia/Pacific","VNM","Subnat","VNMr102","North East, North West",0.079,0.071,0.068,0.070,0.089,0.074,0.074,0.079,0.062,0.063,0.064,0.069,0.073,0.061,0.060,0.065,0.064,0.063,0.077,0.058,0.067,0.057,0.070,0.071,0.071,0.069,0.063,0.077,0.077,0.066,0.070,0.063,0.070
"Viet Nam","Asia/Pacific","VNM","Subnat","VNMr101","Red River Delta",0.066,0.046,0.059,0.052,0.078,0.056,0.070,0.067,0.049,0.053,0.056,0.064,0.057,0.049,0.047,0.056,0.047,0.052,0.060,0.056,0.067,0.057,0.062,0.070,0.059,0.062,0.057,0.070,0.071,0.056,0.063,0.055,0.065
"Viet Nam","Asia/Pacific","VNM","Subnat","VNMr105","South East",0.071,0.065,0.058,0.071,0.067,0.063,0.071,0.065,0.069,0.077,0.072,0.066,0.061,0.066,0.057,0.066,0.068,0.079,0.074,0.073,0.069,0.071,0.077,0.071,0.068,0.056,0.072,0.079,0.076,0.059,0.060,0.070,0.079
"West Bank and Gaza","Asia/Pacific","PSE","National","PSEt","Total",0.009,0.014,0.016,0.009,0.015,0.007,0.011,0.013,0.009,0.005,0.010,0.009,0.013,0.012,0.010,0.009,0.009,0.009,0.008,0.010,0.008,0.011,0.012,0.010,0.009,0.012,0.009,0.006,0.015,0.012,0.013,0.008,0.009
"West Bank and Gaza","Asia/Pacific","PSE","Subnat","PSEr104","Bethlehem, Hebron",0.008,0.011,0.012,0.006,0.011,0.005,0.007,0.010,0.007,0.003,0.007,0.006,0.011,0.008,0.007,0.006,0.007,0.007,0.006,0.007,0.006,0.008,0.008,0.007,0.007,0.010,0.007,0.005,0.012,0.009,0.011,0.005,0.006
"West Bank and Gaza","Asia/Pacific","PSE","Subnat","PSEr106","Deir El-Balah, Khan Yunis, Rafah",0.007,0.011,0.012,0.007,0.011,0.005,0.007,0.008,0.006,0.004,0.008,0.006,0.009,0.007,0.007,0.006,0.007,0.005,0.005,0.006,0.005,0.007,0.007,0.007,0.007,0.010,0.006,0.004,0.010,0.008,0.009,0.005,0.007
"West Bank and Gaza","Asia/Pacific","PSE","Subnat","PSEr101","Jenin, Tubas, Tulkarm, Nablus, Qalqiliya",0.011,0.018,0.020,0.010,0.020,0.010,0.015,0.017,0.013,0.008,0.013,0.011,0.017,0.017,0.013,0.013,0.013,0.013,0.011,0.014,0.011,0.016,0.017,0.013,0.011,0.014,0.014,0.008,0.020,0.017,0.017,0.011,0.011
"West Bank and Gaza","Asia/Pacific","PSE","Subnat","PSEr103","Jerusalem",0.010,0.015,0.017,0.009,0.016,0.007,0.011,0.014,0.010,0.005,0.010,0.009,0.015,0.012,0.010,0.009,0.010,0.010,0.008,0.010,0.008,0.012,0.012,0.010,0.009,0.013,0.009,0.007,0.017,0.013,0.014,0.008,0.009
"West Bank and Gaza","Asia/Pacific","PSE","Subnat","PSEr105","North Gaza, Gaza",0.008,0.015,0.018,0.010,0.014,0.008,0.011,0.013,0.009,0.005,0.011,0.009,0.015,0.012,0.010,0.010,0.008,0.008,0.009,0.010,0.008,0.011,0.012,0.010,0.008,0.011,0.010,0.006,0.013,0.011,0.013,0.008,0.009
"West Bank and Gaza","Asia/Pacific","PSE","Subnat","PSEr102","Salfit, Ramallah, Al-Bireh, Jericho, Al Aghwar",0.010,0.016,0.018,0.009,0.017,0.008,0.012,0.014,0.011,0.007,0.012,0.010,0.015,0.014,0.011,0.011,0.011,0.011,0.009,0.011,0.009,0.013,0.014,0.011,0.009,0.012,0.011,0.007,0.016,0.013,0.015,0.009,0.009
"Yemen, Rep.","Asia/Pacific","YEM","National","YEMt","Total",0.011,0.009,0.013,0.015,0.011,0.014,0.016,0.015,0.016,0.014,0.014,0.015,0.014,0.014,0.012,0.014,0.013,0.012,0.011,0.009,0.017,0.011,0.010,0.012,0.013,0.011,0.015,0.011,0.012,0.014,0.015,0.012,0.010
"Yemen, Rep.","Asia/Pacific","YEM","Subnat","YEMr102","Abyan, Aden (town and countryside), Lahej, Ad Dali (Al Dhalih)",0.009,0.006,0.011,0.011,0.006,0.010,0.015,0.009,0.013,0.010,0.011,0.011,0.010,0.009,0.007,0.010,0.009,0.008,0.008,0.005,0.013,0.008,0.006,0.008,0.009,0.007,0.010,0.006,0.008,0.009,0.011,0.009,0.007
"Yemen, Rep.","Asia/Pacific","YEM","Subnat","YEMr104","Beida (Al Bayda), Dhamar, Raimah",0.011,0.009,0.014,0.016,0.012,0.014,0.017,0.016,0.016,0.014,0.013,0.015,0.014,0.013,0.013,0.015,0.015,0.013,0.011,0.010,0.018,0.012,0.011,0.013,0.013,0.012,0.016,0.012,0.013,0.014,0.016,0.012,0.011
"Yemen, Rep.","Asia/Pacific","YEM","Subnat","YEMr107","Hajja, Sada, Amran (Omran)",0.011,0.008,0.014,0.015,0.013,0.017,0.020,0.020,0.021,0.017,0.019,0.018,0.016,0.017,0.014,0.015,0.013,0.014,0.011,0.009,0.016,0.011,0.010,0.013,0.013,0.012,0.019,0.011,0.012,0.018,0.015,0.012,0.012
"Yemen, Rep.","Asia/Pacific","YEM","Subnat","YEMr108","Hodeida (Al Hudaydah), Mahweit (Al Mahwit)",0.010,0.008,0.014,0.013,0.013,0.016,0.016,0.019,0.018,0.016,0.016,0.017,0.014,0.017,0.013,0.013,0.015,0.012,0.011,0.009,0.015,0.010,0.008,0.012,0.013,0.011,0.016,0.011,0.011,0.015,0.016,0.013,0.011
"Yemen, Rep.","Asia/Pacific","YEM","Subnat","YEMr101","Ibb",0.021,0.020,0.025,0.029,0.022,0.025,0.029,0.027,0.029,0.028,0.027,0.026,0.029,0.024,0.026,0.028,0.027,0.026,0.024,0.021,0.035,0.025,0.023,0.024,0.027,0.023,0.028,0.026,0.026,0.028,0.026,0.022,0.018
"Yemen, Rep.","Asia/Pacific","YEM","Subnat","YEMr106","Jawf, Hadramet, Shabda (Shabwah), Marib, Mohra (Al Mahrah), Socotra",0.002,0.001,0.003,0.003,0.001,0.002,0.003,0.002,0.001,0.001,0.001,0.001,0.002,0.001,0.001,0.001,0.001,0.003,0.002,0.001,0.002,0.001,0.001,0.002,0.001,0.002,0.002,0.001,0.004,0.001,0.004,0.002,0.001
"Yemen, Rep.","Asia/Pacific","YEM","Subnat","YEMr103","Sana a (capital)",0.011,0.008,0.012,0.018,0.013,0.013,0.016,0.015,0.015,0.012,0.011,0.015,0.012,0.013,0.012,0.014,0.013,0.012,0.010,0.007,0.018,0.011,0.011,0.013,0.011,0.010,0.015,0.011,0.013,0.015,0.016,0.010,0.011
"Yemen, Rep.","Asia/Pacific","YEM","Subnat","YEMr105","Taiz",0.011,0.009,0.014,0.015,0.010,0.015,0.014,0.015,0.018,0.015,0.018,0.015,0.014,0.015,0.011,0.014,0.014,0.012,0.009,0.009,0.017,0.012,0.008,0.011,0.014,0.011,0.013,0.011,0.009,0.012,0.013,0.013,0.009
"Zambia","Africa","ZMB","National","ZMBt","Total",0.033,0.034,0.028,0.039,0.031,0.030,0.034,0.039,0.035,0.033,0.040,0.039,0.031,0.035,0.037,0.028,0.037,0.039,0.038,0.038,0.041,0.036,0.037,0.035,0.035,0.034,0.036,0.042,0.037,0.033,0.041,0.035,0.043
"Zambia","Africa","ZMB","Subnat","ZMBr101","Central",0.029,0.032,0.025,0.037,0.028,0.027,0.032,0.035,0.031,0.032,0.040,0.038,0.028,0.034,0.034,0.025,0.034,0.041,0.036,0.037,0.041,0.032,0.035,0.032,0.033,0.032,0.033,0.043,0.034,0.029,0.035,0.034,0.040
"Zambia","Africa","ZMB","Subnat","ZMBr102","Copperbelt",0.035,0.033,0.029,0.043,0.032,0.034,0.035,0.042,0.033,0.036,0.044,0.042,0.036,0.039,0.038,0.029,0.038,0.038,0.036,0.042,0.044,0.036,0.038,0.039,0.040,0.040,0.041,0.044,0.036,0.036,0.042,0.037,0.048
"Zambia","Africa","ZMB","Subnat","ZMBr103","Eastern",0.027,0.031,0.022,0.035,0.025,0.027,0.031,0.042,0.028,0.029,0.039,0.034,0.029,0.033,0.035,0.022,0.034,0.038,0.033,0.036,0.037,0.030,0.034,0.030,0.028,0.027,0.028,0.038,0.035,0.035,0.033,0.034,0.038
"Zambia","Africa","ZMB","Subnat","ZMBr104","Luapula",0.041,0.045,0.037,0.045,0.040,0.041,0.038,0.045,0.047,0.040,0.043,0.044,0.044,0.037,0.043,0.033,0.045,0.040,0.041,0.044,0.042,0.045,0.041,0.041,0.040,0.044,0.043,0.042,0.048,0.046,0.053,0.039,0.053
"Zambia","Africa","ZMB","Subnat","ZMBr105","Lusaka",0.031,0.031,0.026,0.037,0.026,0.028,0.033,0.039,0.033,0.032,0.043,0.043,0.023,0.036,0.037,0.026,0.036,0.044,0.038,0.038,0.049,0.031,0.035,0.031,0.033,0.033,0.034,0.046,0.036,0.026,0.033,0.035,0.037
"Zambia","Africa","ZMB","Subnat","ZMBr107","North-Western",0.041,0.038,0.034,0.047,0.036,0.035,0.039,0.042,0.040,0.040,0.043,0.044,0.038,0.039,0.040,0.033,0.040,0.043,0.041,0.043,0.044,0.042,0.041,0.041,0.041,0.042,0.041,0.044,0.039,0.038,0.049,0.039,0.049
"Zambia","Africa","ZMB","Subnat","ZMBr106","Northern",0.035,0.039,0.032,0.036,0.036,0.034,0.034,0.042,0.039,0.035,0.039,0.038,0.041,0.034,0.040,0.029,0.041,0.037,0.038,0.039,0.037,0.040,0.039,0.038,0.039,0.038,0.038,0.041,0.042,0.044,0.046,0.036,0.049
"Zambia","Africa","ZMB","Subnat","ZMBr108","Southern",0.026,0.028,0.022,0.034,0.024,0.022,0.030,0.031,0.030,0.027,0.035,0.034,0.019,0.032,0.031,0.026,0.031,0.039,0.038,0.032,0.038,0.032,0.031,0.032,0.032,0.024,0.032,0.041,0.031,0.019,0.033,0.029,0.034
"Zambia","Africa","ZMB","Subnat","ZMBr109","Western",0.031,0.031,0.025,0.040,0.028,0.022,0.029,0.033,0.030,0.029,0.034,0.034,0.024,0.029,0.033,0.027,0.032,0.032,0.042,0.033,0.037,0.037,0.035,0.036,0.030,0.026,0.035,0.040,0.032,0.023,0.041,0.031,0.036
"Zimbabwe","Africa","ZWE","National","ZWEt","Total",0.022,0.020,0.017,0.025,0.017,0.018,0.029,0.030,0.025,0.026,0.036,0.031,0.014,0.024,0.027,0.020,0.026,0.030,0.023,0.024,0.027,0.024,0.020,0.027,0.029,0.019,0.023,0.033,0.023,0.021,0.027,0.026,0.026
"Zimbabwe","Africa","ZWE","Subnat","ZWEr110","Bulawayo",0.021,0.018,0.017,0.020,0.012,0.016,0.025,0.018,0.021,0.021,0.032,0.031,0.010,0.020,0.023,0.018,0.024,0.022,0.019,0.024,0.022,0.023,0.016,0.018,0.025,0.014,0.021,0.029,0.016,0.015,0.026,0.022,0.021
"Zimbabwe","Africa","ZWE","Subnat","ZWEr109","Harare",0.027,0.021,0.018,0.026,0.023,0.018,0.034,0.039,0.026,0.030,0.036,0.032,0.016,0.025,0.029,0.024,0.028,0.035,0.025,0.027,0.030,0.028,0.025,0.033,0.031,0.021,0.027,0.041,0.025,0.022,0.025,0.026,0.030
"Zimbabwe","Africa","ZWE","Subnat","ZWEr101","Manicaland",0.027,0.019,0.017,0.027,0.021,0.020,0.030,0.036,0.029,0.030,0.041,0.035,0.017,0.028,0.028,0.022,0.026,0.034,0.023,0.025,0.030,0.027,0.021,0.034,0.034,0.018,0.024,0.033,0.028,0.032,0.029,0.028,0.031
"Zimbabwe","Africa","ZWE","Subnat","ZWEr102","Mashonaland Central",0.024,0.022,0.019,0.026,0.019,0.021,0.033,0.042,0.027,0.029,0.034,0.034,0.017,0.027,0.031,0.020,0.029,0.035,0.028,0.026,0.032,0.024,0.026,0.029,0.028,0.029,0.023,0.034,0.025,0.023,0.027,0.025,0.030
"Zimbabwe","Africa","ZWE","Subnat","ZWEr103","Mashonaland East",0.025,0.018,0.017,0.025,0.019,0.019,0.030,0.037,0.026,0.029,0.035,0.032,0.014,0.024,0.028,0.021,0.025,0.032,0.021,0.024,0.029,0.024,0.022,0.032,0.029,0.020,0.024,0.034,0.024,0.022,0.026,0.024,0.028
"Zimbabwe","Africa","ZWE","Subnat","ZWEr104","Mashonaland West",0.026,0.025,0.020,0.030,0.022,0.020,0.032,0.039,0.029,0.029,0.036,0.034,0.018,0.029,0.032,0.022,0.031,0.034,0.032,0.029,0.035,0.027,0.028,0.029,0.031,0.026,0.028,0.038,0.027,0.020,0.028,0.028,0.031
"Zimbabwe","Africa","ZWE","Subnat","ZWEr108","Masvingo",0.019,0.016,0.015,0.023,0.013,0.017,0.031,0.022,0.026,0.028,0.039,0.031,0.012,0.027,0.022,0.019,0.021,0.028,0.017,0.019,0.022,0.019,0.012,0.025,0.028,0.012,0.022,0.028,0.023,0.022,0.026,0.028,0.021
"Zimbabwe","Africa","ZWE","Subnat","ZWEr105","Matebeleland North",0.019,0.023,0.017,0.025,0.017,0.016,0.026,0.025,0.024,0.021,0.031,0.027,0.014,0.019,0.026,0.020,0.026,0.025,0.028,0.025,0.025,0.024,0.021,0.024,0.030,0.017,0.023,0.033,0.023,0.018,0.028,0.026,0.025
"Zimbabwe","Africa","ZWE","Subnat","ZWEr106","Matebeleland South",0.015,0.014,0.014,0.018,0.010,0.016,0.025,0.016,0.021,0.020,0.033,0.025,0.009,0.018,0.019,0.014,0.019,0.022,0.015,0.018,0.019,0.018,0.012,0.018,0.024,0.010,0.019,0.024,0.017,0.015,0.023,0.023,0.017
"Zimbabwe","Africa","ZWE","Subnat","ZWEr107","Midlands",0.022,0.021,0.018,0.025,0.018,0.019,0.029,0.029,0.026,0.026,0.037,0.032,0.014,0.026,0.028,0.020,0.027,0.029,0.026,0.025,0.027,0.024,0.020,0.024,0.030,0.019,0.024,0.035,0.024,0.018,0.028,0.028,0.025
